{
    "response": {
        "total": "275",
        "dateFormat": "YYYY-MM-DD\"T\"HH24",
        "frequency": "hourly",
        "data": [
            {
                "period": "2023-05-14T00",
                "subba": "ZONA",
                "subba-name": "West - NYIS",
                "parent": "NYIS",
                "parent-name": "New York Independent System Operator",
                "value": "1465",
                "value-units": "megawatthours"
            },
            {
                "period": "2023-05-14T00",
                "subba": "ZONB",
                "subba-name": "Genesee - NYIS",
                "parent": "NYIS",
                "parent-name": "New York Independent System Operator",
                "value": "999",
                "value-units": "megawatthours"
            },
            {
                "period": "2023-05-14T00",
                "subba": "ZONC",
                "subba-name": "Central - NYIS",
                "parent": "NYIS",
                "parent-name": "New York Independent System Operator",
                "value": "1608",
                "value-units": "megawatthours"
            },
            {
                "period": "2023-05-14T00",
                "subba": "ZOND",
                "subba-name": "North - NYIS",
                "parent": "NYIS",
                "parent-name": "New York Independent System Operator",
                "value": "617",
                "value-units": "megawatthours"
            },
            {
                "period": "2023-05-14T00",
                "subba": "ZONE",
                "subba-name": "Mohawk Valley - NYIS",
                "parent": "NYIS",
                "parent-name": "New York Independent System Operator",
                "value": "738",
                "value-units": "megawatthours"
            },
            {
                "period": "2023-05-14T00",
                "subba": "ZONF",
                "subba-name": "Capital - NYIS",
                "parent": "NYIS",
                "parent-name": "New York Independent System Operator",
                "value": "1236",
                "value-units": "megawatthours"
            },
            {
                "period": "2023-05-14T00",
                "subba": "ZONG",
                "subba-name": "Hudson Valley - NYIS",
                "parent": "NYIS",
                "parent-name": "New York Independent System Operator",
                "value": "1179",
                "value-units": "megawatthours"
            },
            {
                "period": "2023-05-14T00",
                "subba": "ZONH",
                "subba-name": "Millwood - NYIS",
                "parent": "NYIS",
                "parent-name": "New York Independent System Operator",
                "value": "328",
                "value-units": "megawatthours"
            },
            {
                "period": "2023-05-14T00",
                "subba": "ZONI",
                "subba-name": "Dunwoodie - NYIS",
                "parent": "NYIS",
                "parent-name": "New York Independent System Operator",
                "value": "695",
                "value-units": "megawatthours"
            },
            {
                "period": "2023-05-14T00",
                "subba": "ZONJ",
                "subba-name": "New York City - NYIS",
                "parent": "NYIS",
                "parent-name": "New York Independent System Operator",
                "value": "5727",
                "value-units": "megawatthours"
            },
            {
                "period": "2023-05-14T00",
                "subba": "ZONK",
                "subba-name": "Long Island - NYIS",
                "parent": "NYIS",
                "parent-name": "New York Independent System Operator",
                "value": "2516",
                "value-units": "megawatthours"
            },
            {
                "period": "2023-05-13T23",
                "subba": "ZONA",
                "subba-name": "West - NYIS",
                "parent": "NYIS",
                "parent-name": "New York Independent System Operator",
                "value": "1460",
                "value-units": "megawatthours"
            },
            {
                "period": "2023-05-13T23",
                "subba": "ZONB",
                "subba-name": "Genesee - NYIS",
                "parent": "NYIS",
                "parent-name": "New York Independent System Operator",
                "value": "950",
                "value-units": "megawatthours"
            },
            {
                "period": "2023-05-13T23",
                "subba": "ZONC",
                "subba-name": "Central - NYIS",
                "parent": "NYIS",
                "parent-name": "New York Independent System Operator",
                "value": "1530",
                "value-units": "megawatthours"
            },
            {
                "period": "2023-05-13T23",
                "subba": "ZOND",
                "subba-name": "North - NYIS",
                "parent": "NYIS",
                "parent-name": "New York Independent System Operator",
                "value": "620",
                "value-units": "megawatthours"
            },
            {
                "period": "2023-05-13T23",
                "subba": "ZONE",
                "subba-name": "Mohawk Valley - NYIS",
                "parent": "NYIS",
                "parent-name": "New York Independent System Operator",
                "value": "689",
                "value-units": "megawatthours"
            },
            {
                "period": "2023-05-13T23",
                "subba": "ZONF",
                "subba-name": "Capital - NYIS",
                "parent": "NYIS",
                "parent-name": "New York Independent System Operator",
                "value": "1220",
                "value-units": "megawatthours"
            },
            {
                "period": "2023-05-13T23",
                "subba": "ZONG",
                "subba-name": "Hudson Valley - NYIS",
                "parent": "NYIS",
                "parent-name": "New York Independent System Operator",
                "value": "1175",
                "value-units": "megawatthours"
            },
            {
                "period": "2023-05-13T23",
                "subba": "ZONH",
                "subba-name": "Millwood - NYIS",
                "parent": "NYIS",
                "parent-name": "New York Independent System Operator",
                "value": "346",
                "value-units": "megawatthours"
            },
            {
                "period": "2023-05-13T23",
                "subba": "ZONI",
                "subba-name": "Dunwoodie - NYIS",
                "parent": "NYIS",
                "parent-name": "New York Independent System Operator",
                "value": "713",
                "value-units": "megawatthours"
            },
            {
                "period": "2023-05-13T23",
                "subba": "ZONJ",
                "subba-name": "New York City - NYIS",
                "parent": "NYIS",
                "parent-name": "New York Independent System Operator",
                "value": "5828",
                "value-units": "megawatthours"
            },
            {
                "period": "2023-05-13T23",
                "subba": "ZONK",
                "subba-name": "Long Island - NYIS",
                "parent": "NYIS",
                "parent-name": "New York Independent System Operator",
                "value": "2552",
                "value-units": "megawatthours"
            },
            {
                "period": "2023-05-13T22",
                "subba": "ZONA",
                "subba-name": "West - NYIS",
                "parent": "NYIS",
                "parent-name": "New York Independent System Operator",
                "value": "1441",
                "value-units": "megawatthours"
            },
            {
                "period": "2023-05-13T22",
                "subba": "ZONB",
                "subba-name": "Genesee - NYIS",
                "parent": "NYIS",
                "parent-name": "New York Independent System Operator",
                "value": "879",
                "value-units": "megawatthours"
            },
            {
                "period": "2023-05-13T22",
                "subba": "ZONC",
                "subba-name": "Central - NYIS",
                "parent": "NYIS",
                "parent-name": "New York Independent System Operator",
                "value": "1394",
                "value-units": "megawatthours"
            },
            {
                "period": "2023-05-13T22",
                "subba": "ZOND",
                "subba-name": "North - NYIS",
                "parent": "NYIS",
                "parent-name": "New York Independent System Operator",
                "value": "619",
                "value-units": "megawatthours"
            },
            {
                "period": "2023-05-13T22",
                "subba": "ZONE",
                "subba-name": "Mohawk Valley - NYIS",
                "parent": "NYIS",
                "parent-name": "New York Independent System Operator",
                "value": "615",
                "value-units": "megawatthours"
            },
            {
                "period": "2023-05-13T22",
                "subba": "ZONF",
                "subba-name": "Capital - NYIS",
                "parent": "NYIS",
                "parent-name": "New York Independent System Operator",
                "value": "1133",
                "value-units": "megawatthours"
            },
            {
                "period": "2023-05-13T22",
                "subba": "ZONG",
                "subba-name": "Hudson Valley - NYIS",
                "parent": "NYIS",
                "parent-name": "New York Independent System Operator",
                "value": "1129",
                "value-units": "megawatthours"
            },
            {
                "period": "2023-05-13T22",
                "subba": "ZONH",
                "subba-name": "Millwood - NYIS",
                "parent": "NYIS",
                "parent-name": "New York Independent System Operator",
                "value": "345",
                "value-units": "megawatthours"
            },
            {
                "period": "2023-05-13T22",
                "subba": "ZONI",
                "subba-name": "Dunwoodie - NYIS",
                "parent": "NYIS",
                "parent-name": "New York Independent System Operator",
                "value": "723",
                "value-units": "megawatthours"
            },
            {
                "period": "2023-05-13T22",
                "subba": "ZONJ",
                "subba-name": "New York City - NYIS",
                "parent": "NYIS",
                "parent-name": "New York Independent System Operator",
                "value": "5922",
                "value-units": "megawatthours"
            },
            {
                "period": "2023-05-13T22",
                "subba": "ZONK",
                "subba-name": "Long Island - NYIS",
                "parent": "NYIS",
                "parent-name": "New York Independent System Operator",
                "value": "2567",
                "value-units": "megawatthours"
            },
            {
                "period": "2023-05-13T21",
                "subba": "ZONA",
                "subba-name": "West - NYIS",
                "parent": "NYIS",
                "parent-name": "New York Independent System Operator",
                "value": "1413",
                "value-units": "megawatthours"
            },
            {
                "period": "2023-05-13T21",
                "subba": "ZONB",
                "subba-name": "Genesee - NYIS",
                "parent": "NYIS",
                "parent-name": "New York Independent System Operator",
                "value": "820",
                "value-units": "megawatthours"
            },
            {
                "period": "2023-05-13T21",
                "subba": "ZONC",
                "subba-name": "Central - NYIS",
                "parent": "NYIS",
                "parent-name": "New York Independent System Operator",
                "value": "1320",
                "value-units": "megawatthours"
            },
            {
                "period": "2023-05-13T21",
                "subba": "ZOND",
                "subba-name": "North - NYIS",
                "parent": "NYIS",
                "parent-name": "New York Independent System Operator",
                "value": "607",
                "value-units": "megawatthours"
            },
            {
                "period": "2023-05-13T21",
                "subba": "ZONE",
                "subba-name": "Mohawk Valley - NYIS",
                "parent": "NYIS",
                "parent-name": "New York Independent System Operator",
                "value": "556",
                "value-units": "megawatthours"
            },
            {
                "period": "2023-05-13T21",
                "subba": "ZONF",
                "subba-name": "Capital - NYIS",
                "parent": "NYIS",
                "parent-name": "New York Independent System Operator",
                "value": "1034",
                "value-units": "megawatthours"
            },
            {
                "period": "2023-05-13T21",
                "subba": "ZONG",
                "subba-name": "Hudson Valley - NYIS",
                "parent": "NYIS",
                "parent-name": "New York Independent System Operator",
                "value": "1052",
                "value-units": "megawatthours"
            },
            {
                "period": "2023-05-13T21",
                "subba": "ZONH",
                "subba-name": "Millwood - NYIS",
                "parent": "NYIS",
                "parent-name": "New York Independent System Operator",
                "value": "337",
                "value-units": "megawatthours"
            },
            {
                "period": "2023-05-13T21",
                "subba": "ZONI",
                "subba-name": "Dunwoodie - NYIS",
                "parent": "NYIS",
                "parent-name": "New York Independent System Operator",
                "value": "721",
                "value-units": "megawatthours"
            },
            {
                "period": "2023-05-13T21",
                "subba": "ZONJ",
                "subba-name": "New York City - NYIS",
                "parent": "NYIS",
                "parent-name": "New York Independent System Operator",
                "value": "5997",
                "value-units": "megawatthours"
            },
            {
                "period": "2023-05-13T21",
                "subba": "ZONK",
                "subba-name": "Long Island - NYIS",
                "parent": "NYIS",
                "parent-name": "New York Independent System Operator",
                "value": "2526",
                "value-units": "megawatthours"
            },
            {
                "period": "2023-05-13T20",
                "subba": "ZONA",
                "subba-name": "West - NYIS",
                "parent": "NYIS",
                "parent-name": "New York Independent System Operator",
                "value": "1382",
                "value-units": "megawatthours"
            },
            {
                "period": "2023-05-13T20",
                "subba": "ZONB",
                "subba-name": "Genesee - NYIS",
                "parent": "NYIS",
                "parent-name": "New York Independent System Operator",
                "value": "761",
                "value-units": "megawatthours"
            },
            {
                "period": "2023-05-13T20",
                "subba": "ZONC",
                "subba-name": "Central - NYIS",
                "parent": "NYIS",
                "parent-name": "New York Independent System Operator",
                "value": "1285",
                "value-units": "megawatthours"
            },
            {
                "period": "2023-05-13T20",
                "subba": "ZOND",
                "subba-name": "North - NYIS",
                "parent": "NYIS",
                "parent-name": "New York Independent System Operator",
                "value": "588",
                "value-units": "megawatthours"
            },
            {
                "period": "2023-05-13T20",
                "subba": "ZONE",
                "subba-name": "Mohawk Valley - NYIS",
                "parent": "NYIS",
                "parent-name": "New York Independent System Operator",
                "value": "522",
                "value-units": "megawatthours"
            },
            {
                "period": "2023-05-13T20",
                "subba": "ZONF",
                "subba-name": "Capital - NYIS",
                "parent": "NYIS",
                "parent-name": "New York Independent System Operator",
                "value": "959",
                "value-units": "megawatthours"
            },
            {
                "period": "2023-05-13T20",
                "subba": "ZONG",
                "subba-name": "Hudson Valley - NYIS",
                "parent": "NYIS",
                "parent-name": "New York Independent System Operator",
                "value": "993",
                "value-units": "megawatthours"
            },
            {
                "period": "2023-05-13T20",
                "subba": "ZONH",
                "subba-name": "Millwood - NYIS",
                "parent": "NYIS",
                "parent-name": "New York Independent System Operator",
                "value": "330",
                "value-units": "megawatthours"
            },
            {
                "period": "2023-05-13T20",
                "subba": "ZONI",
                "subba-name": "Dunwoodie - NYIS",
                "parent": "NYIS",
                "parent-name": "New York Independent System Operator",
                "value": "713",
                "value-units": "megawatthours"
            },
            {
                "period": "2023-05-13T20",
                "subba": "ZONJ",
                "subba-name": "New York City - NYIS",
                "parent": "NYIS",
                "parent-name": "New York Independent System Operator",
                "value": "6001",
                "value-units": "megawatthours"
            },
            {
                "period": "2023-05-13T20",
                "subba": "ZONK",
                "subba-name": "Long Island - NYIS",
                "parent": "NYIS",
                "parent-name": "New York Independent System Operator",
                "value": "2432",
                "value-units": "megawatthours"
            },
            {
                "period": "2023-05-13T19",
                "subba": "ZONA",
                "subba-name": "West - NYIS",
                "parent": "NYIS",
                "parent-name": "New York Independent System Operator",
                "value": "1353",
                "value-units": "megawatthours"
            },
            {
                "period": "2023-05-13T19",
                "subba": "ZONB",
                "subba-name": "Genesee - NYIS",
                "parent": "NYIS",
                "parent-name": "New York Independent System Operator",
                "value": "739",
                "value-units": "megawatthours"
            },
            {
                "period": "2023-05-13T19",
                "subba": "ZONC",
                "subba-name": "Central - NYIS",
                "parent": "NYIS",
                "parent-name": "New York Independent System Operator",
                "value": "1254",
                "value-units": "megawatthours"
            },
            {
                "period": "2023-05-13T19",
                "subba": "ZOND",
                "subba-name": "North - NYIS",
                "parent": "NYIS",
                "parent-name": "New York Independent System Operator",
                "value": "590",
                "value-units": "megawatthours"
            },
            {
                "period": "2023-05-13T19",
                "subba": "ZONE",
                "subba-name": "Mohawk Valley - NYIS",
                "parent": "NYIS",
                "parent-name": "New York Independent System Operator",
                "value": "512",
                "value-units": "megawatthours"
            },
            {
                "period": "2023-05-13T19",
                "subba": "ZONF",
                "subba-name": "Capital - NYIS",
                "parent": "NYIS",
                "parent-name": "New York Independent System Operator",
                "value": "923",
                "value-units": "megawatthours"
            },
            {
                "period": "2023-05-13T19",
                "subba": "ZONG",
                "subba-name": "Hudson Valley - NYIS",
                "parent": "NYIS",
                "parent-name": "New York Independent System Operator",
                "value": "953",
                "value-units": "megawatthours"
            },
            {
                "period": "2023-05-13T19",
                "subba": "ZONH",
                "subba-name": "Millwood - NYIS",
                "parent": "NYIS",
                "parent-name": "New York Independent System Operator",
                "value": "332",
                "value-units": "megawatthours"
            },
            {
                "period": "2023-05-13T19",
                "subba": "ZONI",
                "subba-name": "Dunwoodie - NYIS",
                "parent": "NYIS",
                "parent-name": "New York Independent System Operator",
                "value": "695",
                "value-units": "megawatthours"
            },
            {
                "period": "2023-05-13T19",
                "subba": "ZONJ",
                "subba-name": "New York City - NYIS",
                "parent": "NYIS",
                "parent-name": "New York Independent System Operator",
                "value": "5913",
                "value-units": "megawatthours"
            },
            {
                "period": "2023-05-13T19",
                "subba": "ZONK",
                "subba-name": "Long Island - NYIS",
                "parent": "NYIS",
                "parent-name": "New York Independent System Operator",
                "value": "2321",
                "value-units": "megawatthours"
            },
            {
                "period": "2023-05-13T18",
                "subba": "ZONA",
                "subba-name": "West - NYIS",
                "parent": "NYIS",
                "parent-name": "New York Independent System Operator",
                "value": "1337",
                "value-units": "megawatthours"
            },
            {
                "period": "2023-05-13T18",
                "subba": "ZONB",
                "subba-name": "Genesee - NYIS",
                "parent": "NYIS",
                "parent-name": "New York Independent System Operator",
                "value": "740",
                "value-units": "megawatthours"
            },
            {
                "period": "2023-05-13T18",
                "subba": "ZONC",
                "subba-name": "Central - NYIS",
                "parent": "NYIS",
                "parent-name": "New York Independent System Operator",
                "value": "1246",
                "value-units": "megawatthours"
            },
            {
                "period": "2023-05-13T18",
                "subba": "ZOND",
                "subba-name": "North - NYIS",
                "parent": "NYIS",
                "parent-name": "New York Independent System Operator",
                "value": "589",
                "value-units": "megawatthours"
            },
            {
                "period": "2023-05-13T18",
                "subba": "ZONE",
                "subba-name": "Mohawk Valley - NYIS",
                "parent": "NYIS",
                "parent-name": "New York Independent System Operator",
                "value": "514",
                "value-units": "megawatthours"
            },
            {
                "period": "2023-05-13T18",
                "subba": "ZONF",
                "subba-name": "Capital - NYIS",
                "parent": "NYIS",
                "parent-name": "New York Independent System Operator",
                "value": "897",
                "value-units": "megawatthours"
            },
            {
                "period": "2023-05-13T18",
                "subba": "ZONG",
                "subba-name": "Hudson Valley - NYIS",
                "parent": "NYIS",
                "parent-name": "New York Independent System Operator",
                "value": "912",
                "value-units": "megawatthours"
            },
            {
                "period": "2023-05-13T18",
                "subba": "ZONH",
                "subba-name": "Millwood - NYIS",
                "parent": "NYIS",
                "parent-name": "New York Independent System Operator",
                "value": "321",
                "value-units": "megawatthours"
            },
            {
                "period": "2023-05-13T18",
                "subba": "ZONI",
                "subba-name": "Dunwoodie - NYIS",
                "parent": "NYIS",
                "parent-name": "New York Independent System Operator",
                "value": "676",
                "value-units": "megawatthours"
            },
            {
                "period": "2023-05-13T18",
                "subba": "ZONJ",
                "subba-name": "New York City - NYIS",
                "parent": "NYIS",
                "parent-name": "New York Independent System Operator",
                "value": "5853",
                "value-units": "megawatthours"
            },
            {
                "period": "2023-05-13T18",
                "subba": "ZONK",
                "subba-name": "Long Island - NYIS",
                "parent": "NYIS",
                "parent-name": "New York Independent System Operator",
                "value": "2218",
                "value-units": "megawatthours"
            },
            {
                "period": "2023-05-13T17",
                "subba": "ZONA",
                "subba-name": "West - NYIS",
                "parent": "NYIS",
                "parent-name": "New York Independent System Operator",
                "value": "1336",
                "value-units": "megawatthours"
            },
            {
                "period": "2023-05-13T17",
                "subba": "ZONB",
                "subba-name": "Genesee - NYIS",
                "parent": "NYIS",
                "parent-name": "New York Independent System Operator",
                "value": "737",
                "value-units": "megawatthours"
            },
            {
                "period": "2023-05-13T17",
                "subba": "ZONC",
                "subba-name": "Central - NYIS",
                "parent": "NYIS",
                "parent-name": "New York Independent System Operator",
                "value": "1242",
                "value-units": "megawatthours"
            },
            {
                "period": "2023-05-13T17",
                "subba": "ZOND",
                "subba-name": "North - NYIS",
                "parent": "NYIS",
                "parent-name": "New York Independent System Operator",
                "value": "592",
                "value-units": "megawatthours"
            },
            {
                "period": "2023-05-13T17",
                "subba": "ZONE",
                "subba-name": "Mohawk Valley - NYIS",
                "parent": "NYIS",
                "parent-name": "New York Independent System Operator",
                "value": "512",
                "value-units": "megawatthours"
            },
            {
                "period": "2023-05-13T17",
                "subba": "ZONF",
                "subba-name": "Capital - NYIS",
                "parent": "NYIS",
                "parent-name": "New York Independent System Operator",
                "value": "882",
                "value-units": "megawatthours"
            },
            {
                "period": "2023-05-13T17",
                "subba": "ZONG",
                "subba-name": "Hudson Valley - NYIS",
                "parent": "NYIS",
                "parent-name": "New York Independent System Operator",
                "value": "873",
                "value-units": "megawatthours"
            },
            {
                "period": "2023-05-13T17",
                "subba": "ZONH",
                "subba-name": "Millwood - NYIS",
                "parent": "NYIS",
                "parent-name": "New York Independent System Operator",
                "value": "309",
                "value-units": "megawatthours"
            },
            {
                "period": "2023-05-13T17",
                "subba": "ZONI",
                "subba-name": "Dunwoodie - NYIS",
                "parent": "NYIS",
                "parent-name": "New York Independent System Operator",
                "value": "661",
                "value-units": "megawatthours"
            },
            {
                "period": "2023-05-13T17",
                "subba": "ZONJ",
                "subba-name": "New York City - NYIS",
                "parent": "NYIS",
                "parent-name": "New York Independent System Operator",
                "value": "5826",
                "value-units": "megawatthours"
            },
            {
                "period": "2023-05-13T17",
                "subba": "ZONK",
                "subba-name": "Long Island - NYIS",
                "parent": "NYIS",
                "parent-name": "New York Independent System Operator",
                "value": "2140",
                "value-units": "megawatthours"
            },
            {
                "period": "2023-05-13T16",
                "subba": "ZONA",
                "subba-name": "West - NYIS",
                "parent": "NYIS",
                "parent-name": "New York Independent System Operator",
                "value": "1342",
                "value-units": "megawatthours"
            },
            {
                "period": "2023-05-13T16",
                "subba": "ZONB",
                "subba-name": "Genesee - NYIS",
                "parent": "NYIS",
                "parent-name": "New York Independent System Operator",
                "value": "736",
                "value-units": "megawatthours"
            },
            {
                "period": "2023-05-13T16",
                "subba": "ZONC",
                "subba-name": "Central - NYIS",
                "parent": "NYIS",
                "parent-name": "New York Independent System Operator",
                "value": "1250",
                "value-units": "megawatthours"
            },
            {
                "period": "2023-05-13T16",
                "subba": "ZOND",
                "subba-name": "North - NYIS",
                "parent": "NYIS",
                "parent-name": "New York Independent System Operator",
                "value": "587",
                "value-units": "megawatthours"
            },
            {
                "period": "2023-05-13T16",
                "subba": "ZONE",
                "subba-name": "Mohawk Valley - NYIS",
                "parent": "NYIS",
                "parent-name": "New York Independent System Operator",
                "value": "512",
                "value-units": "megawatthours"
            },
            {
                "period": "2023-05-13T16",
                "subba": "ZONF",
                "subba-name": "Capital - NYIS",
                "parent": "NYIS",
                "parent-name": "New York Independent System Operator",
                "value": "877",
                "value-units": "megawatthours"
            },
            {
                "period": "2023-05-13T16",
                "subba": "ZONG",
                "subba-name": "Hudson Valley - NYIS",
                "parent": "NYIS",
                "parent-name": "New York Independent System Operator",
                "value": "845",
                "value-units": "megawatthours"
            },
            {
                "period": "2023-05-13T16",
                "subba": "ZONH",
                "subba-name": "Millwood - NYIS",
                "parent": "NYIS",
                "parent-name": "New York Independent System Operator",
                "value": "304",
                "value-units": "megawatthours"
            },
            {
                "period": "2023-05-13T16",
                "subba": "ZONI",
                "subba-name": "Dunwoodie - NYIS",
                "parent": "NYIS",
                "parent-name": "New York Independent System Operator",
                "value": "643",
                "value-units": "megawatthours"
            },
            {
                "period": "2023-05-13T16",
                "subba": "ZONJ",
                "subba-name": "New York City - NYIS",
                "parent": "NYIS",
                "parent-name": "New York Independent System Operator",
                "value": "5763",
                "value-units": "megawatthours"
            },
            {
                "period": "2023-05-13T16",
                "subba": "ZONK",
                "subba-name": "Long Island - NYIS",
                "parent": "NYIS",
                "parent-name": "New York Independent System Operator",
                "value": "2079",
                "value-units": "megawatthours"
            },
            {
                "period": "2023-05-13T15",
                "subba": "ZONA",
                "subba-name": "West - NYIS",
                "parent": "NYIS",
                "parent-name": "New York Independent System Operator",
                "value": "1350",
                "value-units": "megawatthours"
            },
            {
                "period": "2023-05-13T15",
                "subba": "ZONB",
                "subba-name": "Genesee - NYIS",
                "parent": "NYIS",
                "parent-name": "New York Independent System Operator",
                "value": "751",
                "value-units": "megawatthours"
            },
            {
                "period": "2023-05-13T15",
                "subba": "ZONC",
                "subba-name": "Central - NYIS",
                "parent": "NYIS",
                "parent-name": "New York Independent System Operator",
                "value": "1262",
                "value-units": "megawatthours"
            },
            {
                "period": "2023-05-13T15",
                "subba": "ZOND",
                "subba-name": "North - NYIS",
                "parent": "NYIS",
                "parent-name": "New York Independent System Operator",
                "value": "583",
                "value-units": "megawatthours"
            },
            {
                "period": "2023-05-13T15",
                "subba": "ZONE",
                "subba-name": "Mohawk Valley - NYIS",
                "parent": "NYIS",
                "parent-name": "New York Independent System Operator",
                "value": "512",
                "value-units": "megawatthours"
            },
            {
                "period": "2023-05-13T15",
                "subba": "ZONF",
                "subba-name": "Capital - NYIS",
                "parent": "NYIS",
                "parent-name": "New York Independent System Operator",
                "value": "883",
                "value-units": "megawatthours"
            },
            {
                "period": "2023-05-13T15",
                "subba": "ZONG",
                "subba-name": "Hudson Valley - NYIS",
                "parent": "NYIS",
                "parent-name": "New York Independent System Operator",
                "value": "814",
                "value-units": "megawatthours"
            },
            {
                "period": "2023-05-13T15",
                "subba": "ZONH",
                "subba-name": "Millwood - NYIS",
                "parent": "NYIS",
                "parent-name": "New York Independent System Operator",
                "value": "291",
                "value-units": "megawatthours"
            },
            {
                "period": "2023-05-13T15",
                "subba": "ZONI",
                "subba-name": "Dunwoodie - NYIS",
                "parent": "NYIS",
                "parent-name": "New York Independent System Operator",
                "value": "626",
                "value-units": "megawatthours"
            },
            {
                "period": "2023-05-13T15",
                "subba": "ZONJ",
                "subba-name": "New York City - NYIS",
                "parent": "NYIS",
                "parent-name": "New York Independent System Operator",
                "value": "5616",
                "value-units": "megawatthours"
            },
            {
                "period": "2023-05-13T15",
                "subba": "ZONK",
                "subba-name": "Long Island - NYIS",
                "parent": "NYIS",
                "parent-name": "New York Independent System Operator",
                "value": "2003",
                "value-units": "megawatthours"
            },
            {
                "period": "2023-05-13T14",
                "subba": "ZONA",
                "subba-name": "West - NYIS",
                "parent": "NYIS",
                "parent-name": "New York Independent System Operator",
                "value": "1353",
                "value-units": "megawatthours"
            },
            {
                "period": "2023-05-13T14",
                "subba": "ZONB",
                "subba-name": "Genesee - NYIS",
                "parent": "NYIS",
                "parent-name": "New York Independent System Operator",
                "value": "766",
                "value-units": "megawatthours"
            },
            {
                "period": "2023-05-13T14",
                "subba": "ZONC",
                "subba-name": "Central - NYIS",
                "parent": "NYIS",
                "parent-name": "New York Independent System Operator",
                "value": "1286",
                "value-units": "megawatthours"
            },
            {
                "period": "2023-05-13T14",
                "subba": "ZOND",
                "subba-name": "North - NYIS",
                "parent": "NYIS",
                "parent-name": "New York Independent System Operator",
                "value": "584",
                "value-units": "megawatthours"
            },
            {
                "period": "2023-05-13T14",
                "subba": "ZONE",
                "subba-name": "Mohawk Valley - NYIS",
                "parent": "NYIS",
                "parent-name": "New York Independent System Operator",
                "value": "515",
                "value-units": "megawatthours"
            },
            {
                "period": "2023-05-13T14",
                "subba": "ZONF",
                "subba-name": "Capital - NYIS",
                "parent": "NYIS",
                "parent-name": "New York Independent System Operator",
                "value": "907",
                "value-units": "megawatthours"
            },
            {
                "period": "2023-05-13T14",
                "subba": "ZONG",
                "subba-name": "Hudson Valley - NYIS",
                "parent": "NYIS",
                "parent-name": "New York Independent System Operator",
                "value": "837",
                "value-units": "megawatthours"
            },
            {
                "period": "2023-05-13T14",
                "subba": "ZONH",
                "subba-name": "Millwood - NYIS",
                "parent": "NYIS",
                "parent-name": "New York Independent System Operator",
                "value": "285",
                "value-units": "megawatthours"
            },
            {
                "period": "2023-05-13T14",
                "subba": "ZONI",
                "subba-name": "Dunwoodie - NYIS",
                "parent": "NYIS",
                "parent-name": "New York Independent System Operator",
                "value": "592",
                "value-units": "megawatthours"
            },
            {
                "period": "2023-05-13T14",
                "subba": "ZONJ",
                "subba-name": "New York City - NYIS",
                "parent": "NYIS",
                "parent-name": "New York Independent System Operator",
                "value": "5418",
                "value-units": "megawatthours"
            },
            {
                "period": "2023-05-13T14",
                "subba": "ZONK",
                "subba-name": "Long Island - NYIS",
                "parent": "NYIS",
                "parent-name": "New York Independent System Operator",
                "value": "1973",
                "value-units": "megawatthours"
            },
            {
                "period": "2023-05-13T13",
                "subba": "ZONA",
                "subba-name": "West - NYIS",
                "parent": "NYIS",
                "parent-name": "New York Independent System Operator",
                "value": "1338",
                "value-units": "megawatthours"
            },
            {
                "period": "2023-05-13T13",
                "subba": "ZONB",
                "subba-name": "Genesee - NYIS",
                "parent": "NYIS",
                "parent-name": "New York Independent System Operator",
                "value": "775",
                "value-units": "megawatthours"
            },
            {
                "period": "2023-05-13T13",
                "subba": "ZONC",
                "subba-name": "Central - NYIS",
                "parent": "NYIS",
                "parent-name": "New York Independent System Operator",
                "value": "1307",
                "value-units": "megawatthours"
            },
            {
                "period": "2023-05-13T13",
                "subba": "ZOND",
                "subba-name": "North - NYIS",
                "parent": "NYIS",
                "parent-name": "New York Independent System Operator",
                "value": "589",
                "value-units": "megawatthours"
            },
            {
                "period": "2023-05-13T13",
                "subba": "ZONE",
                "subba-name": "Mohawk Valley - NYIS",
                "parent": "NYIS",
                "parent-name": "New York Independent System Operator",
                "value": "533",
                "value-units": "megawatthours"
            },
            {
                "period": "2023-05-13T13",
                "subba": "ZONF",
                "subba-name": "Capital - NYIS",
                "parent": "NYIS",
                "parent-name": "New York Independent System Operator",
                "value": "950",
                "value-units": "megawatthours"
            },
            {
                "period": "2023-05-13T13",
                "subba": "ZONG",
                "subba-name": "Hudson Valley - NYIS",
                "parent": "NYIS",
                "parent-name": "New York Independent System Operator",
                "value": "853",
                "value-units": "megawatthours"
            },
            {
                "period": "2023-05-13T13",
                "subba": "ZONH",
                "subba-name": "Millwood - NYIS",
                "parent": "NYIS",
                "parent-name": "New York Independent System Operator",
                "value": "271",
                "value-units": "megawatthours"
            },
            {
                "period": "2023-05-13T13",
                "subba": "ZONI",
                "subba-name": "Dunwoodie - NYIS",
                "parent": "NYIS",
                "parent-name": "New York Independent System Operator",
                "value": "568",
                "value-units": "megawatthours"
            },
            {
                "period": "2023-05-13T13",
                "subba": "ZONJ",
                "subba-name": "New York City - NYIS",
                "parent": "NYIS",
                "parent-name": "New York Independent System Operator",
                "value": "5178",
                "value-units": "megawatthours"
            },
            {
                "period": "2023-05-13T13",
                "subba": "ZONK",
                "subba-name": "Long Island - NYIS",
                "parent": "NYIS",
                "parent-name": "New York Independent System Operator",
                "value": "1918",
                "value-units": "megawatthours"
            },
            {
                "period": "2023-05-13T12",
                "subba": "ZONA",
                "subba-name": "West - NYIS",
                "parent": "NYIS",
                "parent-name": "New York Independent System Operator",
                "value": "1290",
                "value-units": "megawatthours"
            },
            {
                "period": "2023-05-13T12",
                "subba": "ZONB",
                "subba-name": "Genesee - NYIS",
                "parent": "NYIS",
                "parent-name": "New York Independent System Operator",
                "value": "795",
                "value-units": "megawatthours"
            },
            {
                "period": "2023-05-13T12",
                "subba": "ZONC",
                "subba-name": "Central - NYIS",
                "parent": "NYIS",
                "parent-name": "New York Independent System Operator",
                "value": "1307",
                "value-units": "megawatthours"
            },
            {
                "period": "2023-05-13T12",
                "subba": "ZOND",
                "subba-name": "North - NYIS",
                "parent": "NYIS",
                "parent-name": "New York Independent System Operator",
                "value": "583",
                "value-units": "megawatthours"
            },
            {
                "period": "2023-05-13T12",
                "subba": "ZONE",
                "subba-name": "Mohawk Valley - NYIS",
                "parent": "NYIS",
                "parent-name": "New York Independent System Operator",
                "value": "575",
                "value-units": "megawatthours"
            },
            {
                "period": "2023-05-13T12",
                "subba": "ZONF",
                "subba-name": "Capital - NYIS",
                "parent": "NYIS",
                "parent-name": "New York Independent System Operator",
                "value": "967",
                "value-units": "megawatthours"
            },
            {
                "period": "2023-05-13T12",
                "subba": "ZONG",
                "subba-name": "Hudson Valley - NYIS",
                "parent": "NYIS",
                "parent-name": "New York Independent System Operator",
                "value": "845",
                "value-units": "megawatthours"
            },
            {
                "period": "2023-05-13T12",
                "subba": "ZONH",
                "subba-name": "Millwood - NYIS",
                "parent": "NYIS",
                "parent-name": "New York Independent System Operator",
                "value": "242",
                "value-units": "megawatthours"
            },
            {
                "period": "2023-05-13T12",
                "subba": "ZONI",
                "subba-name": "Dunwoodie - NYIS",
                "parent": "NYIS",
                "parent-name": "New York Independent System Operator",
                "value": "530",
                "value-units": "megawatthours"
            },
            {
                "period": "2023-05-13T12",
                "subba": "ZONJ",
                "subba-name": "New York City - NYIS",
                "parent": "NYIS",
                "parent-name": "New York Independent System Operator",
                "value": "4925",
                "value-units": "megawatthours"
            },
            {
                "period": "2023-05-13T12",
                "subba": "ZONK",
                "subba-name": "Long Island - NYIS",
                "parent": "NYIS",
                "parent-name": "New York Independent System Operator",
                "value": "1792",
                "value-units": "megawatthours"
            },
            {
                "period": "2023-05-13T11",
                "subba": "ZONA",
                "subba-name": "West - NYIS",
                "parent": "NYIS",
                "parent-name": "New York Independent System Operator",
                "value": "1256",
                "value-units": "megawatthours"
            },
            {
                "period": "2023-05-13T11",
                "subba": "ZONB",
                "subba-name": "Genesee - NYIS",
                "parent": "NYIS",
                "parent-name": "New York Independent System Operator",
                "value": "795",
                "value-units": "megawatthours"
            },
            {
                "period": "2023-05-13T11",
                "subba": "ZONC",
                "subba-name": "Central - NYIS",
                "parent": "NYIS",
                "parent-name": "New York Independent System Operator",
                "value": "1318",
                "value-units": "megawatthours"
            },
            {
                "period": "2023-05-13T11",
                "subba": "ZOND",
                "subba-name": "North - NYIS",
                "parent": "NYIS",
                "parent-name": "New York Independent System Operator",
                "value": "575",
                "value-units": "megawatthours"
            },
            {
                "period": "2023-05-13T11",
                "subba": "ZONE",
                "subba-name": "Mohawk Valley - NYIS",
                "parent": "NYIS",
                "parent-name": "New York Independent System Operator",
                "value": "605",
                "value-units": "megawatthours"
            },
            {
                "period": "2023-05-13T11",
                "subba": "ZONF",
                "subba-name": "Capital - NYIS",
                "parent": "NYIS",
                "parent-name": "New York Independent System Operator",
                "value": "954",
                "value-units": "megawatthours"
            },
            {
                "period": "2023-05-13T11",
                "subba": "ZONG",
                "subba-name": "Hudson Valley - NYIS",
                "parent": "NYIS",
                "parent-name": "New York Independent System Operator",
                "value": "836",
                "value-units": "megawatthours"
            },
            {
                "period": "2023-05-13T11",
                "subba": "ZONH",
                "subba-name": "Millwood - NYIS",
                "parent": "NYIS",
                "parent-name": "New York Independent System Operator",
                "value": "226",
                "value-units": "megawatthours"
            },
            {
                "period": "2023-05-13T11",
                "subba": "ZONI",
                "subba-name": "Dunwoodie - NYIS",
                "parent": "NYIS",
                "parent-name": "New York Independent System Operator",
                "value": "506",
                "value-units": "megawatthours"
            },
            {
                "period": "2023-05-13T11",
                "subba": "ZONJ",
                "subba-name": "New York City - NYIS",
                "parent": "NYIS",
                "parent-name": "New York Independent System Operator",
                "value": "4704",
                "value-units": "megawatthours"
            },
            {
                "period": "2023-05-13T11",
                "subba": "ZONK",
                "subba-name": "Long Island - NYIS",
                "parent": "NYIS",
                "parent-name": "New York Independent System Operator",
                "value": "1712",
                "value-units": "megawatthours"
            },
            {
                "period": "2023-05-13T10",
                "subba": "ZONA",
                "subba-name": "West - NYIS",
                "parent": "NYIS",
                "parent-name": "New York Independent System Operator",
                "value": "1236",
                "value-units": "megawatthours"
            },
            {
                "period": "2023-05-13T10",
                "subba": "ZONB",
                "subba-name": "Genesee - NYIS",
                "parent": "NYIS",
                "parent-name": "New York Independent System Operator",
                "value": "793",
                "value-units": "megawatthours"
            },
            {
                "period": "2023-05-13T10",
                "subba": "ZONC",
                "subba-name": "Central - NYIS",
                "parent": "NYIS",
                "parent-name": "New York Independent System Operator",
                "value": "1281",
                "value-units": "megawatthours"
            },
            {
                "period": "2023-05-13T10",
                "subba": "ZOND",
                "subba-name": "North - NYIS",
                "parent": "NYIS",
                "parent-name": "New York Independent System Operator",
                "value": "567",
                "value-units": "megawatthours"
            },
            {
                "period": "2023-05-13T10",
                "subba": "ZONE",
                "subba-name": "Mohawk Valley - NYIS",
                "parent": "NYIS",
                "parent-name": "New York Independent System Operator",
                "value": "598",
                "value-units": "megawatthours"
            },
            {
                "period": "2023-05-13T10",
                "subba": "ZONF",
                "subba-name": "Capital - NYIS",
                "parent": "NYIS",
                "parent-name": "New York Independent System Operator",
                "value": "943",
                "value-units": "megawatthours"
            },
            {
                "period": "2023-05-13T10",
                "subba": "ZONG",
                "subba-name": "Hudson Valley - NYIS",
                "parent": "NYIS",
                "parent-name": "New York Independent System Operator",
                "value": "833",
                "value-units": "megawatthours"
            },
            {
                "period": "2023-05-13T10",
                "subba": "ZONH",
                "subba-name": "Millwood - NYIS",
                "parent": "NYIS",
                "parent-name": "New York Independent System Operator",
                "value": "221",
                "value-units": "megawatthours"
            },
            {
                "period": "2023-05-13T10",
                "subba": "ZONI",
                "subba-name": "Dunwoodie - NYIS",
                "parent": "NYIS",
                "parent-name": "New York Independent System Operator",
                "value": "499",
                "value-units": "megawatthours"
            },
            {
                "period": "2023-05-13T10",
                "subba": "ZONJ",
                "subba-name": "New York City - NYIS",
                "parent": "NYIS",
                "parent-name": "New York Independent System Operator",
                "value": "4595",
                "value-units": "megawatthours"
            },
            {
                "period": "2023-05-13T10",
                "subba": "ZONK",
                "subba-name": "Long Island - NYIS",
                "parent": "NYIS",
                "parent-name": "New York Independent System Operator",
                "value": "1681",
                "value-units": "megawatthours"
            },
            {
                "period": "2023-05-13T09",
                "subba": "ZONA",
                "subba-name": "West - NYIS",
                "parent": "NYIS",
                "parent-name": "New York Independent System Operator",
                "value": "1225",
                "value-units": "megawatthours"
            },
            {
                "period": "2023-05-13T09",
                "subba": "ZONB",
                "subba-name": "Genesee - NYIS",
                "parent": "NYIS",
                "parent-name": "New York Independent System Operator",
                "value": "789",
                "value-units": "megawatthours"
            },
            {
                "period": "2023-05-13T09",
                "subba": "ZONC",
                "subba-name": "Central - NYIS",
                "parent": "NYIS",
                "parent-name": "New York Independent System Operator",
                "value": "1271",
                "value-units": "megawatthours"
            },
            {
                "period": "2023-05-13T09",
                "subba": "ZOND",
                "subba-name": "North - NYIS",
                "parent": "NYIS",
                "parent-name": "New York Independent System Operator",
                "value": "565",
                "value-units": "megawatthours"
            },
            {
                "period": "2023-05-13T09",
                "subba": "ZONE",
                "subba-name": "Mohawk Valley - NYIS",
                "parent": "NYIS",
                "parent-name": "New York Independent System Operator",
                "value": "586",
                "value-units": "megawatthours"
            },
            {
                "period": "2023-05-13T09",
                "subba": "ZONF",
                "subba-name": "Capital - NYIS",
                "parent": "NYIS",
                "parent-name": "New York Independent System Operator",
                "value": "934",
                "value-units": "megawatthours"
            },
            {
                "period": "2023-05-13T09",
                "subba": "ZONG",
                "subba-name": "Hudson Valley - NYIS",
                "parent": "NYIS",
                "parent-name": "New York Independent System Operator",
                "value": "825",
                "value-units": "megawatthours"
            },
            {
                "period": "2023-05-13T09",
                "subba": "ZONH",
                "subba-name": "Millwood - NYIS",
                "parent": "NYIS",
                "parent-name": "New York Independent System Operator",
                "value": "221",
                "value-units": "megawatthours"
            },
            {
                "period": "2023-05-13T09",
                "subba": "ZONI",
                "subba-name": "Dunwoodie - NYIS",
                "parent": "NYIS",
                "parent-name": "New York Independent System Operator",
                "value": "497",
                "value-units": "megawatthours"
            },
            {
                "period": "2023-05-13T09",
                "subba": "ZONJ",
                "subba-name": "New York City - NYIS",
                "parent": "NYIS",
                "parent-name": "New York Independent System Operator",
                "value": "4570",
                "value-units": "megawatthours"
            },
            {
                "period": "2023-05-13T09",
                "subba": "ZONK",
                "subba-name": "Long Island - NYIS",
                "parent": "NYIS",
                "parent-name": "New York Independent System Operator",
                "value": "1664",
                "value-units": "megawatthours"
            },
            {
                "period": "2023-05-13T08",
                "subba": "ZONA",
                "subba-name": "West - NYIS",
                "parent": "NYIS",
                "parent-name": "New York Independent System Operator",
                "value": "1223",
                "value-units": "megawatthours"
            },
            {
                "period": "2023-05-13T08",
                "subba": "ZONB",
                "subba-name": "Genesee - NYIS",
                "parent": "NYIS",
                "parent-name": "New York Independent System Operator",
                "value": "797",
                "value-units": "megawatthours"
            },
            {
                "period": "2023-05-13T08",
                "subba": "ZONC",
                "subba-name": "Central - NYIS",
                "parent": "NYIS",
                "parent-name": "New York Independent System Operator",
                "value": "1293",
                "value-units": "megawatthours"
            },
            {
                "period": "2023-05-13T08",
                "subba": "ZOND",
                "subba-name": "North - NYIS",
                "parent": "NYIS",
                "parent-name": "New York Independent System Operator",
                "value": "580",
                "value-units": "megawatthours"
            },
            {
                "period": "2023-05-13T08",
                "subba": "ZONE",
                "subba-name": "Mohawk Valley - NYIS",
                "parent": "NYIS",
                "parent-name": "New York Independent System Operator",
                "value": "587",
                "value-units": "megawatthours"
            },
            {
                "period": "2023-05-13T08",
                "subba": "ZONF",
                "subba-name": "Capital - NYIS",
                "parent": "NYIS",
                "parent-name": "New York Independent System Operator",
                "value": "939",
                "value-units": "megawatthours"
            },
            {
                "period": "2023-05-13T08",
                "subba": "ZONG",
                "subba-name": "Hudson Valley - NYIS",
                "parent": "NYIS",
                "parent-name": "New York Independent System Operator",
                "value": "835",
                "value-units": "megawatthours"
            },
            {
                "period": "2023-05-13T08",
                "subba": "ZONH",
                "subba-name": "Millwood - NYIS",
                "parent": "NYIS",
                "parent-name": "New York Independent System Operator",
                "value": "222",
                "value-units": "megawatthours"
            },
            {
                "period": "2023-05-13T08",
                "subba": "ZONI",
                "subba-name": "Dunwoodie - NYIS",
                "parent": "NYIS",
                "parent-name": "New York Independent System Operator",
                "value": "507",
                "value-units": "megawatthours"
            },
            {
                "period": "2023-05-13T08",
                "subba": "ZONJ",
                "subba-name": "New York City - NYIS",
                "parent": "NYIS",
                "parent-name": "New York Independent System Operator",
                "value": "4639",
                "value-units": "megawatthours"
            },
            {
                "period": "2023-05-13T08",
                "subba": "ZONK",
                "subba-name": "Long Island - NYIS",
                "parent": "NYIS",
                "parent-name": "New York Independent System Operator",
                "value": "1684",
                "value-units": "megawatthours"
            },
            {
                "period": "2023-05-13T07",
                "subba": "ZONA",
                "subba-name": "West - NYIS",
                "parent": "NYIS",
                "parent-name": "New York Independent System Operator",
                "value": "1245",
                "value-units": "megawatthours"
            },
            {
                "period": "2023-05-13T07",
                "subba": "ZONB",
                "subba-name": "Genesee - NYIS",
                "parent": "NYIS",
                "parent-name": "New York Independent System Operator",
                "value": "815",
                "value-units": "megawatthours"
            },
            {
                "period": "2023-05-13T07",
                "subba": "ZONC",
                "subba-name": "Central - NYIS",
                "parent": "NYIS",
                "parent-name": "New York Independent System Operator",
                "value": "1324",
                "value-units": "megawatthours"
            },
            {
                "period": "2023-05-13T07",
                "subba": "ZOND",
                "subba-name": "North - NYIS",
                "parent": "NYIS",
                "parent-name": "New York Independent System Operator",
                "value": "585",
                "value-units": "megawatthours"
            },
            {
                "period": "2023-05-13T07",
                "subba": "ZONE",
                "subba-name": "Mohawk Valley - NYIS",
                "parent": "NYIS",
                "parent-name": "New York Independent System Operator",
                "value": "602",
                "value-units": "megawatthours"
            },
            {
                "period": "2023-05-13T07",
                "subba": "ZONF",
                "subba-name": "Capital - NYIS",
                "parent": "NYIS",
                "parent-name": "New York Independent System Operator",
                "value": "948",
                "value-units": "megawatthours"
            },
            {
                "period": "2023-05-13T07",
                "subba": "ZONG",
                "subba-name": "Hudson Valley - NYIS",
                "parent": "NYIS",
                "parent-name": "New York Independent System Operator",
                "value": "852",
                "value-units": "megawatthours"
            },
            {
                "period": "2023-05-13T07",
                "subba": "ZONH",
                "subba-name": "Millwood - NYIS",
                "parent": "NYIS",
                "parent-name": "New York Independent System Operator",
                "value": "230",
                "value-units": "megawatthours"
            },
            {
                "period": "2023-05-13T07",
                "subba": "ZONI",
                "subba-name": "Dunwoodie - NYIS",
                "parent": "NYIS",
                "parent-name": "New York Independent System Operator",
                "value": "524",
                "value-units": "megawatthours"
            },
            {
                "period": "2023-05-13T07",
                "subba": "ZONJ",
                "subba-name": "New York City - NYIS",
                "parent": "NYIS",
                "parent-name": "New York Independent System Operator",
                "value": "4769",
                "value-units": "megawatthours"
            },
            {
                "period": "2023-05-13T07",
                "subba": "ZONK",
                "subba-name": "Long Island - NYIS",
                "parent": "NYIS",
                "parent-name": "New York Independent System Operator",
                "value": "1728",
                "value-units": "megawatthours"
            },
            {
                "period": "2023-05-13T06",
                "subba": "ZONA",
                "subba-name": "West - NYIS",
                "parent": "NYIS",
                "parent-name": "New York Independent System Operator",
                "value": "1273",
                "value-units": "megawatthours"
            },
            {
                "period": "2023-05-13T06",
                "subba": "ZONB",
                "subba-name": "Genesee - NYIS",
                "parent": "NYIS",
                "parent-name": "New York Independent System Operator",
                "value": "844",
                "value-units": "megawatthours"
            },
            {
                "period": "2023-05-13T06",
                "subba": "ZONC",
                "subba-name": "Central - NYIS",
                "parent": "NYIS",
                "parent-name": "New York Independent System Operator",
                "value": "1362",
                "value-units": "megawatthours"
            },
            {
                "period": "2023-05-13T06",
                "subba": "ZOND",
                "subba-name": "North - NYIS",
                "parent": "NYIS",
                "parent-name": "New York Independent System Operator",
                "value": "588",
                "value-units": "megawatthours"
            },
            {
                "period": "2023-05-13T06",
                "subba": "ZONE",
                "subba-name": "Mohawk Valley - NYIS",
                "parent": "NYIS",
                "parent-name": "New York Independent System Operator",
                "value": "617",
                "value-units": "megawatthours"
            },
            {
                "period": "2023-05-13T06",
                "subba": "ZONF",
                "subba-name": "Capital - NYIS",
                "parent": "NYIS",
                "parent-name": "New York Independent System Operator",
                "value": "978",
                "value-units": "megawatthours"
            },
            {
                "period": "2023-05-13T06",
                "subba": "ZONG",
                "subba-name": "Hudson Valley - NYIS",
                "parent": "NYIS",
                "parent-name": "New York Independent System Operator",
                "value": "888",
                "value-units": "megawatthours"
            },
            {
                "period": "2023-05-13T06",
                "subba": "ZONH",
                "subba-name": "Millwood - NYIS",
                "parent": "NYIS",
                "parent-name": "New York Independent System Operator",
                "value": "239",
                "value-units": "megawatthours"
            },
            {
                "period": "2023-05-13T06",
                "subba": "ZONI",
                "subba-name": "Dunwoodie - NYIS",
                "parent": "NYIS",
                "parent-name": "New York Independent System Operator",
                "value": "551",
                "value-units": "megawatthours"
            },
            {
                "period": "2023-05-13T06",
                "subba": "ZONJ",
                "subba-name": "New York City - NYIS",
                "parent": "NYIS",
                "parent-name": "New York Independent System Operator",
                "value": "4948",
                "value-units": "megawatthours"
            },
            {
                "period": "2023-05-13T06",
                "subba": "ZONK",
                "subba-name": "Long Island - NYIS",
                "parent": "NYIS",
                "parent-name": "New York Independent System Operator",
                "value": "1800",
                "value-units": "megawatthours"
            },
            {
                "period": "2023-05-13T05",
                "subba": "ZONA",
                "subba-name": "West - NYIS",
                "parent": "NYIS",
                "parent-name": "New York Independent System Operator",
                "value": "1320",
                "value-units": "megawatthours"
            },
            {
                "period": "2023-05-13T05",
                "subba": "ZONB",
                "subba-name": "Genesee - NYIS",
                "parent": "NYIS",
                "parent-name": "New York Independent System Operator",
                "value": "888",
                "value-units": "megawatthours"
            },
            {
                "period": "2023-05-13T05",
                "subba": "ZONC",
                "subba-name": "Central - NYIS",
                "parent": "NYIS",
                "parent-name": "New York Independent System Operator",
                "value": "1414",
                "value-units": "megawatthours"
            },
            {
                "period": "2023-05-13T05",
                "subba": "ZOND",
                "subba-name": "North - NYIS",
                "parent": "NYIS",
                "parent-name": "New York Independent System Operator",
                "value": "584",
                "value-units": "megawatthours"
            },
            {
                "period": "2023-05-13T05",
                "subba": "ZONE",
                "subba-name": "Mohawk Valley - NYIS",
                "parent": "NYIS",
                "parent-name": "New York Independent System Operator",
                "value": "637",
                "value-units": "megawatthours"
            },
            {
                "period": "2023-05-13T05",
                "subba": "ZONF",
                "subba-name": "Capital - NYIS",
                "parent": "NYIS",
                "parent-name": "New York Independent System Operator",
                "value": "1017",
                "value-units": "megawatthours"
            },
            {
                "period": "2023-05-13T05",
                "subba": "ZONG",
                "subba-name": "Hudson Valley - NYIS",
                "parent": "NYIS",
                "parent-name": "New York Independent System Operator",
                "value": "938",
                "value-units": "megawatthours"
            },
            {
                "period": "2023-05-13T05",
                "subba": "ZONH",
                "subba-name": "Millwood - NYIS",
                "parent": "NYIS",
                "parent-name": "New York Independent System Operator",
                "value": "255",
                "value-units": "megawatthours"
            },
            {
                "period": "2023-05-13T05",
                "subba": "ZONI",
                "subba-name": "Dunwoodie - NYIS",
                "parent": "NYIS",
                "parent-name": "New York Independent System Operator",
                "value": "580",
                "value-units": "megawatthours"
            },
            {
                "period": "2023-05-13T05",
                "subba": "ZONJ",
                "subba-name": "New York City - NYIS",
                "parent": "NYIS",
                "parent-name": "New York Independent System Operator",
                "value": "5179",
                "value-units": "megawatthours"
            },
            {
                "period": "2023-05-13T05",
                "subba": "ZONK",
                "subba-name": "Long Island - NYIS",
                "parent": "NYIS",
                "parent-name": "New York Independent System Operator",
                "value": "1920",
                "value-units": "megawatthours"
            },
            {
                "period": "2023-05-13T04",
                "subba": "ZONA",
                "subba-name": "West - NYIS",
                "parent": "NYIS",
                "parent-name": "New York Independent System Operator",
                "value": "1395",
                "value-units": "megawatthours"
            },
            {
                "period": "2023-05-13T04",
                "subba": "ZONB",
                "subba-name": "Genesee - NYIS",
                "parent": "NYIS",
                "parent-name": "New York Independent System Operator",
                "value": "950",
                "value-units": "megawatthours"
            },
            {
                "period": "2023-05-13T04",
                "subba": "ZONC",
                "subba-name": "Central - NYIS",
                "parent": "NYIS",
                "parent-name": "New York Independent System Operator",
                "value": "1495",
                "value-units": "megawatthours"
            },
            {
                "period": "2023-05-13T04",
                "subba": "ZOND",
                "subba-name": "North - NYIS",
                "parent": "NYIS",
                "parent-name": "New York Independent System Operator",
                "value": "596",
                "value-units": "megawatthours"
            },
            {
                "period": "2023-05-13T04",
                "subba": "ZONE",
                "subba-name": "Mohawk Valley - NYIS",
                "parent": "NYIS",
                "parent-name": "New York Independent System Operator",
                "value": "679",
                "value-units": "megawatthours"
            },
            {
                "period": "2023-05-13T04",
                "subba": "ZONF",
                "subba-name": "Capital - NYIS",
                "parent": "NYIS",
                "parent-name": "New York Independent System Operator",
                "value": "1086",
                "value-units": "megawatthours"
            },
            {
                "period": "2023-05-13T04",
                "subba": "ZONG",
                "subba-name": "Hudson Valley - NYIS",
                "parent": "NYIS",
                "parent-name": "New York Independent System Operator",
                "value": "1013",
                "value-units": "megawatthours"
            },
            {
                "period": "2023-05-13T04",
                "subba": "ZONH",
                "subba-name": "Millwood - NYIS",
                "parent": "NYIS",
                "parent-name": "New York Independent System Operator",
                "value": "272",
                "value-units": "megawatthours"
            },
            {
                "period": "2023-05-13T04",
                "subba": "ZONI",
                "subba-name": "Dunwoodie - NYIS",
                "parent": "NYIS",
                "parent-name": "New York Independent System Operator",
                "value": "613",
                "value-units": "megawatthours"
            },
            {
                "period": "2023-05-13T04",
                "subba": "ZONJ",
                "subba-name": "New York City - NYIS",
                "parent": "NYIS",
                "parent-name": "New York Independent System Operator",
                "value": "5490",
                "value-units": "megawatthours"
            },
            {
                "period": "2023-05-13T04",
                "subba": "ZONK",
                "subba-name": "Long Island - NYIS",
                "parent": "NYIS",
                "parent-name": "New York Independent System Operator",
                "value": "2064",
                "value-units": "megawatthours"
            },
            {
                "period": "2023-05-13T03",
                "subba": "ZONA",
                "subba-name": "West - NYIS",
                "parent": "NYIS",
                "parent-name": "New York Independent System Operator",
                "value": "1474",
                "value-units": "megawatthours"
            },
            {
                "period": "2023-05-13T03",
                "subba": "ZONB",
                "subba-name": "Genesee - NYIS",
                "parent": "NYIS",
                "parent-name": "New York Independent System Operator",
                "value": "1021",
                "value-units": "megawatthours"
            },
            {
                "period": "2023-05-13T03",
                "subba": "ZONC",
                "subba-name": "Central - NYIS",
                "parent": "NYIS",
                "parent-name": "New York Independent System Operator",
                "value": "1596",
                "value-units": "megawatthours"
            },
            {
                "period": "2023-05-13T03",
                "subba": "ZOND",
                "subba-name": "North - NYIS",
                "parent": "NYIS",
                "parent-name": "New York Independent System Operator",
                "value": "616",
                "value-units": "megawatthours"
            },
            {
                "period": "2023-05-13T03",
                "subba": "ZONE",
                "subba-name": "Mohawk Valley - NYIS",
                "parent": "NYIS",
                "parent-name": "New York Independent System Operator",
                "value": "741",
                "value-units": "megawatthours"
            },
            {
                "period": "2023-05-13T03",
                "subba": "ZONF",
                "subba-name": "Capital - NYIS",
                "parent": "NYIS",
                "parent-name": "New York Independent System Operator",
                "value": "1181",
                "value-units": "megawatthours"
            },
            {
                "period": "2023-05-13T03",
                "subba": "ZONG",
                "subba-name": "Hudson Valley - NYIS",
                "parent": "NYIS",
                "parent-name": "New York Independent System Operator",
                "value": "1112",
                "value-units": "megawatthours"
            },
            {
                "period": "2023-05-13T03",
                "subba": "ZONH",
                "subba-name": "Millwood - NYIS",
                "parent": "NYIS",
                "parent-name": "New York Independent System Operator",
                "value": "296",
                "value-units": "megawatthours"
            },
            {
                "period": "2023-05-13T03",
                "subba": "ZONI",
                "subba-name": "Dunwoodie - NYIS",
                "parent": "NYIS",
                "parent-name": "New York Independent System Operator",
                "value": "669",
                "value-units": "megawatthours"
            },
            {
                "period": "2023-05-13T03",
                "subba": "ZONJ",
                "subba-name": "New York City - NYIS",
                "parent": "NYIS",
                "parent-name": "New York Independent System Operator",
                "value": "5804",
                "value-units": "megawatthours"
            },
            {
                "period": "2023-05-13T03",
                "subba": "ZONK",
                "subba-name": "Long Island - NYIS",
                "parent": "NYIS",
                "parent-name": "New York Independent System Operator",
                "value": "2251",
                "value-units": "megawatthours"
            },
            {
                "period": "2023-05-13T02",
                "subba": "ZONA",
                "subba-name": "West - NYIS",
                "parent": "NYIS",
                "parent-name": "New York Independent System Operator",
                "value": "1553",
                "value-units": "megawatthours"
            },
            {
                "period": "2023-05-13T02",
                "subba": "ZONB",
                "subba-name": "Genesee - NYIS",
                "parent": "NYIS",
                "parent-name": "New York Independent System Operator",
                "value": "1093",
                "value-units": "megawatthours"
            },
            {
                "period": "2023-05-13T02",
                "subba": "ZONC",
                "subba-name": "Central - NYIS",
                "parent": "NYIS",
                "parent-name": "New York Independent System Operator",
                "value": "1698",
                "value-units": "megawatthours"
            },
            {
                "period": "2023-05-13T02",
                "subba": "ZOND",
                "subba-name": "North - NYIS",
                "parent": "NYIS",
                "parent-name": "New York Independent System Operator",
                "value": "637",
                "value-units": "megawatthours"
            },
            {
                "period": "2023-05-13T02",
                "subba": "ZONE",
                "subba-name": "Mohawk Valley - NYIS",
                "parent": "NYIS",
                "parent-name": "New York Independent System Operator",
                "value": "800",
                "value-units": "megawatthours"
            },
            {
                "period": "2023-05-13T02",
                "subba": "ZONF",
                "subba-name": "Capital - NYIS",
                "parent": "NYIS",
                "parent-name": "New York Independent System Operator",
                "value": "1285",
                "value-units": "megawatthours"
            },
            {
                "period": "2023-05-13T02",
                "subba": "ZONG",
                "subba-name": "Hudson Valley - NYIS",
                "parent": "NYIS",
                "parent-name": "New York Independent System Operator",
                "value": "1203",
                "value-units": "megawatthours"
            },
            {
                "period": "2023-05-13T02",
                "subba": "ZONH",
                "subba-name": "Millwood - NYIS",
                "parent": "NYIS",
                "parent-name": "New York Independent System Operator",
                "value": "321",
                "value-units": "megawatthours"
            },
            {
                "period": "2023-05-13T02",
                "subba": "ZONI",
                "subba-name": "Dunwoodie - NYIS",
                "parent": "NYIS",
                "parent-name": "New York Independent System Operator",
                "value": "716",
                "value-units": "megawatthours"
            },
            {
                "period": "2023-05-13T02",
                "subba": "ZONJ",
                "subba-name": "New York City - NYIS",
                "parent": "NYIS",
                "parent-name": "New York Independent System Operator",
                "value": "6071",
                "value-units": "megawatthours"
            },
            {
                "period": "2023-05-13T02",
                "subba": "ZONK",
                "subba-name": "Long Island - NYIS",
                "parent": "NYIS",
                "parent-name": "New York Independent System Operator",
                "value": "2441",
                "value-units": "megawatthours"
            },
            {
                "period": "2023-05-13T01",
                "subba": "ZONA",
                "subba-name": "West - NYIS",
                "parent": "NYIS",
                "parent-name": "New York Independent System Operator",
                "value": "1572",
                "value-units": "megawatthours"
            },
            {
                "period": "2023-05-13T01",
                "subba": "ZONB",
                "subba-name": "Genesee - NYIS",
                "parent": "NYIS",
                "parent-name": "New York Independent System Operator",
                "value": "1124",
                "value-units": "megawatthours"
            },
            {
                "period": "2023-05-13T01",
                "subba": "ZONC",
                "subba-name": "Central - NYIS",
                "parent": "NYIS",
                "parent-name": "New York Independent System Operator",
                "value": "1749",
                "value-units": "megawatthours"
            },
            {
                "period": "2023-05-13T01",
                "subba": "ZOND",
                "subba-name": "North - NYIS",
                "parent": "NYIS",
                "parent-name": "New York Independent System Operator",
                "value": "635",
                "value-units": "megawatthours"
            },
            {
                "period": "2023-05-13T01",
                "subba": "ZONE",
                "subba-name": "Mohawk Valley - NYIS",
                "parent": "NYIS",
                "parent-name": "New York Independent System Operator",
                "value": "820",
                "value-units": "megawatthours"
            },
            {
                "period": "2023-05-13T01",
                "subba": "ZONF",
                "subba-name": "Capital - NYIS",
                "parent": "NYIS",
                "parent-name": "New York Independent System Operator",
                "value": "1334",
                "value-units": "megawatthours"
            },
            {
                "period": "2023-05-13T01",
                "subba": "ZONG",
                "subba-name": "Hudson Valley - NYIS",
                "parent": "NYIS",
                "parent-name": "New York Independent System Operator",
                "value": "1261",
                "value-units": "megawatthours"
            },
            {
                "period": "2023-05-13T01",
                "subba": "ZONH",
                "subba-name": "Millwood - NYIS",
                "parent": "NYIS",
                "parent-name": "New York Independent System Operator",
                "value": "344",
                "value-units": "megawatthours"
            },
            {
                "period": "2023-05-13T01",
                "subba": "ZONI",
                "subba-name": "Dunwoodie - NYIS",
                "parent": "NYIS",
                "parent-name": "New York Independent System Operator",
                "value": "746",
                "value-units": "megawatthours"
            },
            {
                "period": "2023-05-13T01",
                "subba": "ZONJ",
                "subba-name": "New York City - NYIS",
                "parent": "NYIS",
                "parent-name": "New York Independent System Operator",
                "value": "6248",
                "value-units": "megawatthours"
            },
            {
                "period": "2023-05-13T01",
                "subba": "ZONK",
                "subba-name": "Long Island - NYIS",
                "parent": "NYIS",
                "parent-name": "New York Independent System Operator",
                "value": "2583",
                "value-units": "megawatthours"
            },
            {
                "period": "2023-05-13T00",
                "subba": "ZONA",
                "subba-name": "West - NYIS",
                "parent": "NYIS",
                "parent-name": "New York Independent System Operator",
                "value": "1577",
                "value-units": "megawatthours"
            },
            {
                "period": "2023-05-13T00",
                "subba": "ZONB",
                "subba-name": "Genesee - NYIS",
                "parent": "NYIS",
                "parent-name": "New York Independent System Operator",
                "value": "1120",
                "value-units": "megawatthours"
            },
            {
                "period": "2023-05-13T00",
                "subba": "ZONC",
                "subba-name": "Central - NYIS",
                "parent": "NYIS",
                "parent-name": "New York Independent System Operator",
                "value": "1768",
                "value-units": "megawatthours"
            },
            {
                "period": "2023-05-13T00",
                "subba": "ZOND",
                "subba-name": "North - NYIS",
                "parent": "NYIS",
                "parent-name": "New York Independent System Operator",
                "value": "631",
                "value-units": "megawatthours"
            },
            {
                "period": "2023-05-13T00",
                "subba": "ZONE",
                "subba-name": "Mohawk Valley - NYIS",
                "parent": "NYIS",
                "parent-name": "New York Independent System Operator",
                "value": "808",
                "value-units": "megawatthours"
            },
            {
                "period": "2023-05-13T00",
                "subba": "ZONF",
                "subba-name": "Capital - NYIS",
                "parent": "NYIS",
                "parent-name": "New York Independent System Operator",
                "value": "1336",
                "value-units": "megawatthours"
            },
            {
                "period": "2023-05-13T00",
                "subba": "ZONG",
                "subba-name": "Hudson Valley - NYIS",
                "parent": "NYIS",
                "parent-name": "New York Independent System Operator",
                "value": "1282",
                "value-units": "megawatthours"
            },
            {
                "period": "2023-05-13T00",
                "subba": "ZONH",
                "subba-name": "Millwood - NYIS",
                "parent": "NYIS",
                "parent-name": "New York Independent System Operator",
                "value": "356",
                "value-units": "megawatthours"
            },
            {
                "period": "2023-05-13T00",
                "subba": "ZONI",
                "subba-name": "Dunwoodie - NYIS",
                "parent": "NYIS",
                "parent-name": "New York Independent System Operator",
                "value": "765",
                "value-units": "megawatthours"
            },
            {
                "period": "2023-05-13T00",
                "subba": "ZONJ",
                "subba-name": "New York City - NYIS",
                "parent": "NYIS",
                "parent-name": "New York Independent System Operator",
                "value": "6400",
                "value-units": "megawatthours"
            },
            {
                "period": "2023-05-13T00",
                "subba": "ZONK",
                "subba-name": "Long Island - NYIS",
                "parent": "NYIS",
                "parent-name": "New York Independent System Operator",
                "value": "2610",
                "value-units": "megawatthours"
            }
        ],
        "description": "Hourly demand by balancing authority subregion.  \n    Source: Form EIA-930\n    Product: Hourly Electric Grid Monitor"
    },
    "request": {
        "command": "/v2/electricity/rto/region-sub-ba-data/data/",
        "params": {
            "frequency": "hourly",
            "data": [
                "value"
            ],
            "sort": [
                {
                    "column": "period",
                    "direction": "desc"
                }
            ],
            "facets": {
                "parent": [
                    "NYIS"
                ]
            },
            "offset": "0",
            "length": "5000",
            "start": "2023-05-13",
            "end": "2023-05-14",
            "api_key": "dqRq8VpXSoyUrCbrPhuYFxGl6Rul9kmVcRshZ98c"
        }
    },
    "apiVersion": "2.1.8",
    "ExcelAddInVersion": "2.1.0"
}