{
    "response": {
        "total": "275",
        "dateFormat": "YYYY-MM-DD\"T\"HH24",
        "frequency": "hourly",
        "data": [
            {
                "period": "2022-12-10T00",
                "subba": "ZONA",
                "subba-name": "West - NYIS",
                "parent": "NYIS",
                "parent-name": "New York Independent System Operator",
                "value": "1939",
                "value-units": "megawatthours"
            },
            {
                "period": "2022-12-10T00",
                "subba": "ZONB",
                "subba-name": "Genesee - NYIS",
                "parent": "NYIS",
                "parent-name": "New York Independent System Operator",
                "value": "1297",
                "value-units": "megawatthours"
            },
            {
                "period": "2022-12-10T00",
                "subba": "ZONC",
                "subba-name": "Central - NYIS",
                "parent": "NYIS",
                "parent-name": "New York Independent System Operator",
                "value": "2064",
                "value-units": "megawatthours"
            },
            {
                "period": "2022-12-10T00",
                "subba": "ZOND",
                "subba-name": "North - NYIS",
                "parent": "NYIS",
                "parent-name": "New York Independent System Operator",
                "value": "779",
                "value-units": "megawatthours"
            },
            {
                "period": "2022-12-10T00",
                "subba": "ZONE",
                "subba-name": "Mohawk Valley - NYIS",
                "parent": "NYIS",
                "parent-name": "New York Independent System Operator",
                "value": "1003",
                "value-units": "megawatthours"
            },
            {
                "period": "2022-12-10T00",
                "subba": "ZONF",
                "subba-name": "Capital - NYIS",
                "parent": "NYIS",
                "parent-name": "New York Independent System Operator",
                "value": "1534",
                "value-units": "megawatthours"
            },
            {
                "period": "2022-12-10T00",
                "subba": "ZONG",
                "subba-name": "Hudson Valley - NYIS",
                "parent": "NYIS",
                "parent-name": "New York Independent System Operator",
                "value": "1273",
                "value-units": "megawatthours"
            },
            {
                "period": "2022-12-10T00",
                "subba": "ZONH",
                "subba-name": "Millwood - NYIS",
                "parent": "NYIS",
                "parent-name": "New York Independent System Operator",
                "value": "395",
                "value-units": "megawatthours"
            },
            {
                "period": "2022-12-10T00",
                "subba": "ZONI",
                "subba-name": "Dunwoodie - NYIS",
                "parent": "NYIS",
                "parent-name": "New York Independent System Operator",
                "value": "739",
                "value-units": "megawatthours"
            },
            {
                "period": "2022-12-10T00",
                "subba": "ZONJ",
                "subba-name": "New York City - NYIS",
                "parent": "NYIS",
                "parent-name": "New York Independent System Operator",
                "value": "6029",
                "value-units": "megawatthours"
            },
            {
                "period": "2022-12-10T00",
                "subba": "ZONK",
                "subba-name": "Long Island - NYIS",
                "parent": "NYIS",
                "parent-name": "New York Independent System Operator",
                "value": "2590",
                "value-units": "megawatthours"
            },
            {
                "period": "2022-12-09T23",
                "subba": "ZONA",
                "subba-name": "West - NYIS",
                "parent": "NYIS",
                "parent-name": "New York Independent System Operator",
                "value": "1955",
                "value-units": "megawatthours"
            },
            {
                "period": "2022-12-09T23",
                "subba": "ZONB",
                "subba-name": "Genesee - NYIS",
                "parent": "NYIS",
                "parent-name": "New York Independent System Operator",
                "value": "1320",
                "value-units": "megawatthours"
            },
            {
                "period": "2022-12-09T23",
                "subba": "ZONC",
                "subba-name": "Central - NYIS",
                "parent": "NYIS",
                "parent-name": "New York Independent System Operator",
                "value": "2077",
                "value-units": "megawatthours"
            },
            {
                "period": "2022-12-09T23",
                "subba": "ZOND",
                "subba-name": "North - NYIS",
                "parent": "NYIS",
                "parent-name": "New York Independent System Operator",
                "value": "780",
                "value-units": "megawatthours"
            },
            {
                "period": "2022-12-09T23",
                "subba": "ZONE",
                "subba-name": "Mohawk Valley - NYIS",
                "parent": "NYIS",
                "parent-name": "New York Independent System Operator",
                "value": "1010",
                "value-units": "megawatthours"
            },
            {
                "period": "2022-12-09T23",
                "subba": "ZONF",
                "subba-name": "Capital - NYIS",
                "parent": "NYIS",
                "parent-name": "New York Independent System Operator",
                "value": "1547",
                "value-units": "megawatthours"
            },
            {
                "period": "2022-12-09T23",
                "subba": "ZONG",
                "subba-name": "Hudson Valley - NYIS",
                "parent": "NYIS",
                "parent-name": "New York Independent System Operator",
                "value": "1270",
                "value-units": "megawatthours"
            },
            {
                "period": "2022-12-09T23",
                "subba": "ZONH",
                "subba-name": "Millwood - NYIS",
                "parent": "NYIS",
                "parent-name": "New York Independent System Operator",
                "value": "391",
                "value-units": "megawatthours"
            },
            {
                "period": "2022-12-09T23",
                "subba": "ZONI",
                "subba-name": "Dunwoodie - NYIS",
                "parent": "NYIS",
                "parent-name": "New York Independent System Operator",
                "value": "742",
                "value-units": "megawatthours"
            },
            {
                "period": "2022-12-09T23",
                "subba": "ZONJ",
                "subba-name": "New York City - NYIS",
                "parent": "NYIS",
                "parent-name": "New York Independent System Operator",
                "value": "6176",
                "value-units": "megawatthours"
            },
            {
                "period": "2022-12-09T23",
                "subba": "ZONK",
                "subba-name": "Long Island - NYIS",
                "parent": "NYIS",
                "parent-name": "New York Independent System Operator",
                "value": "2591",
                "value-units": "megawatthours"
            },
            {
                "period": "2022-12-09T22",
                "subba": "ZONA",
                "subba-name": "West - NYIS",
                "parent": "NYIS",
                "parent-name": "New York Independent System Operator",
                "value": "1907",
                "value-units": "megawatthours"
            },
            {
                "period": "2022-12-09T22",
                "subba": "ZONB",
                "subba-name": "Genesee - NYIS",
                "parent": "NYIS",
                "parent-name": "New York Independent System Operator",
                "value": "1300",
                "value-units": "megawatthours"
            },
            {
                "period": "2022-12-09T22",
                "subba": "ZONC",
                "subba-name": "Central - NYIS",
                "parent": "NYIS",
                "parent-name": "New York Independent System Operator",
                "value": "2015",
                "value-units": "megawatthours"
            },
            {
                "period": "2022-12-09T22",
                "subba": "ZOND",
                "subba-name": "North - NYIS",
                "parent": "NYIS",
                "parent-name": "New York Independent System Operator",
                "value": "757",
                "value-units": "megawatthours"
            },
            {
                "period": "2022-12-09T22",
                "subba": "ZONE",
                "subba-name": "Mohawk Valley - NYIS",
                "parent": "NYIS",
                "parent-name": "New York Independent System Operator",
                "value": "950",
                "value-units": "megawatthours"
            },
            {
                "period": "2022-12-09T22",
                "subba": "ZONF",
                "subba-name": "Capital - NYIS",
                "parent": "NYIS",
                "parent-name": "New York Independent System Operator",
                "value": "1465",
                "value-units": "megawatthours"
            },
            {
                "period": "2022-12-09T22",
                "subba": "ZONG",
                "subba-name": "Hudson Valley - NYIS",
                "parent": "NYIS",
                "parent-name": "New York Independent System Operator",
                "value": "1193",
                "value-units": "megawatthours"
            },
            {
                "period": "2022-12-09T22",
                "subba": "ZONH",
                "subba-name": "Millwood - NYIS",
                "parent": "NYIS",
                "parent-name": "New York Independent System Operator",
                "value": "354",
                "value-units": "megawatthours"
            },
            {
                "period": "2022-12-09T22",
                "subba": "ZONI",
                "subba-name": "Dunwoodie - NYIS",
                "parent": "NYIS",
                "parent-name": "New York Independent System Operator",
                "value": "695",
                "value-units": "megawatthours"
            },
            {
                "period": "2022-12-09T22",
                "subba": "ZONJ",
                "subba-name": "New York City - NYIS",
                "parent": "NYIS",
                "parent-name": "New York Independent System Operator",
                "value": "6040",
                "value-units": "megawatthours"
            },
            {
                "period": "2022-12-09T22",
                "subba": "ZONK",
                "subba-name": "Long Island - NYIS",
                "parent": "NYIS",
                "parent-name": "New York Independent System Operator",
                "value": "2404",
                "value-units": "megawatthours"
            },
            {
                "period": "2022-12-09T21",
                "subba": "ZONA",
                "subba-name": "West - NYIS",
                "parent": "NYIS",
                "parent-name": "New York Independent System Operator",
                "value": "1860",
                "value-units": "megawatthours"
            },
            {
                "period": "2022-12-09T21",
                "subba": "ZONB",
                "subba-name": "Genesee - NYIS",
                "parent": "NYIS",
                "parent-name": "New York Independent System Operator",
                "value": "1258",
                "value-units": "megawatthours"
            },
            {
                "period": "2022-12-09T21",
                "subba": "ZONC",
                "subba-name": "Central - NYIS",
                "parent": "NYIS",
                "parent-name": "New York Independent System Operator",
                "value": "1941",
                "value-units": "megawatthours"
            },
            {
                "period": "2022-12-09T21",
                "subba": "ZOND",
                "subba-name": "North - NYIS",
                "parent": "NYIS",
                "parent-name": "New York Independent System Operator",
                "value": "733",
                "value-units": "megawatthours"
            },
            {
                "period": "2022-12-09T21",
                "subba": "ZONE",
                "subba-name": "Mohawk Valley - NYIS",
                "parent": "NYIS",
                "parent-name": "New York Independent System Operator",
                "value": "852",
                "value-units": "megawatthours"
            },
            {
                "period": "2022-12-09T21",
                "subba": "ZONF",
                "subba-name": "Capital - NYIS",
                "parent": "NYIS",
                "parent-name": "New York Independent System Operator",
                "value": "1342",
                "value-units": "megawatthours"
            },
            {
                "period": "2022-12-09T21",
                "subba": "ZONG",
                "subba-name": "Hudson Valley - NYIS",
                "parent": "NYIS",
                "parent-name": "New York Independent System Operator",
                "value": "1086",
                "value-units": "megawatthours"
            },
            {
                "period": "2022-12-09T21",
                "subba": "ZONH",
                "subba-name": "Millwood - NYIS",
                "parent": "NYIS",
                "parent-name": "New York Independent System Operator",
                "value": "332",
                "value-units": "megawatthours"
            },
            {
                "period": "2022-12-09T21",
                "subba": "ZONI",
                "subba-name": "Dunwoodie - NYIS",
                "parent": "NYIS",
                "parent-name": "New York Independent System Operator",
                "value": "659",
                "value-units": "megawatthours"
            },
            {
                "period": "2022-12-09T21",
                "subba": "ZONJ",
                "subba-name": "New York City - NYIS",
                "parent": "NYIS",
                "parent-name": "New York Independent System Operator",
                "value": "5893",
                "value-units": "megawatthours"
            },
            {
                "period": "2022-12-09T21",
                "subba": "ZONK",
                "subba-name": "Long Island - NYIS",
                "parent": "NYIS",
                "parent-name": "New York Independent System Operator",
                "value": "2182",
                "value-units": "megawatthours"
            },
            {
                "period": "2022-12-09T20",
                "subba": "ZONA",
                "subba-name": "West - NYIS",
                "parent": "NYIS",
                "parent-name": "New York Independent System Operator",
                "value": "1849",
                "value-units": "megawatthours"
            },
            {
                "period": "2022-12-09T20",
                "subba": "ZONB",
                "subba-name": "Genesee - NYIS",
                "parent": "NYIS",
                "parent-name": "New York Independent System Operator",
                "value": "1257",
                "value-units": "megawatthours"
            },
            {
                "period": "2022-12-09T20",
                "subba": "ZONC",
                "subba-name": "Central - NYIS",
                "parent": "NYIS",
                "parent-name": "New York Independent System Operator",
                "value": "1881",
                "value-units": "megawatthours"
            },
            {
                "period": "2022-12-09T20",
                "subba": "ZOND",
                "subba-name": "North - NYIS",
                "parent": "NYIS",
                "parent-name": "New York Independent System Operator",
                "value": "720",
                "value-units": "megawatthours"
            },
            {
                "period": "2022-12-09T20",
                "subba": "ZONE",
                "subba-name": "Mohawk Valley - NYIS",
                "parent": "NYIS",
                "parent-name": "New York Independent System Operator",
                "value": "792",
                "value-units": "megawatthours"
            },
            {
                "period": "2022-12-09T20",
                "subba": "ZONF",
                "subba-name": "Capital - NYIS",
                "parent": "NYIS",
                "parent-name": "New York Independent System Operator",
                "value": "1258",
                "value-units": "megawatthours"
            },
            {
                "period": "2022-12-09T20",
                "subba": "ZONG",
                "subba-name": "Hudson Valley - NYIS",
                "parent": "NYIS",
                "parent-name": "New York Independent System Operator",
                "value": "982",
                "value-units": "megawatthours"
            },
            {
                "period": "2022-12-09T20",
                "subba": "ZONH",
                "subba-name": "Millwood - NYIS",
                "parent": "NYIS",
                "parent-name": "New York Independent System Operator",
                "value": "315",
                "value-units": "megawatthours"
            },
            {
                "period": "2022-12-09T20",
                "subba": "ZONI",
                "subba-name": "Dunwoodie - NYIS",
                "parent": "NYIS",
                "parent-name": "New York Independent System Operator",
                "value": "640",
                "value-units": "megawatthours"
            },
            {
                "period": "2022-12-09T20",
                "subba": "ZONJ",
                "subba-name": "New York City - NYIS",
                "parent": "NYIS",
                "parent-name": "New York Independent System Operator",
                "value": "5822",
                "value-units": "megawatthours"
            },
            {
                "period": "2022-12-09T20",
                "subba": "ZONK",
                "subba-name": "Long Island - NYIS",
                "parent": "NYIS",
                "parent-name": "New York Independent System Operator",
                "value": "2043",
                "value-units": "megawatthours"
            },
            {
                "period": "2022-12-09T19",
                "subba": "ZONA",
                "subba-name": "West - NYIS",
                "parent": "NYIS",
                "parent-name": "New York Independent System Operator",
                "value": "1864",
                "value-units": "megawatthours"
            },
            {
                "period": "2022-12-09T19",
                "subba": "ZONB",
                "subba-name": "Genesee - NYIS",
                "parent": "NYIS",
                "parent-name": "New York Independent System Operator",
                "value": "1261",
                "value-units": "megawatthours"
            },
            {
                "period": "2022-12-09T19",
                "subba": "ZONC",
                "subba-name": "Central - NYIS",
                "parent": "NYIS",
                "parent-name": "New York Independent System Operator",
                "value": "1886",
                "value-units": "megawatthours"
            },
            {
                "period": "2022-12-09T19",
                "subba": "ZOND",
                "subba-name": "North - NYIS",
                "parent": "NYIS",
                "parent-name": "New York Independent System Operator",
                "value": "710",
                "value-units": "megawatthours"
            },
            {
                "period": "2022-12-09T19",
                "subba": "ZONE",
                "subba-name": "Mohawk Valley - NYIS",
                "parent": "NYIS",
                "parent-name": "New York Independent System Operator",
                "value": "790",
                "value-units": "megawatthours"
            },
            {
                "period": "2022-12-09T19",
                "subba": "ZONF",
                "subba-name": "Capital - NYIS",
                "parent": "NYIS",
                "parent-name": "New York Independent System Operator",
                "value": "1190",
                "value-units": "megawatthours"
            },
            {
                "period": "2022-12-09T19",
                "subba": "ZONG",
                "subba-name": "Hudson Valley - NYIS",
                "parent": "NYIS",
                "parent-name": "New York Independent System Operator",
                "value": "910",
                "value-units": "megawatthours"
            },
            {
                "period": "2022-12-09T19",
                "subba": "ZONH",
                "subba-name": "Millwood - NYIS",
                "parent": "NYIS",
                "parent-name": "New York Independent System Operator",
                "value": "313",
                "value-units": "megawatthours"
            },
            {
                "period": "2022-12-09T19",
                "subba": "ZONI",
                "subba-name": "Dunwoodie - NYIS",
                "parent": "NYIS",
                "parent-name": "New York Independent System Operator",
                "value": "636",
                "value-units": "megawatthours"
            },
            {
                "period": "2022-12-09T19",
                "subba": "ZONJ",
                "subba-name": "New York City - NYIS",
                "parent": "NYIS",
                "parent-name": "New York Independent System Operator",
                "value": "5805",
                "value-units": "megawatthours"
            },
            {
                "period": "2022-12-09T19",
                "subba": "ZONK",
                "subba-name": "Long Island - NYIS",
                "parent": "NYIS",
                "parent-name": "New York Independent System Operator",
                "value": "1947",
                "value-units": "megawatthours"
            },
            {
                "period": "2022-12-09T18",
                "subba": "ZONA",
                "subba-name": "West - NYIS",
                "parent": "NYIS",
                "parent-name": "New York Independent System Operator",
                "value": "1864",
                "value-units": "megawatthours"
            },
            {
                "period": "2022-12-09T18",
                "subba": "ZONB",
                "subba-name": "Genesee - NYIS",
                "parent": "NYIS",
                "parent-name": "New York Independent System Operator",
                "value": "1258",
                "value-units": "megawatthours"
            },
            {
                "period": "2022-12-09T18",
                "subba": "ZONC",
                "subba-name": "Central - NYIS",
                "parent": "NYIS",
                "parent-name": "New York Independent System Operator",
                "value": "1893",
                "value-units": "megawatthours"
            },
            {
                "period": "2022-12-09T18",
                "subba": "ZOND",
                "subba-name": "North - NYIS",
                "parent": "NYIS",
                "parent-name": "New York Independent System Operator",
                "value": "709",
                "value-units": "megawatthours"
            },
            {
                "period": "2022-12-09T18",
                "subba": "ZONE",
                "subba-name": "Mohawk Valley - NYIS",
                "parent": "NYIS",
                "parent-name": "New York Independent System Operator",
                "value": "804",
                "value-units": "megawatthours"
            },
            {
                "period": "2022-12-09T18",
                "subba": "ZONF",
                "subba-name": "Capital - NYIS",
                "parent": "NYIS",
                "parent-name": "New York Independent System Operator",
                "value": "1153",
                "value-units": "megawatthours"
            },
            {
                "period": "2022-12-09T18",
                "subba": "ZONG",
                "subba-name": "Hudson Valley - NYIS",
                "parent": "NYIS",
                "parent-name": "New York Independent System Operator",
                "value": "875",
                "value-units": "megawatthours"
            },
            {
                "period": "2022-12-09T18",
                "subba": "ZONH",
                "subba-name": "Millwood - NYIS",
                "parent": "NYIS",
                "parent-name": "New York Independent System Operator",
                "value": "315",
                "value-units": "megawatthours"
            },
            {
                "period": "2022-12-09T18",
                "subba": "ZONI",
                "subba-name": "Dunwoodie - NYIS",
                "parent": "NYIS",
                "parent-name": "New York Independent System Operator",
                "value": "634",
                "value-units": "megawatthours"
            },
            {
                "period": "2022-12-09T18",
                "subba": "ZONJ",
                "subba-name": "New York City - NYIS",
                "parent": "NYIS",
                "parent-name": "New York Independent System Operator",
                "value": "5801",
                "value-units": "megawatthours"
            },
            {
                "period": "2022-12-09T18",
                "subba": "ZONK",
                "subba-name": "Long Island - NYIS",
                "parent": "NYIS",
                "parent-name": "New York Independent System Operator",
                "value": "1905",
                "value-units": "megawatthours"
            },
            {
                "period": "2022-12-09T17",
                "subba": "ZONA",
                "subba-name": "West - NYIS",
                "parent": "NYIS",
                "parent-name": "New York Independent System Operator",
                "value": "1880",
                "value-units": "megawatthours"
            },
            {
                "period": "2022-12-09T17",
                "subba": "ZONB",
                "subba-name": "Genesee - NYIS",
                "parent": "NYIS",
                "parent-name": "New York Independent System Operator",
                "value": "1266",
                "value-units": "megawatthours"
            },
            {
                "period": "2022-12-09T17",
                "subba": "ZONC",
                "subba-name": "Central - NYIS",
                "parent": "NYIS",
                "parent-name": "New York Independent System Operator",
                "value": "1921",
                "value-units": "megawatthours"
            },
            {
                "period": "2022-12-09T17",
                "subba": "ZOND",
                "subba-name": "North - NYIS",
                "parent": "NYIS",
                "parent-name": "New York Independent System Operator",
                "value": "720",
                "value-units": "megawatthours"
            },
            {
                "period": "2022-12-09T17",
                "subba": "ZONE",
                "subba-name": "Mohawk Valley - NYIS",
                "parent": "NYIS",
                "parent-name": "New York Independent System Operator",
                "value": "827",
                "value-units": "megawatthours"
            },
            {
                "period": "2022-12-09T17",
                "subba": "ZONF",
                "subba-name": "Capital - NYIS",
                "parent": "NYIS",
                "parent-name": "New York Independent System Operator",
                "value": "1166",
                "value-units": "megawatthours"
            },
            {
                "period": "2022-12-09T17",
                "subba": "ZONG",
                "subba-name": "Hudson Valley - NYIS",
                "parent": "NYIS",
                "parent-name": "New York Independent System Operator",
                "value": "890",
                "value-units": "megawatthours"
            },
            {
                "period": "2022-12-09T17",
                "subba": "ZONH",
                "subba-name": "Millwood - NYIS",
                "parent": "NYIS",
                "parent-name": "New York Independent System Operator",
                "value": "321",
                "value-units": "megawatthours"
            },
            {
                "period": "2022-12-09T17",
                "subba": "ZONI",
                "subba-name": "Dunwoodie - NYIS",
                "parent": "NYIS",
                "parent-name": "New York Independent System Operator",
                "value": "640",
                "value-units": "megawatthours"
            },
            {
                "period": "2022-12-09T17",
                "subba": "ZONJ",
                "subba-name": "New York City - NYIS",
                "parent": "NYIS",
                "parent-name": "New York Independent System Operator",
                "value": "5820",
                "value-units": "megawatthours"
            },
            {
                "period": "2022-12-09T17",
                "subba": "ZONK",
                "subba-name": "Long Island - NYIS",
                "parent": "NYIS",
                "parent-name": "New York Independent System Operator",
                "value": "1923",
                "value-units": "megawatthours"
            },
            {
                "period": "2022-12-09T16",
                "subba": "ZONA",
                "subba-name": "West - NYIS",
                "parent": "NYIS",
                "parent-name": "New York Independent System Operator",
                "value": "1863",
                "value-units": "megawatthours"
            },
            {
                "period": "2022-12-09T16",
                "subba": "ZONB",
                "subba-name": "Genesee - NYIS",
                "parent": "NYIS",
                "parent-name": "New York Independent System Operator",
                "value": "1266",
                "value-units": "megawatthours"
            },
            {
                "period": "2022-12-09T16",
                "subba": "ZONC",
                "subba-name": "Central - NYIS",
                "parent": "NYIS",
                "parent-name": "New York Independent System Operator",
                "value": "1947",
                "value-units": "megawatthours"
            },
            {
                "period": "2022-12-09T16",
                "subba": "ZOND",
                "subba-name": "North - NYIS",
                "parent": "NYIS",
                "parent-name": "New York Independent System Operator",
                "value": "737",
                "value-units": "megawatthours"
            },
            {
                "period": "2022-12-09T16",
                "subba": "ZONE",
                "subba-name": "Mohawk Valley - NYIS",
                "parent": "NYIS",
                "parent-name": "New York Independent System Operator",
                "value": "857",
                "value-units": "megawatthours"
            },
            {
                "period": "2022-12-09T16",
                "subba": "ZONF",
                "subba-name": "Capital - NYIS",
                "parent": "NYIS",
                "parent-name": "New York Independent System Operator",
                "value": "1208",
                "value-units": "megawatthours"
            },
            {
                "period": "2022-12-09T16",
                "subba": "ZONG",
                "subba-name": "Hudson Valley - NYIS",
                "parent": "NYIS",
                "parent-name": "New York Independent System Operator",
                "value": "931",
                "value-units": "megawatthours"
            },
            {
                "period": "2022-12-09T16",
                "subba": "ZONH",
                "subba-name": "Millwood - NYIS",
                "parent": "NYIS",
                "parent-name": "New York Independent System Operator",
                "value": "330",
                "value-units": "megawatthours"
            },
            {
                "period": "2022-12-09T16",
                "subba": "ZONI",
                "subba-name": "Dunwoodie - NYIS",
                "parent": "NYIS",
                "parent-name": "New York Independent System Operator",
                "value": "650",
                "value-units": "megawatthours"
            },
            {
                "period": "2022-12-09T16",
                "subba": "ZONJ",
                "subba-name": "New York City - NYIS",
                "parent": "NYIS",
                "parent-name": "New York Independent System Operator",
                "value": "5812",
                "value-units": "megawatthours"
            },
            {
                "period": "2022-12-09T16",
                "subba": "ZONK",
                "subba-name": "Long Island - NYIS",
                "parent": "NYIS",
                "parent-name": "New York Independent System Operator",
                "value": "1970",
                "value-units": "megawatthours"
            },
            {
                "period": "2022-12-09T15",
                "subba": "ZONA",
                "subba-name": "West - NYIS",
                "parent": "NYIS",
                "parent-name": "New York Independent System Operator",
                "value": "1835",
                "value-units": "megawatthours"
            },
            {
                "period": "2022-12-09T15",
                "subba": "ZONB",
                "subba-name": "Genesee - NYIS",
                "parent": "NYIS",
                "parent-name": "New York Independent System Operator",
                "value": "1253",
                "value-units": "megawatthours"
            },
            {
                "period": "2022-12-09T15",
                "subba": "ZONC",
                "subba-name": "Central - NYIS",
                "parent": "NYIS",
                "parent-name": "New York Independent System Operator",
                "value": "1963",
                "value-units": "megawatthours"
            },
            {
                "period": "2022-12-09T15",
                "subba": "ZOND",
                "subba-name": "North - NYIS",
                "parent": "NYIS",
                "parent-name": "New York Independent System Operator",
                "value": "749",
                "value-units": "megawatthours"
            },
            {
                "period": "2022-12-09T15",
                "subba": "ZONE",
                "subba-name": "Mohawk Valley - NYIS",
                "parent": "NYIS",
                "parent-name": "New York Independent System Operator",
                "value": "873",
                "value-units": "megawatthours"
            },
            {
                "period": "2022-12-09T15",
                "subba": "ZONF",
                "subba-name": "Capital - NYIS",
                "parent": "NYIS",
                "parent-name": "New York Independent System Operator",
                "value": "1275",
                "value-units": "megawatthours"
            },
            {
                "period": "2022-12-09T15",
                "subba": "ZONG",
                "subba-name": "Hudson Valley - NYIS",
                "parent": "NYIS",
                "parent-name": "New York Independent System Operator",
                "value": "1004",
                "value-units": "megawatthours"
            },
            {
                "period": "2022-12-09T15",
                "subba": "ZONH",
                "subba-name": "Millwood - NYIS",
                "parent": "NYIS",
                "parent-name": "New York Independent System Operator",
                "value": "340",
                "value-units": "megawatthours"
            },
            {
                "period": "2022-12-09T15",
                "subba": "ZONI",
                "subba-name": "Dunwoodie - NYIS",
                "parent": "NYIS",
                "parent-name": "New York Independent System Operator",
                "value": "658",
                "value-units": "megawatthours"
            },
            {
                "period": "2022-12-09T15",
                "subba": "ZONJ",
                "subba-name": "New York City - NYIS",
                "parent": "NYIS",
                "parent-name": "New York Independent System Operator",
                "value": "5754",
                "value-units": "megawatthours"
            },
            {
                "period": "2022-12-09T15",
                "subba": "ZONK",
                "subba-name": "Long Island - NYIS",
                "parent": "NYIS",
                "parent-name": "New York Independent System Operator",
                "value": "2050",
                "value-units": "megawatthours"
            },
            {
                "period": "2022-12-09T14",
                "subba": "ZONA",
                "subba-name": "West - NYIS",
                "parent": "NYIS",
                "parent-name": "New York Independent System Operator",
                "value": "1813",
                "value-units": "megawatthours"
            },
            {
                "period": "2022-12-09T14",
                "subba": "ZONB",
                "subba-name": "Genesee - NYIS",
                "parent": "NYIS",
                "parent-name": "New York Independent System Operator",
                "value": "1232",
                "value-units": "megawatthours"
            },
            {
                "period": "2022-12-09T14",
                "subba": "ZONC",
                "subba-name": "Central - NYIS",
                "parent": "NYIS",
                "parent-name": "New York Independent System Operator",
                "value": "2007",
                "value-units": "megawatthours"
            },
            {
                "period": "2022-12-09T14",
                "subba": "ZOND",
                "subba-name": "North - NYIS",
                "parent": "NYIS",
                "parent-name": "New York Independent System Operator",
                "value": "743",
                "value-units": "megawatthours"
            },
            {
                "period": "2022-12-09T14",
                "subba": "ZONE",
                "subba-name": "Mohawk Valley - NYIS",
                "parent": "NYIS",
                "parent-name": "New York Independent System Operator",
                "value": "917",
                "value-units": "megawatthours"
            },
            {
                "period": "2022-12-09T14",
                "subba": "ZONF",
                "subba-name": "Capital - NYIS",
                "parent": "NYIS",
                "parent-name": "New York Independent System Operator",
                "value": "1369",
                "value-units": "megawatthours"
            },
            {
                "period": "2022-12-09T14",
                "subba": "ZONG",
                "subba-name": "Hudson Valley - NYIS",
                "parent": "NYIS",
                "parent-name": "New York Independent System Operator",
                "value": "1095",
                "value-units": "megawatthours"
            },
            {
                "period": "2022-12-09T14",
                "subba": "ZONH",
                "subba-name": "Millwood - NYIS",
                "parent": "NYIS",
                "parent-name": "New York Independent System Operator",
                "value": "344",
                "value-units": "megawatthours"
            },
            {
                "period": "2022-12-09T14",
                "subba": "ZONI",
                "subba-name": "Dunwoodie - NYIS",
                "parent": "NYIS",
                "parent-name": "New York Independent System Operator",
                "value": "659",
                "value-units": "megawatthours"
            },
            {
                "period": "2022-12-09T14",
                "subba": "ZONJ",
                "subba-name": "New York City - NYIS",
                "parent": "NYIS",
                "parent-name": "New York Independent System Operator",
                "value": "5612",
                "value-units": "megawatthours"
            },
            {
                "period": "2022-12-09T14",
                "subba": "ZONK",
                "subba-name": "Long Island - NYIS",
                "parent": "NYIS",
                "parent-name": "New York Independent System Operator",
                "value": "2133",
                "value-units": "megawatthours"
            },
            {
                "period": "2022-12-09T13",
                "subba": "ZONA",
                "subba-name": "West - NYIS",
                "parent": "NYIS",
                "parent-name": "New York Independent System Operator",
                "value": "1788",
                "value-units": "megawatthours"
            },
            {
                "period": "2022-12-09T13",
                "subba": "ZONB",
                "subba-name": "Genesee - NYIS",
                "parent": "NYIS",
                "parent-name": "New York Independent System Operator",
                "value": "1205",
                "value-units": "megawatthours"
            },
            {
                "period": "2022-12-09T13",
                "subba": "ZONC",
                "subba-name": "Central - NYIS",
                "parent": "NYIS",
                "parent-name": "New York Independent System Operator",
                "value": "1999",
                "value-units": "megawatthours"
            },
            {
                "period": "2022-12-09T13",
                "subba": "ZOND",
                "subba-name": "North - NYIS",
                "parent": "NYIS",
                "parent-name": "New York Independent System Operator",
                "value": "747",
                "value-units": "megawatthours"
            },
            {
                "period": "2022-12-09T13",
                "subba": "ZONE",
                "subba-name": "Mohawk Valley - NYIS",
                "parent": "NYIS",
                "parent-name": "New York Independent System Operator",
                "value": "945",
                "value-units": "megawatthours"
            },
            {
                "period": "2022-12-09T13",
                "subba": "ZONF",
                "subba-name": "Capital - NYIS",
                "parent": "NYIS",
                "parent-name": "New York Independent System Operator",
                "value": "1420",
                "value-units": "megawatthours"
            },
            {
                "period": "2022-12-09T13",
                "subba": "ZONG",
                "subba-name": "Hudson Valley - NYIS",
                "parent": "NYIS",
                "parent-name": "New York Independent System Operator",
                "value": "1125",
                "value-units": "megawatthours"
            },
            {
                "period": "2022-12-09T13",
                "subba": "ZONH",
                "subba-name": "Millwood - NYIS",
                "parent": "NYIS",
                "parent-name": "New York Independent System Operator",
                "value": "345",
                "value-units": "megawatthours"
            },
            {
                "period": "2022-12-09T13",
                "subba": "ZONI",
                "subba-name": "Dunwoodie - NYIS",
                "parent": "NYIS",
                "parent-name": "New York Independent System Operator",
                "value": "648",
                "value-units": "megawatthours"
            },
            {
                "period": "2022-12-09T13",
                "subba": "ZONJ",
                "subba-name": "New York City - NYIS",
                "parent": "NYIS",
                "parent-name": "New York Independent System Operator",
                "value": "5358",
                "value-units": "megawatthours"
            },
            {
                "period": "2022-12-09T13",
                "subba": "ZONK",
                "subba-name": "Long Island - NYIS",
                "parent": "NYIS",
                "parent-name": "New York Independent System Operator",
                "value": "2146",
                "value-units": "megawatthours"
            },
            {
                "period": "2022-12-09T12",
                "subba": "ZONA",
                "subba-name": "West - NYIS",
                "parent": "NYIS",
                "parent-name": "New York Independent System Operator",
                "value": "1702",
                "value-units": "megawatthours"
            },
            {
                "period": "2022-12-09T12",
                "subba": "ZONB",
                "subba-name": "Genesee - NYIS",
                "parent": "NYIS",
                "parent-name": "New York Independent System Operator",
                "value": "1133",
                "value-units": "megawatthours"
            },
            {
                "period": "2022-12-09T12",
                "subba": "ZONC",
                "subba-name": "Central - NYIS",
                "parent": "NYIS",
                "parent-name": "New York Independent System Operator",
                "value": "1906",
                "value-units": "megawatthours"
            },
            {
                "period": "2022-12-09T12",
                "subba": "ZOND",
                "subba-name": "North - NYIS",
                "parent": "NYIS",
                "parent-name": "New York Independent System Operator",
                "value": "732",
                "value-units": "megawatthours"
            },
            {
                "period": "2022-12-09T12",
                "subba": "ZONE",
                "subba-name": "Mohawk Valley - NYIS",
                "parent": "NYIS",
                "parent-name": "New York Independent System Operator",
                "value": "892",
                "value-units": "megawatthours"
            },
            {
                "period": "2022-12-09T12",
                "subba": "ZONF",
                "subba-name": "Capital - NYIS",
                "parent": "NYIS",
                "parent-name": "New York Independent System Operator",
                "value": "1343",
                "value-units": "megawatthours"
            },
            {
                "period": "2022-12-09T12",
                "subba": "ZONG",
                "subba-name": "Hudson Valley - NYIS",
                "parent": "NYIS",
                "parent-name": "New York Independent System Operator",
                "value": "1065",
                "value-units": "megawatthours"
            },
            {
                "period": "2022-12-09T12",
                "subba": "ZONH",
                "subba-name": "Millwood - NYIS",
                "parent": "NYIS",
                "parent-name": "New York Independent System Operator",
                "value": "330",
                "value-units": "megawatthours"
            },
            {
                "period": "2022-12-09T12",
                "subba": "ZONI",
                "subba-name": "Dunwoodie - NYIS",
                "parent": "NYIS",
                "parent-name": "New York Independent System Operator",
                "value": "605",
                "value-units": "megawatthours"
            },
            {
                "period": "2022-12-09T12",
                "subba": "ZONJ",
                "subba-name": "New York City - NYIS",
                "parent": "NYIS",
                "parent-name": "New York Independent System Operator",
                "value": "4921",
                "value-units": "megawatthours"
            },
            {
                "period": "2022-12-09T12",
                "subba": "ZONK",
                "subba-name": "Long Island - NYIS",
                "parent": "NYIS",
                "parent-name": "New York Independent System Operator",
                "value": "2030",
                "value-units": "megawatthours"
            },
            {
                "period": "2022-12-09T11",
                "subba": "ZONA",
                "subba-name": "West - NYIS",
                "parent": "NYIS",
                "parent-name": "New York Independent System Operator",
                "value": "1577",
                "value-units": "megawatthours"
            },
            {
                "period": "2022-12-09T11",
                "subba": "ZONB",
                "subba-name": "Genesee - NYIS",
                "parent": "NYIS",
                "parent-name": "New York Independent System Operator",
                "value": "1042",
                "value-units": "megawatthours"
            },
            {
                "period": "2022-12-09T11",
                "subba": "ZONC",
                "subba-name": "Central - NYIS",
                "parent": "NYIS",
                "parent-name": "New York Independent System Operator",
                "value": "1731",
                "value-units": "megawatthours"
            },
            {
                "period": "2022-12-09T11",
                "subba": "ZOND",
                "subba-name": "North - NYIS",
                "parent": "NYIS",
                "parent-name": "New York Independent System Operator",
                "value": "699",
                "value-units": "megawatthours"
            },
            {
                "period": "2022-12-09T11",
                "subba": "ZONE",
                "subba-name": "Mohawk Valley - NYIS",
                "parent": "NYIS",
                "parent-name": "New York Independent System Operator",
                "value": "776",
                "value-units": "megawatthours"
            },
            {
                "period": "2022-12-09T11",
                "subba": "ZONF",
                "subba-name": "Capital - NYIS",
                "parent": "NYIS",
                "parent-name": "New York Independent System Operator",
                "value": "1226",
                "value-units": "megawatthours"
            },
            {
                "period": "2022-12-09T11",
                "subba": "ZONG",
                "subba-name": "Hudson Valley - NYIS",
                "parent": "NYIS",
                "parent-name": "New York Independent System Operator",
                "value": "969",
                "value-units": "megawatthours"
            },
            {
                "period": "2022-12-09T11",
                "subba": "ZONH",
                "subba-name": "Millwood - NYIS",
                "parent": "NYIS",
                "parent-name": "New York Independent System Operator",
                "value": "298",
                "value-units": "megawatthours"
            },
            {
                "period": "2022-12-09T11",
                "subba": "ZONI",
                "subba-name": "Dunwoodie - NYIS",
                "parent": "NYIS",
                "parent-name": "New York Independent System Operator",
                "value": "544",
                "value-units": "megawatthours"
            },
            {
                "period": "2022-12-09T11",
                "subba": "ZONJ",
                "subba-name": "New York City - NYIS",
                "parent": "NYIS",
                "parent-name": "New York Independent System Operator",
                "value": "4461",
                "value-units": "megawatthours"
            },
            {
                "period": "2022-12-09T11",
                "subba": "ZONK",
                "subba-name": "Long Island - NYIS",
                "parent": "NYIS",
                "parent-name": "New York Independent System Operator",
                "value": "1842",
                "value-units": "megawatthours"
            },
            {
                "period": "2022-12-09T10",
                "subba": "ZONA",
                "subba-name": "West - NYIS",
                "parent": "NYIS",
                "parent-name": "New York Independent System Operator",
                "value": "1506",
                "value-units": "megawatthours"
            },
            {
                "period": "2022-12-09T10",
                "subba": "ZONB",
                "subba-name": "Genesee - NYIS",
                "parent": "NYIS",
                "parent-name": "New York Independent System Operator",
                "value": "977",
                "value-units": "megawatthours"
            },
            {
                "period": "2022-12-09T10",
                "subba": "ZONC",
                "subba-name": "Central - NYIS",
                "parent": "NYIS",
                "parent-name": "New York Independent System Operator",
                "value": "1630",
                "value-units": "megawatthours"
            },
            {
                "period": "2022-12-09T10",
                "subba": "ZOND",
                "subba-name": "North - NYIS",
                "parent": "NYIS",
                "parent-name": "New York Independent System Operator",
                "value": "668",
                "value-units": "megawatthours"
            },
            {
                "period": "2022-12-09T10",
                "subba": "ZONE",
                "subba-name": "Mohawk Valley - NYIS",
                "parent": "NYIS",
                "parent-name": "New York Independent System Operator",
                "value": "707",
                "value-units": "megawatthours"
            },
            {
                "period": "2022-12-09T10",
                "subba": "ZONF",
                "subba-name": "Capital - NYIS",
                "parent": "NYIS",
                "parent-name": "New York Independent System Operator",
                "value": "1149",
                "value-units": "megawatthours"
            },
            {
                "period": "2022-12-09T10",
                "subba": "ZONG",
                "subba-name": "Hudson Valley - NYIS",
                "parent": "NYIS",
                "parent-name": "New York Independent System Operator",
                "value": "912",
                "value-units": "megawatthours"
            },
            {
                "period": "2022-12-09T10",
                "subba": "ZONH",
                "subba-name": "Millwood - NYIS",
                "parent": "NYIS",
                "parent-name": "New York Independent System Operator",
                "value": "276",
                "value-units": "megawatthours"
            },
            {
                "period": "2022-12-09T10",
                "subba": "ZONI",
                "subba-name": "Dunwoodie - NYIS",
                "parent": "NYIS",
                "parent-name": "New York Independent System Operator",
                "value": "517",
                "value-units": "megawatthours"
            },
            {
                "period": "2022-12-09T10",
                "subba": "ZONJ",
                "subba-name": "New York City - NYIS",
                "parent": "NYIS",
                "parent-name": "New York Independent System Operator",
                "value": "4225",
                "value-units": "megawatthours"
            },
            {
                "period": "2022-12-09T10",
                "subba": "ZONK",
                "subba-name": "Long Island - NYIS",
                "parent": "NYIS",
                "parent-name": "New York Independent System Operator",
                "value": "1719",
                "value-units": "megawatthours"
            },
            {
                "period": "2022-12-09T09",
                "subba": "ZONA",
                "subba-name": "West - NYIS",
                "parent": "NYIS",
                "parent-name": "New York Independent System Operator",
                "value": "1485",
                "value-units": "megawatthours"
            },
            {
                "period": "2022-12-09T09",
                "subba": "ZONB",
                "subba-name": "Genesee - NYIS",
                "parent": "NYIS",
                "parent-name": "New York Independent System Operator",
                "value": "958",
                "value-units": "megawatthours"
            },
            {
                "period": "2022-12-09T09",
                "subba": "ZONC",
                "subba-name": "Central - NYIS",
                "parent": "NYIS",
                "parent-name": "New York Independent System Operator",
                "value": "1587",
                "value-units": "megawatthours"
            },
            {
                "period": "2022-12-09T09",
                "subba": "ZOND",
                "subba-name": "North - NYIS",
                "parent": "NYIS",
                "parent-name": "New York Independent System Operator",
                "value": "663",
                "value-units": "megawatthours"
            },
            {
                "period": "2022-12-09T09",
                "subba": "ZONE",
                "subba-name": "Mohawk Valley - NYIS",
                "parent": "NYIS",
                "parent-name": "New York Independent System Operator",
                "value": "685",
                "value-units": "megawatthours"
            },
            {
                "period": "2022-12-09T09",
                "subba": "ZONF",
                "subba-name": "Capital - NYIS",
                "parent": "NYIS",
                "parent-name": "New York Independent System Operator",
                "value": "1124",
                "value-units": "megawatthours"
            },
            {
                "period": "2022-12-09T09",
                "subba": "ZONG",
                "subba-name": "Hudson Valley - NYIS",
                "parent": "NYIS",
                "parent-name": "New York Independent System Operator",
                "value": "896",
                "value-units": "megawatthours"
            },
            {
                "period": "2022-12-09T09",
                "subba": "ZONH",
                "subba-name": "Millwood - NYIS",
                "parent": "NYIS",
                "parent-name": "New York Independent System Operator",
                "value": "261",
                "value-units": "megawatthours"
            },
            {
                "period": "2022-12-09T09",
                "subba": "ZONI",
                "subba-name": "Dunwoodie - NYIS",
                "parent": "NYIS",
                "parent-name": "New York Independent System Operator",
                "value": "510",
                "value-units": "megawatthours"
            },
            {
                "period": "2022-12-09T09",
                "subba": "ZONJ",
                "subba-name": "New York City - NYIS",
                "parent": "NYIS",
                "parent-name": "New York Independent System Operator",
                "value": "4189",
                "value-units": "megawatthours"
            },
            {
                "period": "2022-12-09T09",
                "subba": "ZONK",
                "subba-name": "Long Island - NYIS",
                "parent": "NYIS",
                "parent-name": "New York Independent System Operator",
                "value": "1674",
                "value-units": "megawatthours"
            },
            {
                "period": "2022-12-09T08",
                "subba": "ZONA",
                "subba-name": "West - NYIS",
                "parent": "NYIS",
                "parent-name": "New York Independent System Operator",
                "value": "1495",
                "value-units": "megawatthours"
            },
            {
                "period": "2022-12-09T08",
                "subba": "ZONB",
                "subba-name": "Genesee - NYIS",
                "parent": "NYIS",
                "parent-name": "New York Independent System Operator",
                "value": "962",
                "value-units": "megawatthours"
            },
            {
                "period": "2022-12-09T08",
                "subba": "ZONC",
                "subba-name": "Central - NYIS",
                "parent": "NYIS",
                "parent-name": "New York Independent System Operator",
                "value": "1590",
                "value-units": "megawatthours"
            },
            {
                "period": "2022-12-09T08",
                "subba": "ZOND",
                "subba-name": "North - NYIS",
                "parent": "NYIS",
                "parent-name": "New York Independent System Operator",
                "value": "672",
                "value-units": "megawatthours"
            },
            {
                "period": "2022-12-09T08",
                "subba": "ZONE",
                "subba-name": "Mohawk Valley - NYIS",
                "parent": "NYIS",
                "parent-name": "New York Independent System Operator",
                "value": "684",
                "value-units": "megawatthours"
            },
            {
                "period": "2022-12-09T08",
                "subba": "ZONF",
                "subba-name": "Capital - NYIS",
                "parent": "NYIS",
                "parent-name": "New York Independent System Operator",
                "value": "1115",
                "value-units": "megawatthours"
            },
            {
                "period": "2022-12-09T08",
                "subba": "ZONG",
                "subba-name": "Hudson Valley - NYIS",
                "parent": "NYIS",
                "parent-name": "New York Independent System Operator",
                "value": "896",
                "value-units": "megawatthours"
            },
            {
                "period": "2022-12-09T08",
                "subba": "ZONH",
                "subba-name": "Millwood - NYIS",
                "parent": "NYIS",
                "parent-name": "New York Independent System Operator",
                "value": "260",
                "value-units": "megawatthours"
            },
            {
                "period": "2022-12-09T08",
                "subba": "ZONI",
                "subba-name": "Dunwoodie - NYIS",
                "parent": "NYIS",
                "parent-name": "New York Independent System Operator",
                "value": "514",
                "value-units": "megawatthours"
            },
            {
                "period": "2022-12-09T08",
                "subba": "ZONJ",
                "subba-name": "New York City - NYIS",
                "parent": "NYIS",
                "parent-name": "New York Independent System Operator",
                "value": "4233",
                "value-units": "megawatthours"
            },
            {
                "period": "2022-12-09T08",
                "subba": "ZONK",
                "subba-name": "Long Island - NYIS",
                "parent": "NYIS",
                "parent-name": "New York Independent System Operator",
                "value": "1677",
                "value-units": "megawatthours"
            },
            {
                "period": "2022-12-09T07",
                "subba": "ZONA",
                "subba-name": "West - NYIS",
                "parent": "NYIS",
                "parent-name": "New York Independent System Operator",
                "value": "1505",
                "value-units": "megawatthours"
            },
            {
                "period": "2022-12-09T07",
                "subba": "ZONB",
                "subba-name": "Genesee - NYIS",
                "parent": "NYIS",
                "parent-name": "New York Independent System Operator",
                "value": "982",
                "value-units": "megawatthours"
            },
            {
                "period": "2022-12-09T07",
                "subba": "ZONC",
                "subba-name": "Central - NYIS",
                "parent": "NYIS",
                "parent-name": "New York Independent System Operator",
                "value": "1607",
                "value-units": "megawatthours"
            },
            {
                "period": "2022-12-09T07",
                "subba": "ZOND",
                "subba-name": "North - NYIS",
                "parent": "NYIS",
                "parent-name": "New York Independent System Operator",
                "value": "681",
                "value-units": "megawatthours"
            },
            {
                "period": "2022-12-09T07",
                "subba": "ZONE",
                "subba-name": "Mohawk Valley - NYIS",
                "parent": "NYIS",
                "parent-name": "New York Independent System Operator",
                "value": "688",
                "value-units": "megawatthours"
            },
            {
                "period": "2022-12-09T07",
                "subba": "ZONF",
                "subba-name": "Capital - NYIS",
                "parent": "NYIS",
                "parent-name": "New York Independent System Operator",
                "value": "1130",
                "value-units": "megawatthours"
            },
            {
                "period": "2022-12-09T07",
                "subba": "ZONG",
                "subba-name": "Hudson Valley - NYIS",
                "parent": "NYIS",
                "parent-name": "New York Independent System Operator",
                "value": "906",
                "value-units": "megawatthours"
            },
            {
                "period": "2022-12-09T07",
                "subba": "ZONH",
                "subba-name": "Millwood - NYIS",
                "parent": "NYIS",
                "parent-name": "New York Independent System Operator",
                "value": "263",
                "value-units": "megawatthours"
            },
            {
                "period": "2022-12-09T07",
                "subba": "ZONI",
                "subba-name": "Dunwoodie - NYIS",
                "parent": "NYIS",
                "parent-name": "New York Independent System Operator",
                "value": "521",
                "value-units": "megawatthours"
            },
            {
                "period": "2022-12-09T07",
                "subba": "ZONJ",
                "subba-name": "New York City - NYIS",
                "parent": "NYIS",
                "parent-name": "New York Independent System Operator",
                "value": "4338",
                "value-units": "megawatthours"
            },
            {
                "period": "2022-12-09T07",
                "subba": "ZONK",
                "subba-name": "Long Island - NYIS",
                "parent": "NYIS",
                "parent-name": "New York Independent System Operator",
                "value": "1711",
                "value-units": "megawatthours"
            },
            {
                "period": "2022-12-09T06",
                "subba": "ZONA",
                "subba-name": "West - NYIS",
                "parent": "NYIS",
                "parent-name": "New York Independent System Operator",
                "value": "1533",
                "value-units": "megawatthours"
            },
            {
                "period": "2022-12-09T06",
                "subba": "ZONB",
                "subba-name": "Genesee - NYIS",
                "parent": "NYIS",
                "parent-name": "New York Independent System Operator",
                "value": "1011",
                "value-units": "megawatthours"
            },
            {
                "period": "2022-12-09T06",
                "subba": "ZONC",
                "subba-name": "Central - NYIS",
                "parent": "NYIS",
                "parent-name": "New York Independent System Operator",
                "value": "1640",
                "value-units": "megawatthours"
            },
            {
                "period": "2022-12-09T06",
                "subba": "ZOND",
                "subba-name": "North - NYIS",
                "parent": "NYIS",
                "parent-name": "New York Independent System Operator",
                "value": "692",
                "value-units": "megawatthours"
            },
            {
                "period": "2022-12-09T06",
                "subba": "ZONE",
                "subba-name": "Mohawk Valley - NYIS",
                "parent": "NYIS",
                "parent-name": "New York Independent System Operator",
                "value": "713",
                "value-units": "megawatthours"
            },
            {
                "period": "2022-12-09T06",
                "subba": "ZONF",
                "subba-name": "Capital - NYIS",
                "parent": "NYIS",
                "parent-name": "New York Independent System Operator",
                "value": "1165",
                "value-units": "megawatthours"
            },
            {
                "period": "2022-12-09T06",
                "subba": "ZONG",
                "subba-name": "Hudson Valley - NYIS",
                "parent": "NYIS",
                "parent-name": "New York Independent System Operator",
                "value": "933",
                "value-units": "megawatthours"
            },
            {
                "period": "2022-12-09T06",
                "subba": "ZONH",
                "subba-name": "Millwood - NYIS",
                "parent": "NYIS",
                "parent-name": "New York Independent System Operator",
                "value": "269",
                "value-units": "megawatthours"
            },
            {
                "period": "2022-12-09T06",
                "subba": "ZONI",
                "subba-name": "Dunwoodie - NYIS",
                "parent": "NYIS",
                "parent-name": "New York Independent System Operator",
                "value": "530",
                "value-units": "megawatthours"
            },
            {
                "period": "2022-12-09T06",
                "subba": "ZONJ",
                "subba-name": "New York City - NYIS",
                "parent": "NYIS",
                "parent-name": "New York Independent System Operator",
                "value": "4520",
                "value-units": "megawatthours"
            },
            {
                "period": "2022-12-09T06",
                "subba": "ZONK",
                "subba-name": "Long Island - NYIS",
                "parent": "NYIS",
                "parent-name": "New York Independent System Operator",
                "value": "1783",
                "value-units": "megawatthours"
            },
            {
                "period": "2022-12-09T05",
                "subba": "ZONA",
                "subba-name": "West - NYIS",
                "parent": "NYIS",
                "parent-name": "New York Independent System Operator",
                "value": "1596",
                "value-units": "megawatthours"
            },
            {
                "period": "2022-12-09T05",
                "subba": "ZONB",
                "subba-name": "Genesee - NYIS",
                "parent": "NYIS",
                "parent-name": "New York Independent System Operator",
                "value": "1047",
                "value-units": "megawatthours"
            },
            {
                "period": "2022-12-09T05",
                "subba": "ZONC",
                "subba-name": "Central - NYIS",
                "parent": "NYIS",
                "parent-name": "New York Independent System Operator",
                "value": "1656",
                "value-units": "megawatthours"
            },
            {
                "period": "2022-12-09T05",
                "subba": "ZOND",
                "subba-name": "North - NYIS",
                "parent": "NYIS",
                "parent-name": "New York Independent System Operator",
                "value": "673",
                "value-units": "megawatthours"
            },
            {
                "period": "2022-12-09T05",
                "subba": "ZONE",
                "subba-name": "Mohawk Valley - NYIS",
                "parent": "NYIS",
                "parent-name": "New York Independent System Operator",
                "value": "738",
                "value-units": "megawatthours"
            },
            {
                "period": "2022-12-09T05",
                "subba": "ZONF",
                "subba-name": "Capital - NYIS",
                "parent": "NYIS",
                "parent-name": "New York Independent System Operator",
                "value": "1214",
                "value-units": "megawatthours"
            },
            {
                "period": "2022-12-09T05",
                "subba": "ZONG",
                "subba-name": "Hudson Valley - NYIS",
                "parent": "NYIS",
                "parent-name": "New York Independent System Operator",
                "value": "983",
                "value-units": "megawatthours"
            },
            {
                "period": "2022-12-09T05",
                "subba": "ZONH",
                "subba-name": "Millwood - NYIS",
                "parent": "NYIS",
                "parent-name": "New York Independent System Operator",
                "value": "286",
                "value-units": "megawatthours"
            },
            {
                "period": "2022-12-09T05",
                "subba": "ZONI",
                "subba-name": "Dunwoodie - NYIS",
                "parent": "NYIS",
                "parent-name": "New York Independent System Operator",
                "value": "556",
                "value-units": "megawatthours"
            },
            {
                "period": "2022-12-09T05",
                "subba": "ZONJ",
                "subba-name": "New York City - NYIS",
                "parent": "NYIS",
                "parent-name": "New York Independent System Operator",
                "value": "4783",
                "value-units": "megawatthours"
            },
            {
                "period": "2022-12-09T05",
                "subba": "ZONK",
                "subba-name": "Long Island - NYIS",
                "parent": "NYIS",
                "parent-name": "New York Independent System Operator",
                "value": "1915",
                "value-units": "megawatthours"
            },
            {
                "period": "2022-12-09T04",
                "subba": "ZONA",
                "subba-name": "West - NYIS",
                "parent": "NYIS",
                "parent-name": "New York Independent System Operator",
                "value": "1676",
                "value-units": "megawatthours"
            },
            {
                "period": "2022-12-09T04",
                "subba": "ZONB",
                "subba-name": "Genesee - NYIS",
                "parent": "NYIS",
                "parent-name": "New York Independent System Operator",
                "value": "1102",
                "value-units": "megawatthours"
            },
            {
                "period": "2022-12-09T04",
                "subba": "ZONC",
                "subba-name": "Central - NYIS",
                "parent": "NYIS",
                "parent-name": "New York Independent System Operator",
                "value": "1726",
                "value-units": "megawatthours"
            },
            {
                "period": "2022-12-09T04",
                "subba": "ZOND",
                "subba-name": "North - NYIS",
                "parent": "NYIS",
                "parent-name": "New York Independent System Operator",
                "value": "694",
                "value-units": "megawatthours"
            },
            {
                "period": "2022-12-09T04",
                "subba": "ZONE",
                "subba-name": "Mohawk Valley - NYIS",
                "parent": "NYIS",
                "parent-name": "New York Independent System Operator",
                "value": "803",
                "value-units": "megawatthours"
            },
            {
                "period": "2022-12-09T04",
                "subba": "ZONF",
                "subba-name": "Capital - NYIS",
                "parent": "NYIS",
                "parent-name": "New York Independent System Operator",
                "value": "1302",
                "value-units": "megawatthours"
            },
            {
                "period": "2022-12-09T04",
                "subba": "ZONG",
                "subba-name": "Hudson Valley - NYIS",
                "parent": "NYIS",
                "parent-name": "New York Independent System Operator",
                "value": "1054",
                "value-units": "megawatthours"
            },
            {
                "period": "2022-12-09T04",
                "subba": "ZONH",
                "subba-name": "Millwood - NYIS",
                "parent": "NYIS",
                "parent-name": "New York Independent System Operator",
                "value": "311",
                "value-units": "megawatthours"
            },
            {
                "period": "2022-12-09T04",
                "subba": "ZONI",
                "subba-name": "Dunwoodie - NYIS",
                "parent": "NYIS",
                "parent-name": "New York Independent System Operator",
                "value": "599",
                "value-units": "megawatthours"
            },
            {
                "period": "2022-12-09T04",
                "subba": "ZONJ",
                "subba-name": "New York City - NYIS",
                "parent": "NYIS",
                "parent-name": "New York Independent System Operator",
                "value": "5087",
                "value-units": "megawatthours"
            },
            {
                "period": "2022-12-09T04",
                "subba": "ZONK",
                "subba-name": "Long Island - NYIS",
                "parent": "NYIS",
                "parent-name": "New York Independent System Operator",
                "value": "2085",
                "value-units": "megawatthours"
            },
            {
                "period": "2022-12-09T03",
                "subba": "ZONA",
                "subba-name": "West - NYIS",
                "parent": "NYIS",
                "parent-name": "New York Independent System Operator",
                "value": "1756",
                "value-units": "megawatthours"
            },
            {
                "period": "2022-12-09T03",
                "subba": "ZONB",
                "subba-name": "Genesee - NYIS",
                "parent": "NYIS",
                "parent-name": "New York Independent System Operator",
                "value": "1177",
                "value-units": "megawatthours"
            },
            {
                "period": "2022-12-09T03",
                "subba": "ZONC",
                "subba-name": "Central - NYIS",
                "parent": "NYIS",
                "parent-name": "New York Independent System Operator",
                "value": "1885",
                "value-units": "megawatthours"
            },
            {
                "period": "2022-12-09T03",
                "subba": "ZOND",
                "subba-name": "North - NYIS",
                "parent": "NYIS",
                "parent-name": "New York Independent System Operator",
                "value": "723",
                "value-units": "megawatthours"
            },
            {
                "period": "2022-12-09T03",
                "subba": "ZONE",
                "subba-name": "Mohawk Valley - NYIS",
                "parent": "NYIS",
                "parent-name": "New York Independent System Operator",
                "value": "889",
                "value-units": "megawatthours"
            },
            {
                "period": "2022-12-09T03",
                "subba": "ZONF",
                "subba-name": "Capital - NYIS",
                "parent": "NYIS",
                "parent-name": "New York Independent System Operator",
                "value": "1384",
                "value-units": "megawatthours"
            },
            {
                "period": "2022-12-09T03",
                "subba": "ZONG",
                "subba-name": "Hudson Valley - NYIS",
                "parent": "NYIS",
                "parent-name": "New York Independent System Operator",
                "value": "1128",
                "value-units": "megawatthours"
            },
            {
                "period": "2022-12-09T03",
                "subba": "ZONH",
                "subba-name": "Millwood - NYIS",
                "parent": "NYIS",
                "parent-name": "New York Independent System Operator",
                "value": "341",
                "value-units": "megawatthours"
            },
            {
                "period": "2022-12-09T03",
                "subba": "ZONI",
                "subba-name": "Dunwoodie - NYIS",
                "parent": "NYIS",
                "parent-name": "New York Independent System Operator",
                "value": "647",
                "value-units": "megawatthours"
            },
            {
                "period": "2022-12-09T03",
                "subba": "ZONJ",
                "subba-name": "New York City - NYIS",
                "parent": "NYIS",
                "parent-name": "New York Independent System Operator",
                "value": "5395",
                "value-units": "megawatthours"
            },
            {
                "period": "2022-12-09T03",
                "subba": "ZONK",
                "subba-name": "Long Island - NYIS",
                "parent": "NYIS",
                "parent-name": "New York Independent System Operator",
                "value": "2259",
                "value-units": "megawatthours"
            },
            {
                "period": "2022-12-09T02",
                "subba": "ZONA",
                "subba-name": "West - NYIS",
                "parent": "NYIS",
                "parent-name": "New York Independent System Operator",
                "value": "1804",
                "value-units": "megawatthours"
            },
            {
                "period": "2022-12-09T02",
                "subba": "ZONB",
                "subba-name": "Genesee - NYIS",
                "parent": "NYIS",
                "parent-name": "New York Independent System Operator",
                "value": "1237",
                "value-units": "megawatthours"
            },
            {
                "period": "2022-12-09T02",
                "subba": "ZONC",
                "subba-name": "Central - NYIS",
                "parent": "NYIS",
                "parent-name": "New York Independent System Operator",
                "value": "1965",
                "value-units": "megawatthours"
            },
            {
                "period": "2022-12-09T02",
                "subba": "ZOND",
                "subba-name": "North - NYIS",
                "parent": "NYIS",
                "parent-name": "New York Independent System Operator",
                "value": "739",
                "value-units": "megawatthours"
            },
            {
                "period": "2022-12-09T02",
                "subba": "ZONE",
                "subba-name": "Mohawk Valley - NYIS",
                "parent": "NYIS",
                "parent-name": "New York Independent System Operator",
                "value": "926",
                "value-units": "megawatthours"
            },
            {
                "period": "2022-12-09T02",
                "subba": "ZONF",
                "subba-name": "Capital - NYIS",
                "parent": "NYIS",
                "parent-name": "New York Independent System Operator",
                "value": "1448",
                "value-units": "megawatthours"
            },
            {
                "period": "2022-12-09T02",
                "subba": "ZONG",
                "subba-name": "Hudson Valley - NYIS",
                "parent": "NYIS",
                "parent-name": "New York Independent System Operator",
                "value": "1179",
                "value-units": "megawatthours"
            },
            {
                "period": "2022-12-09T02",
                "subba": "ZONH",
                "subba-name": "Millwood - NYIS",
                "parent": "NYIS",
                "parent-name": "New York Independent System Operator",
                "value": "358",
                "value-units": "megawatthours"
            },
            {
                "period": "2022-12-09T02",
                "subba": "ZONI",
                "subba-name": "Dunwoodie - NYIS",
                "parent": "NYIS",
                "parent-name": "New York Independent System Operator",
                "value": "675",
                "value-units": "megawatthours"
            },
            {
                "period": "2022-12-09T02",
                "subba": "ZONJ",
                "subba-name": "New York City - NYIS",
                "parent": "NYIS",
                "parent-name": "New York Independent System Operator",
                "value": "5585",
                "value-units": "megawatthours"
            },
            {
                "period": "2022-12-09T02",
                "subba": "ZONK",
                "subba-name": "Long Island - NYIS",
                "parent": "NYIS",
                "parent-name": "New York Independent System Operator",
                "value": "2382",
                "value-units": "megawatthours"
            },
            {
                "period": "2022-12-09T01",
                "subba": "ZONA",
                "subba-name": "West - NYIS",
                "parent": "NYIS",
                "parent-name": "New York Independent System Operator",
                "value": "1847",
                "value-units": "megawatthours"
            },
            {
                "period": "2022-12-09T01",
                "subba": "ZONB",
                "subba-name": "Genesee - NYIS",
                "parent": "NYIS",
                "parent-name": "New York Independent System Operator",
                "value": "1273",
                "value-units": "megawatthours"
            },
            {
                "period": "2022-12-09T01",
                "subba": "ZONC",
                "subba-name": "Central - NYIS",
                "parent": "NYIS",
                "parent-name": "New York Independent System Operator",
                "value": "2025",
                "value-units": "megawatthours"
            },
            {
                "period": "2022-12-09T01",
                "subba": "ZOND",
                "subba-name": "North - NYIS",
                "parent": "NYIS",
                "parent-name": "New York Independent System Operator",
                "value": "742",
                "value-units": "megawatthours"
            },
            {
                "period": "2022-12-09T01",
                "subba": "ZONE",
                "subba-name": "Mohawk Valley - NYIS",
                "parent": "NYIS",
                "parent-name": "New York Independent System Operator",
                "value": "948",
                "value-units": "megawatthours"
            },
            {
                "period": "2022-12-09T01",
                "subba": "ZONF",
                "subba-name": "Capital - NYIS",
                "parent": "NYIS",
                "parent-name": "New York Independent System Operator",
                "value": "1486",
                "value-units": "megawatthours"
            },
            {
                "period": "2022-12-09T01",
                "subba": "ZONG",
                "subba-name": "Hudson Valley - NYIS",
                "parent": "NYIS",
                "parent-name": "New York Independent System Operator",
                "value": "1203",
                "value-units": "megawatthours"
            },
            {
                "period": "2022-12-09T01",
                "subba": "ZONH",
                "subba-name": "Millwood - NYIS",
                "parent": "NYIS",
                "parent-name": "New York Independent System Operator",
                "value": "369",
                "value-units": "megawatthours"
            },
            {
                "period": "2022-12-09T01",
                "subba": "ZONI",
                "subba-name": "Dunwoodie - NYIS",
                "parent": "NYIS",
                "parent-name": "New York Independent System Operator",
                "value": "697",
                "value-units": "megawatthours"
            },
            {
                "period": "2022-12-09T01",
                "subba": "ZONJ",
                "subba-name": "New York City - NYIS",
                "parent": "NYIS",
                "parent-name": "New York Independent System Operator",
                "value": "5761",
                "value-units": "megawatthours"
            },
            {
                "period": "2022-12-09T01",
                "subba": "ZONK",
                "subba-name": "Long Island - NYIS",
                "parent": "NYIS",
                "parent-name": "New York Independent System Operator",
                "value": "2459",
                "value-units": "megawatthours"
            },
            {
                "period": "2022-12-09T00",
                "subba": "ZONA",
                "subba-name": "West - NYIS",
                "parent": "NYIS",
                "parent-name": "New York Independent System Operator",
                "value": "1873",
                "value-units": "megawatthours"
            },
            {
                "period": "2022-12-09T00",
                "subba": "ZONB",
                "subba-name": "Genesee - NYIS",
                "parent": "NYIS",
                "parent-name": "New York Independent System Operator",
                "value": "1295",
                "value-units": "megawatthours"
            },
            {
                "period": "2022-12-09T00",
                "subba": "ZONC",
                "subba-name": "Central - NYIS",
                "parent": "NYIS",
                "parent-name": "New York Independent System Operator",
                "value": "2058",
                "value-units": "megawatthours"
            },
            {
                "period": "2022-12-09T00",
                "subba": "ZOND",
                "subba-name": "North - NYIS",
                "parent": "NYIS",
                "parent-name": "New York Independent System Operator",
                "value": "749",
                "value-units": "megawatthours"
            },
            {
                "period": "2022-12-09T00",
                "subba": "ZONE",
                "subba-name": "Mohawk Valley - NYIS",
                "parent": "NYIS",
                "parent-name": "New York Independent System Operator",
                "value": "965",
                "value-units": "megawatthours"
            },
            {
                "period": "2022-12-09T00",
                "subba": "ZONF",
                "subba-name": "Capital - NYIS",
                "parent": "NYIS",
                "parent-name": "New York Independent System Operator",
                "value": "1511",
                "value-units": "megawatthours"
            },
            {
                "period": "2022-12-09T00",
                "subba": "ZONG",
                "subba-name": "Hudson Valley - NYIS",
                "parent": "NYIS",
                "parent-name": "New York Independent System Operator",
                "value": "1220",
                "value-units": "megawatthours"
            },
            {
                "period": "2022-12-09T00",
                "subba": "ZONH",
                "subba-name": "Millwood - NYIS",
                "parent": "NYIS",
                "parent-name": "New York Independent System Operator",
                "value": "375",
                "value-units": "megawatthours"
            },
            {
                "period": "2022-12-09T00",
                "subba": "ZONI",
                "subba-name": "Dunwoodie - NYIS",
                "parent": "NYIS",
                "parent-name": "New York Independent System Operator",
                "value": "712",
                "value-units": "megawatthours"
            },
            {
                "period": "2022-12-09T00",
                "subba": "ZONJ",
                "subba-name": "New York City - NYIS",
                "parent": "NYIS",
                "parent-name": "New York Independent System Operator",
                "value": "5938",
                "value-units": "megawatthours"
            },
            {
                "period": "2022-12-09T00",
                "subba": "ZONK",
                "subba-name": "Long Island - NYIS",
                "parent": "NYIS",
                "parent-name": "New York Independent System Operator",
                "value": "2525",
                "value-units": "megawatthours"
            }
        ],
        "description": "Hourly demand by balancing authority subregion.  \n    Source: Form EIA-930\n    Product: Hourly Electric Grid Monitor"
    },
    "request": {
        "command": "/v2/electricity/rto/region-sub-ba-data/data/",
        "params": {
            "frequency": "hourly",
            "data": [
                "value"
            ],
            "sort": [
                {
                    "column": "period",
                    "direction": "desc"
                }
            ],
            "facets": {
                "parent": [
                    "NYIS"
                ]
            },
            "offset": "0",
            "length": "5000",
            "start": "2022-12-09",
            "end": "2022-12-10",
            "api_key": "dqRq8VpXSoyUrCbrPhuYFxGl6Rul9kmVcRshZ98c"
        }
    },
    "apiVersion": "2.1.8",
    "ExcelAddInVersion": "2.1.0"
}