{
    "response": {
        "total": "275",
        "dateFormat": "YYYY-MM-DD\"T\"HH24",
        "frequency": "hourly",
        "data": [
            {
                "period": "2022-04-08T00",
                "subba": "ZONA",
                "subba-name": "West - NYIS",
                "parent": "NYIS",
                "parent-name": "New York Independent System Operator",
                "value": "1704",
                "value-units": "megawatthours"
            },
            {
                "period": "2022-04-08T00",
                "subba": "ZONB",
                "subba-name": "Genesee - NYIS",
                "parent": "NYIS",
                "parent-name": "New York Independent System Operator",
                "value": "1118",
                "value-units": "megawatthours"
            },
            {
                "period": "2022-04-08T00",
                "subba": "ZONC",
                "subba-name": "Central - NYIS",
                "parent": "NYIS",
                "parent-name": "New York Independent System Operator",
                "value": "1874",
                "value-units": "megawatthours"
            },
            {
                "period": "2022-04-08T00",
                "subba": "ZOND",
                "subba-name": "North - NYIS",
                "parent": "NYIS",
                "parent-name": "New York Independent System Operator",
                "value": "727",
                "value-units": "megawatthours"
            },
            {
                "period": "2022-04-08T00",
                "subba": "ZONE",
                "subba-name": "Mohawk Valley - NYIS",
                "parent": "NYIS",
                "parent-name": "New York Independent System Operator",
                "value": "884",
                "value-units": "megawatthours"
            },
            {
                "period": "2022-04-08T00",
                "subba": "ZONF",
                "subba-name": "Capital - NYIS",
                "parent": "NYIS",
                "parent-name": "New York Independent System Operator",
                "value": "1388",
                "value-units": "megawatthours"
            },
            {
                "period": "2022-04-08T00",
                "subba": "ZONG",
                "subba-name": "Hudson Valley - NYIS",
                "parent": "NYIS",
                "parent-name": "New York Independent System Operator",
                "value": "1139",
                "value-units": "megawatthours"
            },
            {
                "period": "2022-04-08T00",
                "subba": "ZONH",
                "subba-name": "Millwood - NYIS",
                "parent": "NYIS",
                "parent-name": "New York Independent System Operator",
                "value": "378",
                "value-units": "megawatthours"
            },
            {
                "period": "2022-04-08T00",
                "subba": "ZONI",
                "subba-name": "Dunwoodie - NYIS",
                "parent": "NYIS",
                "parent-name": "New York Independent System Operator",
                "value": "697",
                "value-units": "megawatthours"
            },
            {
                "period": "2022-04-08T00",
                "subba": "ZONJ",
                "subba-name": "New York City - NYIS",
                "parent": "NYIS",
                "parent-name": "New York Independent System Operator",
                "value": "5776",
                "value-units": "megawatthours"
            },
            {
                "period": "2022-04-08T00",
                "subba": "ZONK",
                "subba-name": "Long Island - NYIS",
                "parent": "NYIS",
                "parent-name": "New York Independent System Operator",
                "value": "2399",
                "value-units": "megawatthours"
            },
            {
                "period": "2022-04-07T23",
                "subba": "ZONA",
                "subba-name": "West - NYIS",
                "parent": "NYIS",
                "parent-name": "New York Independent System Operator",
                "value": "1682",
                "value-units": "megawatthours"
            },
            {
                "period": "2022-04-07T23",
                "subba": "ZONB",
                "subba-name": "Genesee - NYIS",
                "parent": "NYIS",
                "parent-name": "New York Independent System Operator",
                "value": "1112",
                "value-units": "megawatthours"
            },
            {
                "period": "2022-04-07T23",
                "subba": "ZONC",
                "subba-name": "Central - NYIS",
                "parent": "NYIS",
                "parent-name": "New York Independent System Operator",
                "value": "1875",
                "value-units": "megawatthours"
            },
            {
                "period": "2022-04-07T23",
                "subba": "ZOND",
                "subba-name": "North - NYIS",
                "parent": "NYIS",
                "parent-name": "New York Independent System Operator",
                "value": "715",
                "value-units": "megawatthours"
            },
            {
                "period": "2022-04-07T23",
                "subba": "ZONE",
                "subba-name": "Mohawk Valley - NYIS",
                "parent": "NYIS",
                "parent-name": "New York Independent System Operator",
                "value": "895",
                "value-units": "megawatthours"
            },
            {
                "period": "2022-04-07T23",
                "subba": "ZONF",
                "subba-name": "Capital - NYIS",
                "parent": "NYIS",
                "parent-name": "New York Independent System Operator",
                "value": "1405",
                "value-units": "megawatthours"
            },
            {
                "period": "2022-04-07T23",
                "subba": "ZONG",
                "subba-name": "Hudson Valley - NYIS",
                "parent": "NYIS",
                "parent-name": "New York Independent System Operator",
                "value": "1135",
                "value-units": "megawatthours"
            },
            {
                "period": "2022-04-07T23",
                "subba": "ZONH",
                "subba-name": "Millwood - NYIS",
                "parent": "NYIS",
                "parent-name": "New York Independent System Operator",
                "value": "381",
                "value-units": "megawatthours"
            },
            {
                "period": "2022-04-07T23",
                "subba": "ZONI",
                "subba-name": "Dunwoodie - NYIS",
                "parent": "NYIS",
                "parent-name": "New York Independent System Operator",
                "value": "704",
                "value-units": "megawatthours"
            },
            {
                "period": "2022-04-07T23",
                "subba": "ZONJ",
                "subba-name": "New York City - NYIS",
                "parent": "NYIS",
                "parent-name": "New York Independent System Operator",
                "value": "5873",
                "value-units": "megawatthours"
            },
            {
                "period": "2022-04-07T23",
                "subba": "ZONK",
                "subba-name": "Long Island - NYIS",
                "parent": "NYIS",
                "parent-name": "New York Independent System Operator",
                "value": "2395",
                "value-units": "megawatthours"
            },
            {
                "period": "2022-04-07T22",
                "subba": "ZONA",
                "subba-name": "West - NYIS",
                "parent": "NYIS",
                "parent-name": "New York Independent System Operator",
                "value": "1656",
                "value-units": "megawatthours"
            },
            {
                "period": "2022-04-07T22",
                "subba": "ZONB",
                "subba-name": "Genesee - NYIS",
                "parent": "NYIS",
                "parent-name": "New York Independent System Operator",
                "value": "1104",
                "value-units": "megawatthours"
            },
            {
                "period": "2022-04-07T22",
                "subba": "ZONC",
                "subba-name": "Central - NYIS",
                "parent": "NYIS",
                "parent-name": "New York Independent System Operator",
                "value": "1873",
                "value-units": "megawatthours"
            },
            {
                "period": "2022-04-07T22",
                "subba": "ZOND",
                "subba-name": "North - NYIS",
                "parent": "NYIS",
                "parent-name": "New York Independent System Operator",
                "value": "718",
                "value-units": "megawatthours"
            },
            {
                "period": "2022-04-07T22",
                "subba": "ZONE",
                "subba-name": "Mohawk Valley - NYIS",
                "parent": "NYIS",
                "parent-name": "New York Independent System Operator",
                "value": "902",
                "value-units": "megawatthours"
            },
            {
                "period": "2022-04-07T22",
                "subba": "ZONF",
                "subba-name": "Capital - NYIS",
                "parent": "NYIS",
                "parent-name": "New York Independent System Operator",
                "value": "1408",
                "value-units": "megawatthours"
            },
            {
                "period": "2022-04-07T22",
                "subba": "ZONG",
                "subba-name": "Hudson Valley - NYIS",
                "parent": "NYIS",
                "parent-name": "New York Independent System Operator",
                "value": "1130",
                "value-units": "megawatthours"
            },
            {
                "period": "2022-04-07T22",
                "subba": "ZONH",
                "subba-name": "Millwood - NYIS",
                "parent": "NYIS",
                "parent-name": "New York Independent System Operator",
                "value": "378",
                "value-units": "megawatthours"
            },
            {
                "period": "2022-04-07T22",
                "subba": "ZONI",
                "subba-name": "Dunwoodie - NYIS",
                "parent": "NYIS",
                "parent-name": "New York Independent System Operator",
                "value": "704",
                "value-units": "megawatthours"
            },
            {
                "period": "2022-04-07T22",
                "subba": "ZONJ",
                "subba-name": "New York City - NYIS",
                "parent": "NYIS",
                "parent-name": "New York Independent System Operator",
                "value": "5998",
                "value-units": "megawatthours"
            },
            {
                "period": "2022-04-07T22",
                "subba": "ZONK",
                "subba-name": "Long Island - NYIS",
                "parent": "NYIS",
                "parent-name": "New York Independent System Operator",
                "value": "2374",
                "value-units": "megawatthours"
            },
            {
                "period": "2022-04-07T21",
                "subba": "ZONA",
                "subba-name": "West - NYIS",
                "parent": "NYIS",
                "parent-name": "New York Independent System Operator",
                "value": "1661",
                "value-units": "megawatthours"
            },
            {
                "period": "2022-04-07T21",
                "subba": "ZONB",
                "subba-name": "Genesee - NYIS",
                "parent": "NYIS",
                "parent-name": "New York Independent System Operator",
                "value": "1090",
                "value-units": "megawatthours"
            },
            {
                "period": "2022-04-07T21",
                "subba": "ZONC",
                "subba-name": "Central - NYIS",
                "parent": "NYIS",
                "parent-name": "New York Independent System Operator",
                "value": "1849",
                "value-units": "megawatthours"
            },
            {
                "period": "2022-04-07T21",
                "subba": "ZOND",
                "subba-name": "North - NYIS",
                "parent": "NYIS",
                "parent-name": "New York Independent System Operator",
                "value": "717",
                "value-units": "megawatthours"
            },
            {
                "period": "2022-04-07T21",
                "subba": "ZONE",
                "subba-name": "Mohawk Valley - NYIS",
                "parent": "NYIS",
                "parent-name": "New York Independent System Operator",
                "value": "887",
                "value-units": "megawatthours"
            },
            {
                "period": "2022-04-07T21",
                "subba": "ZONF",
                "subba-name": "Capital - NYIS",
                "parent": "NYIS",
                "parent-name": "New York Independent System Operator",
                "value": "1372",
                "value-units": "megawatthours"
            },
            {
                "period": "2022-04-07T21",
                "subba": "ZONG",
                "subba-name": "Hudson Valley - NYIS",
                "parent": "NYIS",
                "parent-name": "New York Independent System Operator",
                "value": "1107",
                "value-units": "megawatthours"
            },
            {
                "period": "2022-04-07T21",
                "subba": "ZONH",
                "subba-name": "Millwood - NYIS",
                "parent": "NYIS",
                "parent-name": "New York Independent System Operator",
                "value": "369",
                "value-units": "megawatthours"
            },
            {
                "period": "2022-04-07T21",
                "subba": "ZONI",
                "subba-name": "Dunwoodie - NYIS",
                "parent": "NYIS",
                "parent-name": "New York Independent System Operator",
                "value": "691",
                "value-units": "megawatthours"
            },
            {
                "period": "2022-04-07T21",
                "subba": "ZONJ",
                "subba-name": "New York City - NYIS",
                "parent": "NYIS",
                "parent-name": "New York Independent System Operator",
                "value": "5999",
                "value-units": "megawatthours"
            },
            {
                "period": "2022-04-07T21",
                "subba": "ZONK",
                "subba-name": "Long Island - NYIS",
                "parent": "NYIS",
                "parent-name": "New York Independent System Operator",
                "value": "2315",
                "value-units": "megawatthours"
            },
            {
                "period": "2022-04-07T20",
                "subba": "ZONA",
                "subba-name": "West - NYIS",
                "parent": "NYIS",
                "parent-name": "New York Independent System Operator",
                "value": "1660",
                "value-units": "megawatthours"
            },
            {
                "period": "2022-04-07T20",
                "subba": "ZONB",
                "subba-name": "Genesee - NYIS",
                "parent": "NYIS",
                "parent-name": "New York Independent System Operator",
                "value": "1085",
                "value-units": "megawatthours"
            },
            {
                "period": "2022-04-07T20",
                "subba": "ZONC",
                "subba-name": "Central - NYIS",
                "parent": "NYIS",
                "parent-name": "New York Independent System Operator",
                "value": "1824",
                "value-units": "megawatthours"
            },
            {
                "period": "2022-04-07T20",
                "subba": "ZOND",
                "subba-name": "North - NYIS",
                "parent": "NYIS",
                "parent-name": "New York Independent System Operator",
                "value": "718",
                "value-units": "megawatthours"
            },
            {
                "period": "2022-04-07T20",
                "subba": "ZONE",
                "subba-name": "Mohawk Valley - NYIS",
                "parent": "NYIS",
                "parent-name": "New York Independent System Operator",
                "value": "889",
                "value-units": "megawatthours"
            },
            {
                "period": "2022-04-07T20",
                "subba": "ZONF",
                "subba-name": "Capital - NYIS",
                "parent": "NYIS",
                "parent-name": "New York Independent System Operator",
                "value": "1339",
                "value-units": "megawatthours"
            },
            {
                "period": "2022-04-07T20",
                "subba": "ZONG",
                "subba-name": "Hudson Valley - NYIS",
                "parent": "NYIS",
                "parent-name": "New York Independent System Operator",
                "value": "1084",
                "value-units": "megawatthours"
            },
            {
                "period": "2022-04-07T20",
                "subba": "ZONH",
                "subba-name": "Millwood - NYIS",
                "parent": "NYIS",
                "parent-name": "New York Independent System Operator",
                "value": "363",
                "value-units": "megawatthours"
            },
            {
                "period": "2022-04-07T20",
                "subba": "ZONI",
                "subba-name": "Dunwoodie - NYIS",
                "parent": "NYIS",
                "parent-name": "New York Independent System Operator",
                "value": "686",
                "value-units": "megawatthours"
            },
            {
                "period": "2022-04-07T20",
                "subba": "ZONJ",
                "subba-name": "New York City - NYIS",
                "parent": "NYIS",
                "parent-name": "New York Independent System Operator",
                "value": "5949",
                "value-units": "megawatthours"
            },
            {
                "period": "2022-04-07T20",
                "subba": "ZONK",
                "subba-name": "Long Island - NYIS",
                "parent": "NYIS",
                "parent-name": "New York Independent System Operator",
                "value": "2254",
                "value-units": "megawatthours"
            },
            {
                "period": "2022-04-07T19",
                "subba": "ZONA",
                "subba-name": "West - NYIS",
                "parent": "NYIS",
                "parent-name": "New York Independent System Operator",
                "value": "1668",
                "value-units": "megawatthours"
            },
            {
                "period": "2022-04-07T19",
                "subba": "ZONB",
                "subba-name": "Genesee - NYIS",
                "parent": "NYIS",
                "parent-name": "New York Independent System Operator",
                "value": "1086",
                "value-units": "megawatthours"
            },
            {
                "period": "2022-04-07T19",
                "subba": "ZONC",
                "subba-name": "Central - NYIS",
                "parent": "NYIS",
                "parent-name": "New York Independent System Operator",
                "value": "1835",
                "value-units": "megawatthours"
            },
            {
                "period": "2022-04-07T19",
                "subba": "ZOND",
                "subba-name": "North - NYIS",
                "parent": "NYIS",
                "parent-name": "New York Independent System Operator",
                "value": "703",
                "value-units": "megawatthours"
            },
            {
                "period": "2022-04-07T19",
                "subba": "ZONE",
                "subba-name": "Mohawk Valley - NYIS",
                "parent": "NYIS",
                "parent-name": "New York Independent System Operator",
                "value": "880",
                "value-units": "megawatthours"
            },
            {
                "period": "2022-04-07T19",
                "subba": "ZONF",
                "subba-name": "Capital - NYIS",
                "parent": "NYIS",
                "parent-name": "New York Independent System Operator",
                "value": "1322",
                "value-units": "megawatthours"
            },
            {
                "period": "2022-04-07T19",
                "subba": "ZONG",
                "subba-name": "Hudson Valley - NYIS",
                "parent": "NYIS",
                "parent-name": "New York Independent System Operator",
                "value": "1076",
                "value-units": "megawatthours"
            },
            {
                "period": "2022-04-07T19",
                "subba": "ZONH",
                "subba-name": "Millwood - NYIS",
                "parent": "NYIS",
                "parent-name": "New York Independent System Operator",
                "value": "356",
                "value-units": "megawatthours"
            },
            {
                "period": "2022-04-07T19",
                "subba": "ZONI",
                "subba-name": "Dunwoodie - NYIS",
                "parent": "NYIS",
                "parent-name": "New York Independent System Operator",
                "value": "682",
                "value-units": "megawatthours"
            },
            {
                "period": "2022-04-07T19",
                "subba": "ZONJ",
                "subba-name": "New York City - NYIS",
                "parent": "NYIS",
                "parent-name": "New York Independent System Operator",
                "value": "5932",
                "value-units": "megawatthours"
            },
            {
                "period": "2022-04-07T19",
                "subba": "ZONK",
                "subba-name": "Long Island - NYIS",
                "parent": "NYIS",
                "parent-name": "New York Independent System Operator",
                "value": "2226",
                "value-units": "megawatthours"
            },
            {
                "period": "2022-04-07T18",
                "subba": "ZONA",
                "subba-name": "West - NYIS",
                "parent": "NYIS",
                "parent-name": "New York Independent System Operator",
                "value": "1682",
                "value-units": "megawatthours"
            },
            {
                "period": "2022-04-07T18",
                "subba": "ZONB",
                "subba-name": "Genesee - NYIS",
                "parent": "NYIS",
                "parent-name": "New York Independent System Operator",
                "value": "1094",
                "value-units": "megawatthours"
            },
            {
                "period": "2022-04-07T18",
                "subba": "ZONC",
                "subba-name": "Central - NYIS",
                "parent": "NYIS",
                "parent-name": "New York Independent System Operator",
                "value": "1838",
                "value-units": "megawatthours"
            },
            {
                "period": "2022-04-07T18",
                "subba": "ZOND",
                "subba-name": "North - NYIS",
                "parent": "NYIS",
                "parent-name": "New York Independent System Operator",
                "value": "699",
                "value-units": "megawatthours"
            },
            {
                "period": "2022-04-07T18",
                "subba": "ZONE",
                "subba-name": "Mohawk Valley - NYIS",
                "parent": "NYIS",
                "parent-name": "New York Independent System Operator",
                "value": "880",
                "value-units": "megawatthours"
            },
            {
                "period": "2022-04-07T18",
                "subba": "ZONF",
                "subba-name": "Capital - NYIS",
                "parent": "NYIS",
                "parent-name": "New York Independent System Operator",
                "value": "1330",
                "value-units": "megawatthours"
            },
            {
                "period": "2022-04-07T18",
                "subba": "ZONG",
                "subba-name": "Hudson Valley - NYIS",
                "parent": "NYIS",
                "parent-name": "New York Independent System Operator",
                "value": "1066",
                "value-units": "megawatthours"
            },
            {
                "period": "2022-04-07T18",
                "subba": "ZONH",
                "subba-name": "Millwood - NYIS",
                "parent": "NYIS",
                "parent-name": "New York Independent System Operator",
                "value": "356",
                "value-units": "megawatthours"
            },
            {
                "period": "2022-04-07T18",
                "subba": "ZONI",
                "subba-name": "Dunwoodie - NYIS",
                "parent": "NYIS",
                "parent-name": "New York Independent System Operator",
                "value": "687",
                "value-units": "megawatthours"
            },
            {
                "period": "2022-04-07T18",
                "subba": "ZONJ",
                "subba-name": "New York City - NYIS",
                "parent": "NYIS",
                "parent-name": "New York Independent System Operator",
                "value": "5951",
                "value-units": "megawatthours"
            },
            {
                "period": "2022-04-07T18",
                "subba": "ZONK",
                "subba-name": "Long Island - NYIS",
                "parent": "NYIS",
                "parent-name": "New York Independent System Operator",
                "value": "2220",
                "value-units": "megawatthours"
            },
            {
                "period": "2022-04-07T17",
                "subba": "ZONA",
                "subba-name": "West - NYIS",
                "parent": "NYIS",
                "parent-name": "New York Independent System Operator",
                "value": "1675",
                "value-units": "megawatthours"
            },
            {
                "period": "2022-04-07T17",
                "subba": "ZONB",
                "subba-name": "Genesee - NYIS",
                "parent": "NYIS",
                "parent-name": "New York Independent System Operator",
                "value": "1085",
                "value-units": "megawatthours"
            },
            {
                "period": "2022-04-07T17",
                "subba": "ZONC",
                "subba-name": "Central - NYIS",
                "parent": "NYIS",
                "parent-name": "New York Independent System Operator",
                "value": "1835",
                "value-units": "megawatthours"
            },
            {
                "period": "2022-04-07T17",
                "subba": "ZOND",
                "subba-name": "North - NYIS",
                "parent": "NYIS",
                "parent-name": "New York Independent System Operator",
                "value": "696",
                "value-units": "megawatthours"
            },
            {
                "period": "2022-04-07T17",
                "subba": "ZONE",
                "subba-name": "Mohawk Valley - NYIS",
                "parent": "NYIS",
                "parent-name": "New York Independent System Operator",
                "value": "879",
                "value-units": "megawatthours"
            },
            {
                "period": "2022-04-07T17",
                "subba": "ZONF",
                "subba-name": "Capital - NYIS",
                "parent": "NYIS",
                "parent-name": "New York Independent System Operator",
                "value": "1352",
                "value-units": "megawatthours"
            },
            {
                "period": "2022-04-07T17",
                "subba": "ZONG",
                "subba-name": "Hudson Valley - NYIS",
                "parent": "NYIS",
                "parent-name": "New York Independent System Operator",
                "value": "1074",
                "value-units": "megawatthours"
            },
            {
                "period": "2022-04-07T17",
                "subba": "ZONH",
                "subba-name": "Millwood - NYIS",
                "parent": "NYIS",
                "parent-name": "New York Independent System Operator",
                "value": "355",
                "value-units": "megawatthours"
            },
            {
                "period": "2022-04-07T17",
                "subba": "ZONI",
                "subba-name": "Dunwoodie - NYIS",
                "parent": "NYIS",
                "parent-name": "New York Independent System Operator",
                "value": "683",
                "value-units": "megawatthours"
            },
            {
                "period": "2022-04-07T17",
                "subba": "ZONJ",
                "subba-name": "New York City - NYIS",
                "parent": "NYIS",
                "parent-name": "New York Independent System Operator",
                "value": "5922",
                "value-units": "megawatthours"
            },
            {
                "period": "2022-04-07T17",
                "subba": "ZONK",
                "subba-name": "Long Island - NYIS",
                "parent": "NYIS",
                "parent-name": "New York Independent System Operator",
                "value": "2213",
                "value-units": "megawatthours"
            },
            {
                "period": "2022-04-07T16",
                "subba": "ZONA",
                "subba-name": "West - NYIS",
                "parent": "NYIS",
                "parent-name": "New York Independent System Operator",
                "value": "1682",
                "value-units": "megawatthours"
            },
            {
                "period": "2022-04-07T16",
                "subba": "ZONB",
                "subba-name": "Genesee - NYIS",
                "parent": "NYIS",
                "parent-name": "New York Independent System Operator",
                "value": "1092",
                "value-units": "megawatthours"
            },
            {
                "period": "2022-04-07T16",
                "subba": "ZONC",
                "subba-name": "Central - NYIS",
                "parent": "NYIS",
                "parent-name": "New York Independent System Operator",
                "value": "1846",
                "value-units": "megawatthours"
            },
            {
                "period": "2022-04-07T16",
                "subba": "ZOND",
                "subba-name": "North - NYIS",
                "parent": "NYIS",
                "parent-name": "New York Independent System Operator",
                "value": "697",
                "value-units": "megawatthours"
            },
            {
                "period": "2022-04-07T16",
                "subba": "ZONE",
                "subba-name": "Mohawk Valley - NYIS",
                "parent": "NYIS",
                "parent-name": "New York Independent System Operator",
                "value": "889",
                "value-units": "megawatthours"
            },
            {
                "period": "2022-04-07T16",
                "subba": "ZONF",
                "subba-name": "Capital - NYIS",
                "parent": "NYIS",
                "parent-name": "New York Independent System Operator",
                "value": "1353",
                "value-units": "megawatthours"
            },
            {
                "period": "2022-04-07T16",
                "subba": "ZONG",
                "subba-name": "Hudson Valley - NYIS",
                "parent": "NYIS",
                "parent-name": "New York Independent System Operator",
                "value": "1092",
                "value-units": "megawatthours"
            },
            {
                "period": "2022-04-07T16",
                "subba": "ZONH",
                "subba-name": "Millwood - NYIS",
                "parent": "NYIS",
                "parent-name": "New York Independent System Operator",
                "value": "352",
                "value-units": "megawatthours"
            },
            {
                "period": "2022-04-07T16",
                "subba": "ZONI",
                "subba-name": "Dunwoodie - NYIS",
                "parent": "NYIS",
                "parent-name": "New York Independent System Operator",
                "value": "684",
                "value-units": "megawatthours"
            },
            {
                "period": "2022-04-07T16",
                "subba": "ZONJ",
                "subba-name": "New York City - NYIS",
                "parent": "NYIS",
                "parent-name": "New York Independent System Operator",
                "value": "5885",
                "value-units": "megawatthours"
            },
            {
                "period": "2022-04-07T16",
                "subba": "ZONK",
                "subba-name": "Long Island - NYIS",
                "parent": "NYIS",
                "parent-name": "New York Independent System Operator",
                "value": "2201",
                "value-units": "megawatthours"
            },
            {
                "period": "2022-04-07T15",
                "subba": "ZONA",
                "subba-name": "West - NYIS",
                "parent": "NYIS",
                "parent-name": "New York Independent System Operator",
                "value": "1699",
                "value-units": "megawatthours"
            },
            {
                "period": "2022-04-07T15",
                "subba": "ZONB",
                "subba-name": "Genesee - NYIS",
                "parent": "NYIS",
                "parent-name": "New York Independent System Operator",
                "value": "1105",
                "value-units": "megawatthours"
            },
            {
                "period": "2022-04-07T15",
                "subba": "ZONC",
                "subba-name": "Central - NYIS",
                "parent": "NYIS",
                "parent-name": "New York Independent System Operator",
                "value": "1844",
                "value-units": "megawatthours"
            },
            {
                "period": "2022-04-07T15",
                "subba": "ZOND",
                "subba-name": "North - NYIS",
                "parent": "NYIS",
                "parent-name": "New York Independent System Operator",
                "value": "698",
                "value-units": "megawatthours"
            },
            {
                "period": "2022-04-07T15",
                "subba": "ZONE",
                "subba-name": "Mohawk Valley - NYIS",
                "parent": "NYIS",
                "parent-name": "New York Independent System Operator",
                "value": "912",
                "value-units": "megawatthours"
            },
            {
                "period": "2022-04-07T15",
                "subba": "ZONF",
                "subba-name": "Capital - NYIS",
                "parent": "NYIS",
                "parent-name": "New York Independent System Operator",
                "value": "1349",
                "value-units": "megawatthours"
            },
            {
                "period": "2022-04-07T15",
                "subba": "ZONG",
                "subba-name": "Hudson Valley - NYIS",
                "parent": "NYIS",
                "parent-name": "New York Independent System Operator",
                "value": "1076",
                "value-units": "megawatthours"
            },
            {
                "period": "2022-04-07T15",
                "subba": "ZONH",
                "subba-name": "Millwood - NYIS",
                "parent": "NYIS",
                "parent-name": "New York Independent System Operator",
                "value": "351",
                "value-units": "megawatthours"
            },
            {
                "period": "2022-04-07T15",
                "subba": "ZONI",
                "subba-name": "Dunwoodie - NYIS",
                "parent": "NYIS",
                "parent-name": "New York Independent System Operator",
                "value": "673",
                "value-units": "megawatthours"
            },
            {
                "period": "2022-04-07T15",
                "subba": "ZONJ",
                "subba-name": "New York City - NYIS",
                "parent": "NYIS",
                "parent-name": "New York Independent System Operator",
                "value": "5804",
                "value-units": "megawatthours"
            },
            {
                "period": "2022-04-07T15",
                "subba": "ZONK",
                "subba-name": "Long Island - NYIS",
                "parent": "NYIS",
                "parent-name": "New York Independent System Operator",
                "value": "2146",
                "value-units": "megawatthours"
            },
            {
                "period": "2022-04-07T14",
                "subba": "ZONA",
                "subba-name": "West - NYIS",
                "parent": "NYIS",
                "parent-name": "New York Independent System Operator",
                "value": "1689",
                "value-units": "megawatthours"
            },
            {
                "period": "2022-04-07T14",
                "subba": "ZONB",
                "subba-name": "Genesee - NYIS",
                "parent": "NYIS",
                "parent-name": "New York Independent System Operator",
                "value": "1100",
                "value-units": "megawatthours"
            },
            {
                "period": "2022-04-07T14",
                "subba": "ZONC",
                "subba-name": "Central - NYIS",
                "parent": "NYIS",
                "parent-name": "New York Independent System Operator",
                "value": "1830",
                "value-units": "megawatthours"
            },
            {
                "period": "2022-04-07T14",
                "subba": "ZOND",
                "subba-name": "North - NYIS",
                "parent": "NYIS",
                "parent-name": "New York Independent System Operator",
                "value": "702",
                "value-units": "megawatthours"
            },
            {
                "period": "2022-04-07T14",
                "subba": "ZONE",
                "subba-name": "Mohawk Valley - NYIS",
                "parent": "NYIS",
                "parent-name": "New York Independent System Operator",
                "value": "921",
                "value-units": "megawatthours"
            },
            {
                "period": "2022-04-07T14",
                "subba": "ZONF",
                "subba-name": "Capital - NYIS",
                "parent": "NYIS",
                "parent-name": "New York Independent System Operator",
                "value": "1335",
                "value-units": "megawatthours"
            },
            {
                "period": "2022-04-07T14",
                "subba": "ZONG",
                "subba-name": "Hudson Valley - NYIS",
                "parent": "NYIS",
                "parent-name": "New York Independent System Operator",
                "value": "1051",
                "value-units": "megawatthours"
            },
            {
                "period": "2022-04-07T14",
                "subba": "ZONH",
                "subba-name": "Millwood - NYIS",
                "parent": "NYIS",
                "parent-name": "New York Independent System Operator",
                "value": "349",
                "value-units": "megawatthours"
            },
            {
                "period": "2022-04-07T14",
                "subba": "ZONI",
                "subba-name": "Dunwoodie - NYIS",
                "parent": "NYIS",
                "parent-name": "New York Independent System Operator",
                "value": "667",
                "value-units": "megawatthours"
            },
            {
                "period": "2022-04-07T14",
                "subba": "ZONJ",
                "subba-name": "New York City - NYIS",
                "parent": "NYIS",
                "parent-name": "New York Independent System Operator",
                "value": "5711",
                "value-units": "megawatthours"
            },
            {
                "period": "2022-04-07T14",
                "subba": "ZONK",
                "subba-name": "Long Island - NYIS",
                "parent": "NYIS",
                "parent-name": "New York Independent System Operator",
                "value": "2132",
                "value-units": "megawatthours"
            },
            {
                "period": "2022-04-07T13",
                "subba": "ZONA",
                "subba-name": "West - NYIS",
                "parent": "NYIS",
                "parent-name": "New York Independent System Operator",
                "value": "1670",
                "value-units": "megawatthours"
            },
            {
                "period": "2022-04-07T13",
                "subba": "ZONB",
                "subba-name": "Genesee - NYIS",
                "parent": "NYIS",
                "parent-name": "New York Independent System Operator",
                "value": "1090",
                "value-units": "megawatthours"
            },
            {
                "period": "2022-04-07T13",
                "subba": "ZONC",
                "subba-name": "Central - NYIS",
                "parent": "NYIS",
                "parent-name": "New York Independent System Operator",
                "value": "1817",
                "value-units": "megawatthours"
            },
            {
                "period": "2022-04-07T13",
                "subba": "ZOND",
                "subba-name": "North - NYIS",
                "parent": "NYIS",
                "parent-name": "New York Independent System Operator",
                "value": "714",
                "value-units": "megawatthours"
            },
            {
                "period": "2022-04-07T13",
                "subba": "ZONE",
                "subba-name": "Mohawk Valley - NYIS",
                "parent": "NYIS",
                "parent-name": "New York Independent System Operator",
                "value": "920",
                "value-units": "megawatthours"
            },
            {
                "period": "2022-04-07T13",
                "subba": "ZONF",
                "subba-name": "Capital - NYIS",
                "parent": "NYIS",
                "parent-name": "New York Independent System Operator",
                "value": "1331",
                "value-units": "megawatthours"
            },
            {
                "period": "2022-04-07T13",
                "subba": "ZONG",
                "subba-name": "Hudson Valley - NYIS",
                "parent": "NYIS",
                "parent-name": "New York Independent System Operator",
                "value": "1024",
                "value-units": "megawatthours"
            },
            {
                "period": "2022-04-07T13",
                "subba": "ZONH",
                "subba-name": "Millwood - NYIS",
                "parent": "NYIS",
                "parent-name": "New York Independent System Operator",
                "value": "342",
                "value-units": "megawatthours"
            },
            {
                "period": "2022-04-07T13",
                "subba": "ZONI",
                "subba-name": "Dunwoodie - NYIS",
                "parent": "NYIS",
                "parent-name": "New York Independent System Operator",
                "value": "649",
                "value-units": "megawatthours"
            },
            {
                "period": "2022-04-07T13",
                "subba": "ZONJ",
                "subba-name": "New York City - NYIS",
                "parent": "NYIS",
                "parent-name": "New York Independent System Operator",
                "value": "5502",
                "value-units": "megawatthours"
            },
            {
                "period": "2022-04-07T13",
                "subba": "ZONK",
                "subba-name": "Long Island - NYIS",
                "parent": "NYIS",
                "parent-name": "New York Independent System Operator",
                "value": "2109",
                "value-units": "megawatthours"
            },
            {
                "period": "2022-04-07T12",
                "subba": "ZONA",
                "subba-name": "West - NYIS",
                "parent": "NYIS",
                "parent-name": "New York Independent System Operator",
                "value": "1671",
                "value-units": "megawatthours"
            },
            {
                "period": "2022-04-07T12",
                "subba": "ZONB",
                "subba-name": "Genesee - NYIS",
                "parent": "NYIS",
                "parent-name": "New York Independent System Operator",
                "value": "1061",
                "value-units": "megawatthours"
            },
            {
                "period": "2022-04-07T12",
                "subba": "ZONC",
                "subba-name": "Central - NYIS",
                "parent": "NYIS",
                "parent-name": "New York Independent System Operator",
                "value": "1770",
                "value-units": "megawatthours"
            },
            {
                "period": "2022-04-07T12",
                "subba": "ZOND",
                "subba-name": "North - NYIS",
                "parent": "NYIS",
                "parent-name": "New York Independent System Operator",
                "value": "713",
                "value-units": "megawatthours"
            },
            {
                "period": "2022-04-07T12",
                "subba": "ZONE",
                "subba-name": "Mohawk Valley - NYIS",
                "parent": "NYIS",
                "parent-name": "New York Independent System Operator",
                "value": "900",
                "value-units": "megawatthours"
            },
            {
                "period": "2022-04-07T12",
                "subba": "ZONF",
                "subba-name": "Capital - NYIS",
                "parent": "NYIS",
                "parent-name": "New York Independent System Operator",
                "value": "1290",
                "value-units": "megawatthours"
            },
            {
                "period": "2022-04-07T12",
                "subba": "ZONG",
                "subba-name": "Hudson Valley - NYIS",
                "parent": "NYIS",
                "parent-name": "New York Independent System Operator",
                "value": "985",
                "value-units": "megawatthours"
            },
            {
                "period": "2022-04-07T12",
                "subba": "ZONH",
                "subba-name": "Millwood - NYIS",
                "parent": "NYIS",
                "parent-name": "New York Independent System Operator",
                "value": "328",
                "value-units": "megawatthours"
            },
            {
                "period": "2022-04-07T12",
                "subba": "ZONI",
                "subba-name": "Dunwoodie - NYIS",
                "parent": "NYIS",
                "parent-name": "New York Independent System Operator",
                "value": "626",
                "value-units": "megawatthours"
            },
            {
                "period": "2022-04-07T12",
                "subba": "ZONJ",
                "subba-name": "New York City - NYIS",
                "parent": "NYIS",
                "parent-name": "New York Independent System Operator",
                "value": "5167",
                "value-units": "megawatthours"
            },
            {
                "period": "2022-04-07T12",
                "subba": "ZONK",
                "subba-name": "Long Island - NYIS",
                "parent": "NYIS",
                "parent-name": "New York Independent System Operator",
                "value": "2035",
                "value-units": "megawatthours"
            },
            {
                "period": "2022-04-07T11",
                "subba": "ZONA",
                "subba-name": "West - NYIS",
                "parent": "NYIS",
                "parent-name": "New York Independent System Operator",
                "value": "1582",
                "value-units": "megawatthours"
            },
            {
                "period": "2022-04-07T11",
                "subba": "ZONB",
                "subba-name": "Genesee - NYIS",
                "parent": "NYIS",
                "parent-name": "New York Independent System Operator",
                "value": "1000",
                "value-units": "megawatthours"
            },
            {
                "period": "2022-04-07T11",
                "subba": "ZONC",
                "subba-name": "Central - NYIS",
                "parent": "NYIS",
                "parent-name": "New York Independent System Operator",
                "value": "1700",
                "value-units": "megawatthours"
            },
            {
                "period": "2022-04-07T11",
                "subba": "ZOND",
                "subba-name": "North - NYIS",
                "parent": "NYIS",
                "parent-name": "New York Independent System Operator",
                "value": "701",
                "value-units": "megawatthours"
            },
            {
                "period": "2022-04-07T11",
                "subba": "ZONE",
                "subba-name": "Mohawk Valley - NYIS",
                "parent": "NYIS",
                "parent-name": "New York Independent System Operator",
                "value": "841",
                "value-units": "megawatthours"
            },
            {
                "period": "2022-04-07T11",
                "subba": "ZONF",
                "subba-name": "Capital - NYIS",
                "parent": "NYIS",
                "parent-name": "New York Independent System Operator",
                "value": "1208",
                "value-units": "megawatthours"
            },
            {
                "period": "2022-04-07T11",
                "subba": "ZONG",
                "subba-name": "Hudson Valley - NYIS",
                "parent": "NYIS",
                "parent-name": "New York Independent System Operator",
                "value": "919",
                "value-units": "megawatthours"
            },
            {
                "period": "2022-04-07T11",
                "subba": "ZONH",
                "subba-name": "Millwood - NYIS",
                "parent": "NYIS",
                "parent-name": "New York Independent System Operator",
                "value": "310",
                "value-units": "megawatthours"
            },
            {
                "period": "2022-04-07T11",
                "subba": "ZONI",
                "subba-name": "Dunwoodie - NYIS",
                "parent": "NYIS",
                "parent-name": "New York Independent System Operator",
                "value": "577",
                "value-units": "megawatthours"
            },
            {
                "period": "2022-04-07T11",
                "subba": "ZONJ",
                "subba-name": "New York City - NYIS",
                "parent": "NYIS",
                "parent-name": "New York Independent System Operator",
                "value": "4700",
                "value-units": "megawatthours"
            },
            {
                "period": "2022-04-07T11",
                "subba": "ZONK",
                "subba-name": "Long Island - NYIS",
                "parent": "NYIS",
                "parent-name": "New York Independent System Operator",
                "value": "1891",
                "value-units": "megawatthours"
            },
            {
                "period": "2022-04-07T10",
                "subba": "ZONA",
                "subba-name": "West - NYIS",
                "parent": "NYIS",
                "parent-name": "New York Independent System Operator",
                "value": "1467",
                "value-units": "megawatthours"
            },
            {
                "period": "2022-04-07T10",
                "subba": "ZONB",
                "subba-name": "Genesee - NYIS",
                "parent": "NYIS",
                "parent-name": "New York Independent System Operator",
                "value": "911",
                "value-units": "megawatthours"
            },
            {
                "period": "2022-04-07T10",
                "subba": "ZONC",
                "subba-name": "Central - NYIS",
                "parent": "NYIS",
                "parent-name": "New York Independent System Operator",
                "value": "1540",
                "value-units": "megawatthours"
            },
            {
                "period": "2022-04-07T10",
                "subba": "ZOND",
                "subba-name": "North - NYIS",
                "parent": "NYIS",
                "parent-name": "New York Independent System Operator",
                "value": "667",
                "value-units": "megawatthours"
            },
            {
                "period": "2022-04-07T10",
                "subba": "ZONE",
                "subba-name": "Mohawk Valley - NYIS",
                "parent": "NYIS",
                "parent-name": "New York Independent System Operator",
                "value": "731",
                "value-units": "megawatthours"
            },
            {
                "period": "2022-04-07T10",
                "subba": "ZONF",
                "subba-name": "Capital - NYIS",
                "parent": "NYIS",
                "parent-name": "New York Independent System Operator",
                "value": "1085",
                "value-units": "megawatthours"
            },
            {
                "period": "2022-04-07T10",
                "subba": "ZONG",
                "subba-name": "Hudson Valley - NYIS",
                "parent": "NYIS",
                "parent-name": "New York Independent System Operator",
                "value": "830",
                "value-units": "megawatthours"
            },
            {
                "period": "2022-04-07T10",
                "subba": "ZONH",
                "subba-name": "Millwood - NYIS",
                "parent": "NYIS",
                "parent-name": "New York Independent System Operator",
                "value": "276",
                "value-units": "megawatthours"
            },
            {
                "period": "2022-04-07T10",
                "subba": "ZONI",
                "subba-name": "Dunwoodie - NYIS",
                "parent": "NYIS",
                "parent-name": "New York Independent System Operator",
                "value": "519",
                "value-units": "megawatthours"
            },
            {
                "period": "2022-04-07T10",
                "subba": "ZONJ",
                "subba-name": "New York City - NYIS",
                "parent": "NYIS",
                "parent-name": "New York Independent System Operator",
                "value": "4262",
                "value-units": "megawatthours"
            },
            {
                "period": "2022-04-07T10",
                "subba": "ZONK",
                "subba-name": "Long Island - NYIS",
                "parent": "NYIS",
                "parent-name": "New York Independent System Operator",
                "value": "1716",
                "value-units": "megawatthours"
            },
            {
                "period": "2022-04-07T09",
                "subba": "ZONA",
                "subba-name": "West - NYIS",
                "parent": "NYIS",
                "parent-name": "New York Independent System Operator",
                "value": "1390",
                "value-units": "megawatthours"
            },
            {
                "period": "2022-04-07T09",
                "subba": "ZONB",
                "subba-name": "Genesee - NYIS",
                "parent": "NYIS",
                "parent-name": "New York Independent System Operator",
                "value": "848",
                "value-units": "megawatthours"
            },
            {
                "period": "2022-04-07T09",
                "subba": "ZONC",
                "subba-name": "Central - NYIS",
                "parent": "NYIS",
                "parent-name": "New York Independent System Operator",
                "value": "1444",
                "value-units": "megawatthours"
            },
            {
                "period": "2022-04-07T09",
                "subba": "ZOND",
                "subba-name": "North - NYIS",
                "parent": "NYIS",
                "parent-name": "New York Independent System Operator",
                "value": "642",
                "value-units": "megawatthours"
            },
            {
                "period": "2022-04-07T09",
                "subba": "ZONE",
                "subba-name": "Mohawk Valley - NYIS",
                "parent": "NYIS",
                "parent-name": "New York Independent System Operator",
                "value": "658",
                "value-units": "megawatthours"
            },
            {
                "period": "2022-04-07T09",
                "subba": "ZONF",
                "subba-name": "Capital - NYIS",
                "parent": "NYIS",
                "parent-name": "New York Independent System Operator",
                "value": "1016",
                "value-units": "megawatthours"
            },
            {
                "period": "2022-04-07T09",
                "subba": "ZONG",
                "subba-name": "Hudson Valley - NYIS",
                "parent": "NYIS",
                "parent-name": "New York Independent System Operator",
                "value": "778",
                "value-units": "megawatthours"
            },
            {
                "period": "2022-04-07T09",
                "subba": "ZONH",
                "subba-name": "Millwood - NYIS",
                "parent": "NYIS",
                "parent-name": "New York Independent System Operator",
                "value": "253",
                "value-units": "megawatthours"
            },
            {
                "period": "2022-04-07T09",
                "subba": "ZONI",
                "subba-name": "Dunwoodie - NYIS",
                "parent": "NYIS",
                "parent-name": "New York Independent System Operator",
                "value": "485",
                "value-units": "megawatthours"
            },
            {
                "period": "2022-04-07T09",
                "subba": "ZONJ",
                "subba-name": "New York City - NYIS",
                "parent": "NYIS",
                "parent-name": "New York Independent System Operator",
                "value": "4052",
                "value-units": "megawatthours"
            },
            {
                "period": "2022-04-07T09",
                "subba": "ZONK",
                "subba-name": "Long Island - NYIS",
                "parent": "NYIS",
                "parent-name": "New York Independent System Operator",
                "value": "1609",
                "value-units": "megawatthours"
            },
            {
                "period": "2022-04-07T08",
                "subba": "ZONA",
                "subba-name": "West - NYIS",
                "parent": "NYIS",
                "parent-name": "New York Independent System Operator",
                "value": "1356",
                "value-units": "megawatthours"
            },
            {
                "period": "2022-04-07T08",
                "subba": "ZONB",
                "subba-name": "Genesee - NYIS",
                "parent": "NYIS",
                "parent-name": "New York Independent System Operator",
                "value": "826",
                "value-units": "megawatthours"
            },
            {
                "period": "2022-04-07T08",
                "subba": "ZONC",
                "subba-name": "Central - NYIS",
                "parent": "NYIS",
                "parent-name": "New York Independent System Operator",
                "value": "1442",
                "value-units": "megawatthours"
            },
            {
                "period": "2022-04-07T08",
                "subba": "ZOND",
                "subba-name": "North - NYIS",
                "parent": "NYIS",
                "parent-name": "New York Independent System Operator",
                "value": "636",
                "value-units": "megawatthours"
            },
            {
                "period": "2022-04-07T08",
                "subba": "ZONE",
                "subba-name": "Mohawk Valley - NYIS",
                "parent": "NYIS",
                "parent-name": "New York Independent System Operator",
                "value": "640",
                "value-units": "megawatthours"
            },
            {
                "period": "2022-04-07T08",
                "subba": "ZONF",
                "subba-name": "Capital - NYIS",
                "parent": "NYIS",
                "parent-name": "New York Independent System Operator",
                "value": "985",
                "value-units": "megawatthours"
            },
            {
                "period": "2022-04-07T08",
                "subba": "ZONG",
                "subba-name": "Hudson Valley - NYIS",
                "parent": "NYIS",
                "parent-name": "New York Independent System Operator",
                "value": "770",
                "value-units": "megawatthours"
            },
            {
                "period": "2022-04-07T08",
                "subba": "ZONH",
                "subba-name": "Millwood - NYIS",
                "parent": "NYIS",
                "parent-name": "New York Independent System Operator",
                "value": "246",
                "value-units": "megawatthours"
            },
            {
                "period": "2022-04-07T08",
                "subba": "ZONI",
                "subba-name": "Dunwoodie - NYIS",
                "parent": "NYIS",
                "parent-name": "New York Independent System Operator",
                "value": "478",
                "value-units": "megawatthours"
            },
            {
                "period": "2022-04-07T08",
                "subba": "ZONJ",
                "subba-name": "New York City - NYIS",
                "parent": "NYIS",
                "parent-name": "New York Independent System Operator",
                "value": "4017",
                "value-units": "megawatthours"
            },
            {
                "period": "2022-04-07T08",
                "subba": "ZONK",
                "subba-name": "Long Island - NYIS",
                "parent": "NYIS",
                "parent-name": "New York Independent System Operator",
                "value": "1582",
                "value-units": "megawatthours"
            },
            {
                "period": "2022-04-07T07",
                "subba": "ZONA",
                "subba-name": "West - NYIS",
                "parent": "NYIS",
                "parent-name": "New York Independent System Operator",
                "value": "1359",
                "value-units": "megawatthours"
            },
            {
                "period": "2022-04-07T07",
                "subba": "ZONB",
                "subba-name": "Genesee - NYIS",
                "parent": "NYIS",
                "parent-name": "New York Independent System Operator",
                "value": "830",
                "value-units": "megawatthours"
            },
            {
                "period": "2022-04-07T07",
                "subba": "ZONC",
                "subba-name": "Central - NYIS",
                "parent": "NYIS",
                "parent-name": "New York Independent System Operator",
                "value": "1418",
                "value-units": "megawatthours"
            },
            {
                "period": "2022-04-07T07",
                "subba": "ZOND",
                "subba-name": "North - NYIS",
                "parent": "NYIS",
                "parent-name": "New York Independent System Operator",
                "value": "639",
                "value-units": "megawatthours"
            },
            {
                "period": "2022-04-07T07",
                "subba": "ZONE",
                "subba-name": "Mohawk Valley - NYIS",
                "parent": "NYIS",
                "parent-name": "New York Independent System Operator",
                "value": "643",
                "value-units": "megawatthours"
            },
            {
                "period": "2022-04-07T07",
                "subba": "ZONF",
                "subba-name": "Capital - NYIS",
                "parent": "NYIS",
                "parent-name": "New York Independent System Operator",
                "value": "993",
                "value-units": "megawatthours"
            },
            {
                "period": "2022-04-07T07",
                "subba": "ZONG",
                "subba-name": "Hudson Valley - NYIS",
                "parent": "NYIS",
                "parent-name": "New York Independent System Operator",
                "value": "771",
                "value-units": "megawatthours"
            },
            {
                "period": "2022-04-07T07",
                "subba": "ZONH",
                "subba-name": "Millwood - NYIS",
                "parent": "NYIS",
                "parent-name": "New York Independent System Operator",
                "value": "248",
                "value-units": "megawatthours"
            },
            {
                "period": "2022-04-07T07",
                "subba": "ZONI",
                "subba-name": "Dunwoodie - NYIS",
                "parent": "NYIS",
                "parent-name": "New York Independent System Operator",
                "value": "485",
                "value-units": "megawatthours"
            },
            {
                "period": "2022-04-07T07",
                "subba": "ZONJ",
                "subba-name": "New York City - NYIS",
                "parent": "NYIS",
                "parent-name": "New York Independent System Operator",
                "value": "4057",
                "value-units": "megawatthours"
            },
            {
                "period": "2022-04-07T07",
                "subba": "ZONK",
                "subba-name": "Long Island - NYIS",
                "parent": "NYIS",
                "parent-name": "New York Independent System Operator",
                "value": "1592",
                "value-units": "megawatthours"
            },
            {
                "period": "2022-04-07T06",
                "subba": "ZONA",
                "subba-name": "West - NYIS",
                "parent": "NYIS",
                "parent-name": "New York Independent System Operator",
                "value": "1367",
                "value-units": "megawatthours"
            },
            {
                "period": "2022-04-07T06",
                "subba": "ZONB",
                "subba-name": "Genesee - NYIS",
                "parent": "NYIS",
                "parent-name": "New York Independent System Operator",
                "value": "845",
                "value-units": "megawatthours"
            },
            {
                "period": "2022-04-07T06",
                "subba": "ZONC",
                "subba-name": "Central - NYIS",
                "parent": "NYIS",
                "parent-name": "New York Independent System Operator",
                "value": "1438",
                "value-units": "megawatthours"
            },
            {
                "period": "2022-04-07T06",
                "subba": "ZOND",
                "subba-name": "North - NYIS",
                "parent": "NYIS",
                "parent-name": "New York Independent System Operator",
                "value": "634",
                "value-units": "megawatthours"
            },
            {
                "period": "2022-04-07T06",
                "subba": "ZONE",
                "subba-name": "Mohawk Valley - NYIS",
                "parent": "NYIS",
                "parent-name": "New York Independent System Operator",
                "value": "652",
                "value-units": "megawatthours"
            },
            {
                "period": "2022-04-07T06",
                "subba": "ZONF",
                "subba-name": "Capital - NYIS",
                "parent": "NYIS",
                "parent-name": "New York Independent System Operator",
                "value": "1008",
                "value-units": "megawatthours"
            },
            {
                "period": "2022-04-07T06",
                "subba": "ZONG",
                "subba-name": "Hudson Valley - NYIS",
                "parent": "NYIS",
                "parent-name": "New York Independent System Operator",
                "value": "788",
                "value-units": "megawatthours"
            },
            {
                "period": "2022-04-07T06",
                "subba": "ZONH",
                "subba-name": "Millwood - NYIS",
                "parent": "NYIS",
                "parent-name": "New York Independent System Operator",
                "value": "252",
                "value-units": "megawatthours"
            },
            {
                "period": "2022-04-07T06",
                "subba": "ZONI",
                "subba-name": "Dunwoodie - NYIS",
                "parent": "NYIS",
                "parent-name": "New York Independent System Operator",
                "value": "499",
                "value-units": "megawatthours"
            },
            {
                "period": "2022-04-07T06",
                "subba": "ZONJ",
                "subba-name": "New York City - NYIS",
                "parent": "NYIS",
                "parent-name": "New York Independent System Operator",
                "value": "4178",
                "value-units": "megawatthours"
            },
            {
                "period": "2022-04-07T06",
                "subba": "ZONK",
                "subba-name": "Long Island - NYIS",
                "parent": "NYIS",
                "parent-name": "New York Independent System Operator",
                "value": "1635",
                "value-units": "megawatthours"
            },
            {
                "period": "2022-04-07T05",
                "subba": "ZONA",
                "subba-name": "West - NYIS",
                "parent": "NYIS",
                "parent-name": "New York Independent System Operator",
                "value": "1393",
                "value-units": "megawatthours"
            },
            {
                "period": "2022-04-07T05",
                "subba": "ZONB",
                "subba-name": "Genesee - NYIS",
                "parent": "NYIS",
                "parent-name": "New York Independent System Operator",
                "value": "866",
                "value-units": "megawatthours"
            },
            {
                "period": "2022-04-07T05",
                "subba": "ZONC",
                "subba-name": "Central - NYIS",
                "parent": "NYIS",
                "parent-name": "New York Independent System Operator",
                "value": "1462",
                "value-units": "megawatthours"
            },
            {
                "period": "2022-04-07T05",
                "subba": "ZOND",
                "subba-name": "North - NYIS",
                "parent": "NYIS",
                "parent-name": "New York Independent System Operator",
                "value": "639",
                "value-units": "megawatthours"
            },
            {
                "period": "2022-04-07T05",
                "subba": "ZONE",
                "subba-name": "Mohawk Valley - NYIS",
                "parent": "NYIS",
                "parent-name": "New York Independent System Operator",
                "value": "663",
                "value-units": "megawatthours"
            },
            {
                "period": "2022-04-07T05",
                "subba": "ZONF",
                "subba-name": "Capital - NYIS",
                "parent": "NYIS",
                "parent-name": "New York Independent System Operator",
                "value": "1040",
                "value-units": "megawatthours"
            },
            {
                "period": "2022-04-07T05",
                "subba": "ZONG",
                "subba-name": "Hudson Valley - NYIS",
                "parent": "NYIS",
                "parent-name": "New York Independent System Operator",
                "value": "822",
                "value-units": "megawatthours"
            },
            {
                "period": "2022-04-07T05",
                "subba": "ZONH",
                "subba-name": "Millwood - NYIS",
                "parent": "NYIS",
                "parent-name": "New York Independent System Operator",
                "value": "257",
                "value-units": "megawatthours"
            },
            {
                "period": "2022-04-07T05",
                "subba": "ZONI",
                "subba-name": "Dunwoodie - NYIS",
                "parent": "NYIS",
                "parent-name": "New York Independent System Operator",
                "value": "516",
                "value-units": "megawatthours"
            },
            {
                "period": "2022-04-07T05",
                "subba": "ZONJ",
                "subba-name": "New York City - NYIS",
                "parent": "NYIS",
                "parent-name": "New York Independent System Operator",
                "value": "4363",
                "value-units": "megawatthours"
            },
            {
                "period": "2022-04-07T05",
                "subba": "ZONK",
                "subba-name": "Long Island - NYIS",
                "parent": "NYIS",
                "parent-name": "New York Independent System Operator",
                "value": "1702",
                "value-units": "megawatthours"
            },
            {
                "period": "2022-04-07T04",
                "subba": "ZONA",
                "subba-name": "West - NYIS",
                "parent": "NYIS",
                "parent-name": "New York Independent System Operator",
                "value": "1445",
                "value-units": "megawatthours"
            },
            {
                "period": "2022-04-07T04",
                "subba": "ZONB",
                "subba-name": "Genesee - NYIS",
                "parent": "NYIS",
                "parent-name": "New York Independent System Operator",
                "value": "903",
                "value-units": "megawatthours"
            },
            {
                "period": "2022-04-07T04",
                "subba": "ZONC",
                "subba-name": "Central - NYIS",
                "parent": "NYIS",
                "parent-name": "New York Independent System Operator",
                "value": "1494",
                "value-units": "megawatthours"
            },
            {
                "period": "2022-04-07T04",
                "subba": "ZOND",
                "subba-name": "North - NYIS",
                "parent": "NYIS",
                "parent-name": "New York Independent System Operator",
                "value": "640",
                "value-units": "megawatthours"
            },
            {
                "period": "2022-04-07T04",
                "subba": "ZONE",
                "subba-name": "Mohawk Valley - NYIS",
                "parent": "NYIS",
                "parent-name": "New York Independent System Operator",
                "value": "694",
                "value-units": "megawatthours"
            },
            {
                "period": "2022-04-07T04",
                "subba": "ZONF",
                "subba-name": "Capital - NYIS",
                "parent": "NYIS",
                "parent-name": "New York Independent System Operator",
                "value": "1086",
                "value-units": "megawatthours"
            },
            {
                "period": "2022-04-07T04",
                "subba": "ZONG",
                "subba-name": "Hudson Valley - NYIS",
                "parent": "NYIS",
                "parent-name": "New York Independent System Operator",
                "value": "872",
                "value-units": "megawatthours"
            },
            {
                "period": "2022-04-07T04",
                "subba": "ZONH",
                "subba-name": "Millwood - NYIS",
                "parent": "NYIS",
                "parent-name": "New York Independent System Operator",
                "value": "263",
                "value-units": "megawatthours"
            },
            {
                "period": "2022-04-07T04",
                "subba": "ZONI",
                "subba-name": "Dunwoodie - NYIS",
                "parent": "NYIS",
                "parent-name": "New York Independent System Operator",
                "value": "539",
                "value-units": "megawatthours"
            },
            {
                "period": "2022-04-07T04",
                "subba": "ZONJ",
                "subba-name": "New York City - NYIS",
                "parent": "NYIS",
                "parent-name": "New York Independent System Operator",
                "value": "4649",
                "value-units": "megawatthours"
            },
            {
                "period": "2022-04-07T04",
                "subba": "ZONK",
                "subba-name": "Long Island - NYIS",
                "parent": "NYIS",
                "parent-name": "New York Independent System Operator",
                "value": "1824",
                "value-units": "megawatthours"
            },
            {
                "period": "2022-04-07T03",
                "subba": "ZONA",
                "subba-name": "West - NYIS",
                "parent": "NYIS",
                "parent-name": "New York Independent System Operator",
                "value": "1513",
                "value-units": "megawatthours"
            },
            {
                "period": "2022-04-07T03",
                "subba": "ZONB",
                "subba-name": "Genesee - NYIS",
                "parent": "NYIS",
                "parent-name": "New York Independent System Operator",
                "value": "953",
                "value-units": "megawatthours"
            },
            {
                "period": "2022-04-07T03",
                "subba": "ZONC",
                "subba-name": "Central - NYIS",
                "parent": "NYIS",
                "parent-name": "New York Independent System Operator",
                "value": "1576",
                "value-units": "megawatthours"
            },
            {
                "period": "2022-04-07T03",
                "subba": "ZOND",
                "subba-name": "North - NYIS",
                "parent": "NYIS",
                "parent-name": "New York Independent System Operator",
                "value": "650",
                "value-units": "megawatthours"
            },
            {
                "period": "2022-04-07T03",
                "subba": "ZONE",
                "subba-name": "Mohawk Valley - NYIS",
                "parent": "NYIS",
                "parent-name": "New York Independent System Operator",
                "value": "741",
                "value-units": "megawatthours"
            },
            {
                "period": "2022-04-07T03",
                "subba": "ZONF",
                "subba-name": "Capital - NYIS",
                "parent": "NYIS",
                "parent-name": "New York Independent System Operator",
                "value": "1158",
                "value-units": "megawatthours"
            },
            {
                "period": "2022-04-07T03",
                "subba": "ZONG",
                "subba-name": "Hudson Valley - NYIS",
                "parent": "NYIS",
                "parent-name": "New York Independent System Operator",
                "value": "944",
                "value-units": "megawatthours"
            },
            {
                "period": "2022-04-07T03",
                "subba": "ZONH",
                "subba-name": "Millwood - NYIS",
                "parent": "NYIS",
                "parent-name": "New York Independent System Operator",
                "value": "290",
                "value-units": "megawatthours"
            },
            {
                "period": "2022-04-07T03",
                "subba": "ZONI",
                "subba-name": "Dunwoodie - NYIS",
                "parent": "NYIS",
                "parent-name": "New York Independent System Operator",
                "value": "587",
                "value-units": "megawatthours"
            },
            {
                "period": "2022-04-07T03",
                "subba": "ZONJ",
                "subba-name": "New York City - NYIS",
                "parent": "NYIS",
                "parent-name": "New York Independent System Operator",
                "value": "4963",
                "value-units": "megawatthours"
            },
            {
                "period": "2022-04-07T03",
                "subba": "ZONK",
                "subba-name": "Long Island - NYIS",
                "parent": "NYIS",
                "parent-name": "New York Independent System Operator",
                "value": "1982",
                "value-units": "megawatthours"
            },
            {
                "period": "2022-04-07T02",
                "subba": "ZONA",
                "subba-name": "West - NYIS",
                "parent": "NYIS",
                "parent-name": "New York Independent System Operator",
                "value": "1592",
                "value-units": "megawatthours"
            },
            {
                "period": "2022-04-07T02",
                "subba": "ZONB",
                "subba-name": "Genesee - NYIS",
                "parent": "NYIS",
                "parent-name": "New York Independent System Operator",
                "value": "1021",
                "value-units": "megawatthours"
            },
            {
                "period": "2022-04-07T02",
                "subba": "ZONC",
                "subba-name": "Central - NYIS",
                "parent": "NYIS",
                "parent-name": "New York Independent System Operator",
                "value": "1678",
                "value-units": "megawatthours"
            },
            {
                "period": "2022-04-07T02",
                "subba": "ZOND",
                "subba-name": "North - NYIS",
                "parent": "NYIS",
                "parent-name": "New York Independent System Operator",
                "value": "668",
                "value-units": "megawatthours"
            },
            {
                "period": "2022-04-07T02",
                "subba": "ZONE",
                "subba-name": "Mohawk Valley - NYIS",
                "parent": "NYIS",
                "parent-name": "New York Independent System Operator",
                "value": "803",
                "value-units": "megawatthours"
            },
            {
                "period": "2022-04-07T02",
                "subba": "ZONF",
                "subba-name": "Capital - NYIS",
                "parent": "NYIS",
                "parent-name": "New York Independent System Operator",
                "value": "1250",
                "value-units": "megawatthours"
            },
            {
                "period": "2022-04-07T02",
                "subba": "ZONG",
                "subba-name": "Hudson Valley - NYIS",
                "parent": "NYIS",
                "parent-name": "New York Independent System Operator",
                "value": "1024",
                "value-units": "megawatthours"
            },
            {
                "period": "2022-04-07T02",
                "subba": "ZONH",
                "subba-name": "Millwood - NYIS",
                "parent": "NYIS",
                "parent-name": "New York Independent System Operator",
                "value": "323",
                "value-units": "megawatthours"
            },
            {
                "period": "2022-04-07T02",
                "subba": "ZONI",
                "subba-name": "Dunwoodie - NYIS",
                "parent": "NYIS",
                "parent-name": "New York Independent System Operator",
                "value": "631",
                "value-units": "megawatthours"
            },
            {
                "period": "2022-04-07T02",
                "subba": "ZONJ",
                "subba-name": "New York City - NYIS",
                "parent": "NYIS",
                "parent-name": "New York Independent System Operator",
                "value": "5282",
                "value-units": "megawatthours"
            },
            {
                "period": "2022-04-07T02",
                "subba": "ZONK",
                "subba-name": "Long Island - NYIS",
                "parent": "NYIS",
                "parent-name": "New York Independent System Operator",
                "value": "2159",
                "value-units": "megawatthours"
            },
            {
                "period": "2022-04-07T01",
                "subba": "ZONA",
                "subba-name": "West - NYIS",
                "parent": "NYIS",
                "parent-name": "New York Independent System Operator",
                "value": "1646",
                "value-units": "megawatthours"
            },
            {
                "period": "2022-04-07T01",
                "subba": "ZONB",
                "subba-name": "Genesee - NYIS",
                "parent": "NYIS",
                "parent-name": "New York Independent System Operator",
                "value": "1074",
                "value-units": "megawatthours"
            },
            {
                "period": "2022-04-07T01",
                "subba": "ZONC",
                "subba-name": "Central - NYIS",
                "parent": "NYIS",
                "parent-name": "New York Independent System Operator",
                "value": "1767",
                "value-units": "megawatthours"
            },
            {
                "period": "2022-04-07T01",
                "subba": "ZOND",
                "subba-name": "North - NYIS",
                "parent": "NYIS",
                "parent-name": "New York Independent System Operator",
                "value": "666",
                "value-units": "megawatthours"
            },
            {
                "period": "2022-04-07T01",
                "subba": "ZONE",
                "subba-name": "Mohawk Valley - NYIS",
                "parent": "NYIS",
                "parent-name": "New York Independent System Operator",
                "value": "840",
                "value-units": "megawatthours"
            },
            {
                "period": "2022-04-07T01",
                "subba": "ZONF",
                "subba-name": "Capital - NYIS",
                "parent": "NYIS",
                "parent-name": "New York Independent System Operator",
                "value": "1315",
                "value-units": "megawatthours"
            },
            {
                "period": "2022-04-07T01",
                "subba": "ZONG",
                "subba-name": "Hudson Valley - NYIS",
                "parent": "NYIS",
                "parent-name": "New York Independent System Operator",
                "value": "1077",
                "value-units": "megawatthours"
            },
            {
                "period": "2022-04-07T01",
                "subba": "ZONH",
                "subba-name": "Millwood - NYIS",
                "parent": "NYIS",
                "parent-name": "New York Independent System Operator",
                "value": "344",
                "value-units": "megawatthours"
            },
            {
                "period": "2022-04-07T01",
                "subba": "ZONI",
                "subba-name": "Dunwoodie - NYIS",
                "parent": "NYIS",
                "parent-name": "New York Independent System Operator",
                "value": "665",
                "value-units": "megawatthours"
            },
            {
                "period": "2022-04-07T01",
                "subba": "ZONJ",
                "subba-name": "New York City - NYIS",
                "parent": "NYIS",
                "parent-name": "New York Independent System Operator",
                "value": "5493",
                "value-units": "megawatthours"
            },
            {
                "period": "2022-04-07T01",
                "subba": "ZONK",
                "subba-name": "Long Island - NYIS",
                "parent": "NYIS",
                "parent-name": "New York Independent System Operator",
                "value": "2284",
                "value-units": "megawatthours"
            },
            {
                "period": "2022-04-07T00",
                "subba": "ZONA",
                "subba-name": "West - NYIS",
                "parent": "NYIS",
                "parent-name": "New York Independent System Operator",
                "value": "1626",
                "value-units": "megawatthours"
            },
            {
                "period": "2022-04-07T00",
                "subba": "ZONB",
                "subba-name": "Genesee - NYIS",
                "parent": "NYIS",
                "parent-name": "New York Independent System Operator",
                "value": "1071",
                "value-units": "megawatthours"
            },
            {
                "period": "2022-04-07T00",
                "subba": "ZONC",
                "subba-name": "Central - NYIS",
                "parent": "NYIS",
                "parent-name": "New York Independent System Operator",
                "value": "1779",
                "value-units": "megawatthours"
            },
            {
                "period": "2022-04-07T00",
                "subba": "ZOND",
                "subba-name": "North - NYIS",
                "parent": "NYIS",
                "parent-name": "New York Independent System Operator",
                "value": "657",
                "value-units": "megawatthours"
            },
            {
                "period": "2022-04-07T00",
                "subba": "ZONE",
                "subba-name": "Mohawk Valley - NYIS",
                "parent": "NYIS",
                "parent-name": "New York Independent System Operator",
                "value": "837",
                "value-units": "megawatthours"
            },
            {
                "period": "2022-04-07T00",
                "subba": "ZONF",
                "subba-name": "Capital - NYIS",
                "parent": "NYIS",
                "parent-name": "New York Independent System Operator",
                "value": "1331",
                "value-units": "megawatthours"
            },
            {
                "period": "2022-04-07T00",
                "subba": "ZONG",
                "subba-name": "Hudson Valley - NYIS",
                "parent": "NYIS",
                "parent-name": "New York Independent System Operator",
                "value": "1100",
                "value-units": "megawatthours"
            },
            {
                "period": "2022-04-07T00",
                "subba": "ZONH",
                "subba-name": "Millwood - NYIS",
                "parent": "NYIS",
                "parent-name": "New York Independent System Operator",
                "value": "347",
                "value-units": "megawatthours"
            },
            {
                "period": "2022-04-07T00",
                "subba": "ZONI",
                "subba-name": "Dunwoodie - NYIS",
                "parent": "NYIS",
                "parent-name": "New York Independent System Operator",
                "value": "682",
                "value-units": "megawatthours"
            },
            {
                "period": "2022-04-07T00",
                "subba": "ZONJ",
                "subba-name": "New York City - NYIS",
                "parent": "NYIS",
                "parent-name": "New York Independent System Operator",
                "value": "5629",
                "value-units": "megawatthours"
            },
            {
                "period": "2022-04-07T00",
                "subba": "ZONK",
                "subba-name": "Long Island - NYIS",
                "parent": "NYIS",
                "parent-name": "New York Independent System Operator",
                "value": "2329",
                "value-units": "megawatthours"
            }
        ],
        "description": "Hourly demand by balancing authority subregion.  \n    Source: Form EIA-930\n    Product: Hourly Electric Grid Monitor"
    },
    "request": {
        "command": "/v2/electricity/rto/region-sub-ba-data/data/",
        "params": {
            "frequency": "hourly",
            "data": [
                "value"
            ],
            "sort": [
                {
                    "column": "period",
                    "direction": "desc"
                }
            ],
            "facets": {
                "parent": [
                    "NYIS"
                ]
            },
            "offset": "0",
            "length": "5000",
            "start": "2022-04-07",
            "end": "2022-04-08",
            "api_key": "dqRq8VpXSoyUrCbrPhuYFxGl6Rul9kmVcRshZ98c"
        }
    },
    "apiVersion": "2.1.8",
    "ExcelAddInVersion": "2.1.0"
}