{
    "response": {
        "total": "275",
        "dateFormat": "YYYY-MM-DD\"T\"HH24",
        "frequency": "hourly",
        "data": [
            {
                "period": "2022-09-29T00",
                "subba": "ZONA",
                "subba-name": "West - NYIS",
                "parent": "NYIS",
                "parent-name": "New York Independent System Operator",
                "value": "1761",
                "value-units": "megawatthours"
            },
            {
                "period": "2022-09-29T00",
                "subba": "ZONB",
                "subba-name": "Genesee - NYIS",
                "parent": "NYIS",
                "parent-name": "New York Independent System Operator",
                "value": "1130",
                "value-units": "megawatthours"
            },
            {
                "period": "2022-09-29T00",
                "subba": "ZONC",
                "subba-name": "Central - NYIS",
                "parent": "NYIS",
                "parent-name": "New York Independent System Operator",
                "value": "1852",
                "value-units": "megawatthours"
            },
            {
                "period": "2022-09-29T00",
                "subba": "ZOND",
                "subba-name": "North - NYIS",
                "parent": "NYIS",
                "parent-name": "New York Independent System Operator",
                "value": "586",
                "value-units": "megawatthours"
            },
            {
                "period": "2022-09-29T00",
                "subba": "ZONE",
                "subba-name": "Mohawk Valley - NYIS",
                "parent": "NYIS",
                "parent-name": "New York Independent System Operator",
                "value": "845",
                "value-units": "megawatthours"
            },
            {
                "period": "2022-09-29T00",
                "subba": "ZONF",
                "subba-name": "Capital - NYIS",
                "parent": "NYIS",
                "parent-name": "New York Independent System Operator",
                "value": "1396",
                "value-units": "megawatthours"
            },
            {
                "period": "2022-09-29T00",
                "subba": "ZONG",
                "subba-name": "Hudson Valley - NYIS",
                "parent": "NYIS",
                "parent-name": "New York Independent System Operator",
                "value": "1097",
                "value-units": "megawatthours"
            },
            {
                "period": "2022-09-29T00",
                "subba": "ZONH",
                "subba-name": "Millwood - NYIS",
                "parent": "NYIS",
                "parent-name": "New York Independent System Operator",
                "value": "328",
                "value-units": "megawatthours"
            },
            {
                "period": "2022-09-29T00",
                "subba": "ZONI",
                "subba-name": "Dunwoodie - NYIS",
                "parent": "NYIS",
                "parent-name": "New York Independent System Operator",
                "value": "667",
                "value-units": "megawatthours"
            },
            {
                "period": "2022-09-29T00",
                "subba": "ZONJ",
                "subba-name": "New York City - NYIS",
                "parent": "NYIS",
                "parent-name": "New York Independent System Operator",
                "value": "5664",
                "value-units": "megawatthours"
            },
            {
                "period": "2022-09-29T00",
                "subba": "ZONK",
                "subba-name": "Long Island - NYIS",
                "parent": "NYIS",
                "parent-name": "New York Independent System Operator",
                "value": "2405",
                "value-units": "megawatthours"
            },
            {
                "period": "2022-09-28T23",
                "subba": "ZONA",
                "subba-name": "West - NYIS",
                "parent": "NYIS",
                "parent-name": "New York Independent System Operator",
                "value": "1734",
                "value-units": "megawatthours"
            },
            {
                "period": "2022-09-28T23",
                "subba": "ZONB",
                "subba-name": "Genesee - NYIS",
                "parent": "NYIS",
                "parent-name": "New York Independent System Operator",
                "value": "1108",
                "value-units": "megawatthours"
            },
            {
                "period": "2022-09-28T23",
                "subba": "ZONC",
                "subba-name": "Central - NYIS",
                "parent": "NYIS",
                "parent-name": "New York Independent System Operator",
                "value": "1819",
                "value-units": "megawatthours"
            },
            {
                "period": "2022-09-28T23",
                "subba": "ZOND",
                "subba-name": "North - NYIS",
                "parent": "NYIS",
                "parent-name": "New York Independent System Operator",
                "value": "582",
                "value-units": "megawatthours"
            },
            {
                "period": "2022-09-28T23",
                "subba": "ZONE",
                "subba-name": "Mohawk Valley - NYIS",
                "parent": "NYIS",
                "parent-name": "New York Independent System Operator",
                "value": "816",
                "value-units": "megawatthours"
            },
            {
                "period": "2022-09-28T23",
                "subba": "ZONF",
                "subba-name": "Capital - NYIS",
                "parent": "NYIS",
                "parent-name": "New York Independent System Operator",
                "value": "1375",
                "value-units": "megawatthours"
            },
            {
                "period": "2022-09-28T23",
                "subba": "ZONG",
                "subba-name": "Hudson Valley - NYIS",
                "parent": "NYIS",
                "parent-name": "New York Independent System Operator",
                "value": "1063",
                "value-units": "megawatthours"
            },
            {
                "period": "2022-09-28T23",
                "subba": "ZONH",
                "subba-name": "Millwood - NYIS",
                "parent": "NYIS",
                "parent-name": "New York Independent System Operator",
                "value": "324",
                "value-units": "megawatthours"
            },
            {
                "period": "2022-09-28T23",
                "subba": "ZONI",
                "subba-name": "Dunwoodie - NYIS",
                "parent": "NYIS",
                "parent-name": "New York Independent System Operator",
                "value": "656",
                "value-units": "megawatthours"
            },
            {
                "period": "2022-09-28T23",
                "subba": "ZONJ",
                "subba-name": "New York City - NYIS",
                "parent": "NYIS",
                "parent-name": "New York Independent System Operator",
                "value": "5690",
                "value-units": "megawatthours"
            },
            {
                "period": "2022-09-28T23",
                "subba": "ZONK",
                "subba-name": "Long Island - NYIS",
                "parent": "NYIS",
                "parent-name": "New York Independent System Operator",
                "value": "2363",
                "value-units": "megawatthours"
            },
            {
                "period": "2022-09-28T22",
                "subba": "ZONA",
                "subba-name": "West - NYIS",
                "parent": "NYIS",
                "parent-name": "New York Independent System Operator",
                "value": "1740",
                "value-units": "megawatthours"
            },
            {
                "period": "2022-09-28T22",
                "subba": "ZONB",
                "subba-name": "Genesee - NYIS",
                "parent": "NYIS",
                "parent-name": "New York Independent System Operator",
                "value": "1099",
                "value-units": "megawatthours"
            },
            {
                "period": "2022-09-28T22",
                "subba": "ZONC",
                "subba-name": "Central - NYIS",
                "parent": "NYIS",
                "parent-name": "New York Independent System Operator",
                "value": "1797",
                "value-units": "megawatthours"
            },
            {
                "period": "2022-09-28T22",
                "subba": "ZOND",
                "subba-name": "North - NYIS",
                "parent": "NYIS",
                "parent-name": "New York Independent System Operator",
                "value": "572",
                "value-units": "megawatthours"
            },
            {
                "period": "2022-09-28T22",
                "subba": "ZONE",
                "subba-name": "Mohawk Valley - NYIS",
                "parent": "NYIS",
                "parent-name": "New York Independent System Operator",
                "value": "785",
                "value-units": "megawatthours"
            },
            {
                "period": "2022-09-28T22",
                "subba": "ZONF",
                "subba-name": "Capital - NYIS",
                "parent": "NYIS",
                "parent-name": "New York Independent System Operator",
                "value": "1316",
                "value-units": "megawatthours"
            },
            {
                "period": "2022-09-28T22",
                "subba": "ZONG",
                "subba-name": "Hudson Valley - NYIS",
                "parent": "NYIS",
                "parent-name": "New York Independent System Operator",
                "value": "1004",
                "value-units": "megawatthours"
            },
            {
                "period": "2022-09-28T22",
                "subba": "ZONH",
                "subba-name": "Millwood - NYIS",
                "parent": "NYIS",
                "parent-name": "New York Independent System Operator",
                "value": "312",
                "value-units": "megawatthours"
            },
            {
                "period": "2022-09-28T22",
                "subba": "ZONI",
                "subba-name": "Dunwoodie - NYIS",
                "parent": "NYIS",
                "parent-name": "New York Independent System Operator",
                "value": "654",
                "value-units": "megawatthours"
            },
            {
                "period": "2022-09-28T22",
                "subba": "ZONJ",
                "subba-name": "New York City - NYIS",
                "parent": "NYIS",
                "parent-name": "New York Independent System Operator",
                "value": "5861",
                "value-units": "megawatthours"
            },
            {
                "period": "2022-09-28T22",
                "subba": "ZONK",
                "subba-name": "Long Island - NYIS",
                "parent": "NYIS",
                "parent-name": "New York Independent System Operator",
                "value": "2305",
                "value-units": "megawatthours"
            },
            {
                "period": "2022-09-28T21",
                "subba": "ZONA",
                "subba-name": "West - NYIS",
                "parent": "NYIS",
                "parent-name": "New York Independent System Operator",
                "value": "1731",
                "value-units": "megawatthours"
            },
            {
                "period": "2022-09-28T21",
                "subba": "ZONB",
                "subba-name": "Genesee - NYIS",
                "parent": "NYIS",
                "parent-name": "New York Independent System Operator",
                "value": "1079",
                "value-units": "megawatthours"
            },
            {
                "period": "2022-09-28T21",
                "subba": "ZONC",
                "subba-name": "Central - NYIS",
                "parent": "NYIS",
                "parent-name": "New York Independent System Operator",
                "value": "1740",
                "value-units": "megawatthours"
            },
            {
                "period": "2022-09-28T21",
                "subba": "ZOND",
                "subba-name": "North - NYIS",
                "parent": "NYIS",
                "parent-name": "New York Independent System Operator",
                "value": "563",
                "value-units": "megawatthours"
            },
            {
                "period": "2022-09-28T21",
                "subba": "ZONE",
                "subba-name": "Mohawk Valley - NYIS",
                "parent": "NYIS",
                "parent-name": "New York Independent System Operator",
                "value": "752",
                "value-units": "megawatthours"
            },
            {
                "period": "2022-09-28T21",
                "subba": "ZONF",
                "subba-name": "Capital - NYIS",
                "parent": "NYIS",
                "parent-name": "New York Independent System Operator",
                "value": "1266",
                "value-units": "megawatthours"
            },
            {
                "period": "2022-09-28T21",
                "subba": "ZONG",
                "subba-name": "Hudson Valley - NYIS",
                "parent": "NYIS",
                "parent-name": "New York Independent System Operator",
                "value": "920",
                "value-units": "megawatthours"
            },
            {
                "period": "2022-09-28T21",
                "subba": "ZONH",
                "subba-name": "Millwood - NYIS",
                "parent": "NYIS",
                "parent-name": "New York Independent System Operator",
                "value": "294",
                "value-units": "megawatthours"
            },
            {
                "period": "2022-09-28T21",
                "subba": "ZONI",
                "subba-name": "Dunwoodie - NYIS",
                "parent": "NYIS",
                "parent-name": "New York Independent System Operator",
                "value": "641",
                "value-units": "megawatthours"
            },
            {
                "period": "2022-09-28T21",
                "subba": "ZONJ",
                "subba-name": "New York City - NYIS",
                "parent": "NYIS",
                "parent-name": "New York Independent System Operator",
                "value": "5875",
                "value-units": "megawatthours"
            },
            {
                "period": "2022-09-28T21",
                "subba": "ZONK",
                "subba-name": "Long Island - NYIS",
                "parent": "NYIS",
                "parent-name": "New York Independent System Operator",
                "value": "2232",
                "value-units": "megawatthours"
            },
            {
                "period": "2022-09-28T20",
                "subba": "ZONA",
                "subba-name": "West - NYIS",
                "parent": "NYIS",
                "parent-name": "New York Independent System Operator",
                "value": "1733",
                "value-units": "megawatthours"
            },
            {
                "period": "2022-09-28T20",
                "subba": "ZONB",
                "subba-name": "Genesee - NYIS",
                "parent": "NYIS",
                "parent-name": "New York Independent System Operator",
                "value": "1069",
                "value-units": "megawatthours"
            },
            {
                "period": "2022-09-28T20",
                "subba": "ZONC",
                "subba-name": "Central - NYIS",
                "parent": "NYIS",
                "parent-name": "New York Independent System Operator",
                "value": "1686",
                "value-units": "megawatthours"
            },
            {
                "period": "2022-09-28T20",
                "subba": "ZOND",
                "subba-name": "North - NYIS",
                "parent": "NYIS",
                "parent-name": "New York Independent System Operator",
                "value": "559",
                "value-units": "megawatthours"
            },
            {
                "period": "2022-09-28T20",
                "subba": "ZONE",
                "subba-name": "Mohawk Valley - NYIS",
                "parent": "NYIS",
                "parent-name": "New York Independent System Operator",
                "value": "706",
                "value-units": "megawatthours"
            },
            {
                "period": "2022-09-28T20",
                "subba": "ZONF",
                "subba-name": "Capital - NYIS",
                "parent": "NYIS",
                "parent-name": "New York Independent System Operator",
                "value": "1214",
                "value-units": "megawatthours"
            },
            {
                "period": "2022-09-28T20",
                "subba": "ZONG",
                "subba-name": "Hudson Valley - NYIS",
                "parent": "NYIS",
                "parent-name": "New York Independent System Operator",
                "value": "846",
                "value-units": "megawatthours"
            },
            {
                "period": "2022-09-28T20",
                "subba": "ZONH",
                "subba-name": "Millwood - NYIS",
                "parent": "NYIS",
                "parent-name": "New York Independent System Operator",
                "value": "282",
                "value-units": "megawatthours"
            },
            {
                "period": "2022-09-28T20",
                "subba": "ZONI",
                "subba-name": "Dunwoodie - NYIS",
                "parent": "NYIS",
                "parent-name": "New York Independent System Operator",
                "value": "626",
                "value-units": "megawatthours"
            },
            {
                "period": "2022-09-28T20",
                "subba": "ZONJ",
                "subba-name": "New York City - NYIS",
                "parent": "NYIS",
                "parent-name": "New York Independent System Operator",
                "value": "5816",
                "value-units": "megawatthours"
            },
            {
                "period": "2022-09-28T20",
                "subba": "ZONK",
                "subba-name": "Long Island - NYIS",
                "parent": "NYIS",
                "parent-name": "New York Independent System Operator",
                "value": "2114",
                "value-units": "megawatthours"
            },
            {
                "period": "2022-09-28T19",
                "subba": "ZONA",
                "subba-name": "West - NYIS",
                "parent": "NYIS",
                "parent-name": "New York Independent System Operator",
                "value": "1736",
                "value-units": "megawatthours"
            },
            {
                "period": "2022-09-28T19",
                "subba": "ZONB",
                "subba-name": "Genesee - NYIS",
                "parent": "NYIS",
                "parent-name": "New York Independent System Operator",
                "value": "1061",
                "value-units": "megawatthours"
            },
            {
                "period": "2022-09-28T19",
                "subba": "ZONC",
                "subba-name": "Central - NYIS",
                "parent": "NYIS",
                "parent-name": "New York Independent System Operator",
                "value": "1665",
                "value-units": "megawatthours"
            },
            {
                "period": "2022-09-28T19",
                "subba": "ZOND",
                "subba-name": "North - NYIS",
                "parent": "NYIS",
                "parent-name": "New York Independent System Operator",
                "value": "541",
                "value-units": "megawatthours"
            },
            {
                "period": "2022-09-28T19",
                "subba": "ZONE",
                "subba-name": "Mohawk Valley - NYIS",
                "parent": "NYIS",
                "parent-name": "New York Independent System Operator",
                "value": "704",
                "value-units": "megawatthours"
            },
            {
                "period": "2022-09-28T19",
                "subba": "ZONF",
                "subba-name": "Capital - NYIS",
                "parent": "NYIS",
                "parent-name": "New York Independent System Operator",
                "value": "1193",
                "value-units": "megawatthours"
            },
            {
                "period": "2022-09-28T19",
                "subba": "ZONG",
                "subba-name": "Hudson Valley - NYIS",
                "parent": "NYIS",
                "parent-name": "New York Independent System Operator",
                "value": "815",
                "value-units": "megawatthours"
            },
            {
                "period": "2022-09-28T19",
                "subba": "ZONH",
                "subba-name": "Millwood - NYIS",
                "parent": "NYIS",
                "parent-name": "New York Independent System Operator",
                "value": "273",
                "value-units": "megawatthours"
            },
            {
                "period": "2022-09-28T19",
                "subba": "ZONI",
                "subba-name": "Dunwoodie - NYIS",
                "parent": "NYIS",
                "parent-name": "New York Independent System Operator",
                "value": "609",
                "value-units": "megawatthours"
            },
            {
                "period": "2022-09-28T19",
                "subba": "ZONJ",
                "subba-name": "New York City - NYIS",
                "parent": "NYIS",
                "parent-name": "New York Independent System Operator",
                "value": "5748",
                "value-units": "megawatthours"
            },
            {
                "period": "2022-09-28T19",
                "subba": "ZONK",
                "subba-name": "Long Island - NYIS",
                "parent": "NYIS",
                "parent-name": "New York Independent System Operator",
                "value": "2011",
                "value-units": "megawatthours"
            },
            {
                "period": "2022-09-28T18",
                "subba": "ZONA",
                "subba-name": "West - NYIS",
                "parent": "NYIS",
                "parent-name": "New York Independent System Operator",
                "value": "1731",
                "value-units": "megawatthours"
            },
            {
                "period": "2022-09-28T18",
                "subba": "ZONB",
                "subba-name": "Genesee - NYIS",
                "parent": "NYIS",
                "parent-name": "New York Independent System Operator",
                "value": "1057",
                "value-units": "megawatthours"
            },
            {
                "period": "2022-09-28T18",
                "subba": "ZONC",
                "subba-name": "Central - NYIS",
                "parent": "NYIS",
                "parent-name": "New York Independent System Operator",
                "value": "1664",
                "value-units": "megawatthours"
            },
            {
                "period": "2022-09-28T18",
                "subba": "ZOND",
                "subba-name": "North - NYIS",
                "parent": "NYIS",
                "parent-name": "New York Independent System Operator",
                "value": "557",
                "value-units": "megawatthours"
            },
            {
                "period": "2022-09-28T18",
                "subba": "ZONE",
                "subba-name": "Mohawk Valley - NYIS",
                "parent": "NYIS",
                "parent-name": "New York Independent System Operator",
                "value": "692",
                "value-units": "megawatthours"
            },
            {
                "period": "2022-09-28T18",
                "subba": "ZONF",
                "subba-name": "Capital - NYIS",
                "parent": "NYIS",
                "parent-name": "New York Independent System Operator",
                "value": "1182",
                "value-units": "megawatthours"
            },
            {
                "period": "2022-09-28T18",
                "subba": "ZONG",
                "subba-name": "Hudson Valley - NYIS",
                "parent": "NYIS",
                "parent-name": "New York Independent System Operator",
                "value": "807",
                "value-units": "megawatthours"
            },
            {
                "period": "2022-09-28T18",
                "subba": "ZONH",
                "subba-name": "Millwood - NYIS",
                "parent": "NYIS",
                "parent-name": "New York Independent System Operator",
                "value": "268",
                "value-units": "megawatthours"
            },
            {
                "period": "2022-09-28T18",
                "subba": "ZONI",
                "subba-name": "Dunwoodie - NYIS",
                "parent": "NYIS",
                "parent-name": "New York Independent System Operator",
                "value": "605",
                "value-units": "megawatthours"
            },
            {
                "period": "2022-09-28T18",
                "subba": "ZONJ",
                "subba-name": "New York City - NYIS",
                "parent": "NYIS",
                "parent-name": "New York Independent System Operator",
                "value": "5719",
                "value-units": "megawatthours"
            },
            {
                "period": "2022-09-28T18",
                "subba": "ZONK",
                "subba-name": "Long Island - NYIS",
                "parent": "NYIS",
                "parent-name": "New York Independent System Operator",
                "value": "1892",
                "value-units": "megawatthours"
            },
            {
                "period": "2022-09-28T17",
                "subba": "ZONA",
                "subba-name": "West - NYIS",
                "parent": "NYIS",
                "parent-name": "New York Independent System Operator",
                "value": "1739",
                "value-units": "megawatthours"
            },
            {
                "period": "2022-09-28T17",
                "subba": "ZONB",
                "subba-name": "Genesee - NYIS",
                "parent": "NYIS",
                "parent-name": "New York Independent System Operator",
                "value": "1046",
                "value-units": "megawatthours"
            },
            {
                "period": "2022-09-28T17",
                "subba": "ZONC",
                "subba-name": "Central - NYIS",
                "parent": "NYIS",
                "parent-name": "New York Independent System Operator",
                "value": "1666",
                "value-units": "megawatthours"
            },
            {
                "period": "2022-09-28T17",
                "subba": "ZOND",
                "subba-name": "North - NYIS",
                "parent": "NYIS",
                "parent-name": "New York Independent System Operator",
                "value": "558",
                "value-units": "megawatthours"
            },
            {
                "period": "2022-09-28T17",
                "subba": "ZONE",
                "subba-name": "Mohawk Valley - NYIS",
                "parent": "NYIS",
                "parent-name": "New York Independent System Operator",
                "value": "702",
                "value-units": "megawatthours"
            },
            {
                "period": "2022-09-28T17",
                "subba": "ZONF",
                "subba-name": "Capital - NYIS",
                "parent": "NYIS",
                "parent-name": "New York Independent System Operator",
                "value": "1169",
                "value-units": "megawatthours"
            },
            {
                "period": "2022-09-28T17",
                "subba": "ZONG",
                "subba-name": "Hudson Valley - NYIS",
                "parent": "NYIS",
                "parent-name": "New York Independent System Operator",
                "value": "789",
                "value-units": "megawatthours"
            },
            {
                "period": "2022-09-28T17",
                "subba": "ZONH",
                "subba-name": "Millwood - NYIS",
                "parent": "NYIS",
                "parent-name": "New York Independent System Operator",
                "value": "271",
                "value-units": "megawatthours"
            },
            {
                "period": "2022-09-28T17",
                "subba": "ZONI",
                "subba-name": "Dunwoodie - NYIS",
                "parent": "NYIS",
                "parent-name": "New York Independent System Operator",
                "value": "588",
                "value-units": "megawatthours"
            },
            {
                "period": "2022-09-28T17",
                "subba": "ZONJ",
                "subba-name": "New York City - NYIS",
                "parent": "NYIS",
                "parent-name": "New York Independent System Operator",
                "value": "5629",
                "value-units": "megawatthours"
            },
            {
                "period": "2022-09-28T17",
                "subba": "ZONK",
                "subba-name": "Long Island - NYIS",
                "parent": "NYIS",
                "parent-name": "New York Independent System Operator",
                "value": "1834",
                "value-units": "megawatthours"
            },
            {
                "period": "2022-09-28T16",
                "subba": "ZONA",
                "subba-name": "West - NYIS",
                "parent": "NYIS",
                "parent-name": "New York Independent System Operator",
                "value": "1759",
                "value-units": "megawatthours"
            },
            {
                "period": "2022-09-28T16",
                "subba": "ZONB",
                "subba-name": "Genesee - NYIS",
                "parent": "NYIS",
                "parent-name": "New York Independent System Operator",
                "value": "1074",
                "value-units": "megawatthours"
            },
            {
                "period": "2022-09-28T16",
                "subba": "ZONC",
                "subba-name": "Central - NYIS",
                "parent": "NYIS",
                "parent-name": "New York Independent System Operator",
                "value": "1700",
                "value-units": "megawatthours"
            },
            {
                "period": "2022-09-28T16",
                "subba": "ZOND",
                "subba-name": "North - NYIS",
                "parent": "NYIS",
                "parent-name": "New York Independent System Operator",
                "value": "560",
                "value-units": "megawatthours"
            },
            {
                "period": "2022-09-28T16",
                "subba": "ZONE",
                "subba-name": "Mohawk Valley - NYIS",
                "parent": "NYIS",
                "parent-name": "New York Independent System Operator",
                "value": "719",
                "value-units": "megawatthours"
            },
            {
                "period": "2022-09-28T16",
                "subba": "ZONF",
                "subba-name": "Capital - NYIS",
                "parent": "NYIS",
                "parent-name": "New York Independent System Operator",
                "value": "1199",
                "value-units": "megawatthours"
            },
            {
                "period": "2022-09-28T16",
                "subba": "ZONG",
                "subba-name": "Hudson Valley - NYIS",
                "parent": "NYIS",
                "parent-name": "New York Independent System Operator",
                "value": "795",
                "value-units": "megawatthours"
            },
            {
                "period": "2022-09-28T16",
                "subba": "ZONH",
                "subba-name": "Millwood - NYIS",
                "parent": "NYIS",
                "parent-name": "New York Independent System Operator",
                "value": "263",
                "value-units": "megawatthours"
            },
            {
                "period": "2022-09-28T16",
                "subba": "ZONI",
                "subba-name": "Dunwoodie - NYIS",
                "parent": "NYIS",
                "parent-name": "New York Independent System Operator",
                "value": "586",
                "value-units": "megawatthours"
            },
            {
                "period": "2022-09-28T16",
                "subba": "ZONJ",
                "subba-name": "New York City - NYIS",
                "parent": "NYIS",
                "parent-name": "New York Independent System Operator",
                "value": "5559",
                "value-units": "megawatthours"
            },
            {
                "period": "2022-09-28T16",
                "subba": "ZONK",
                "subba-name": "Long Island - NYIS",
                "parent": "NYIS",
                "parent-name": "New York Independent System Operator",
                "value": "1824",
                "value-units": "megawatthours"
            },
            {
                "period": "2022-09-28T15",
                "subba": "ZONA",
                "subba-name": "West - NYIS",
                "parent": "NYIS",
                "parent-name": "New York Independent System Operator",
                "value": "1755",
                "value-units": "megawatthours"
            },
            {
                "period": "2022-09-28T15",
                "subba": "ZONB",
                "subba-name": "Genesee - NYIS",
                "parent": "NYIS",
                "parent-name": "New York Independent System Operator",
                "value": "1085",
                "value-units": "megawatthours"
            },
            {
                "period": "2022-09-28T15",
                "subba": "ZONC",
                "subba-name": "Central - NYIS",
                "parent": "NYIS",
                "parent-name": "New York Independent System Operator",
                "value": "1716",
                "value-units": "megawatthours"
            },
            {
                "period": "2022-09-28T15",
                "subba": "ZOND",
                "subba-name": "North - NYIS",
                "parent": "NYIS",
                "parent-name": "New York Independent System Operator",
                "value": "564",
                "value-units": "megawatthours"
            },
            {
                "period": "2022-09-28T15",
                "subba": "ZONE",
                "subba-name": "Mohawk Valley - NYIS",
                "parent": "NYIS",
                "parent-name": "New York Independent System Operator",
                "value": "721",
                "value-units": "megawatthours"
            },
            {
                "period": "2022-09-28T15",
                "subba": "ZONF",
                "subba-name": "Capital - NYIS",
                "parent": "NYIS",
                "parent-name": "New York Independent System Operator",
                "value": "1215",
                "value-units": "megawatthours"
            },
            {
                "period": "2022-09-28T15",
                "subba": "ZONG",
                "subba-name": "Hudson Valley - NYIS",
                "parent": "NYIS",
                "parent-name": "New York Independent System Operator",
                "value": "781",
                "value-units": "megawatthours"
            },
            {
                "period": "2022-09-28T15",
                "subba": "ZONH",
                "subba-name": "Millwood - NYIS",
                "parent": "NYIS",
                "parent-name": "New York Independent System Operator",
                "value": "257",
                "value-units": "megawatthours"
            },
            {
                "period": "2022-09-28T15",
                "subba": "ZONI",
                "subba-name": "Dunwoodie - NYIS",
                "parent": "NYIS",
                "parent-name": "New York Independent System Operator",
                "value": "584",
                "value-units": "megawatthours"
            },
            {
                "period": "2022-09-28T15",
                "subba": "ZONJ",
                "subba-name": "New York City - NYIS",
                "parent": "NYIS",
                "parent-name": "New York Independent System Operator",
                "value": "5442",
                "value-units": "megawatthours"
            },
            {
                "period": "2022-09-28T15",
                "subba": "ZONK",
                "subba-name": "Long Island - NYIS",
                "parent": "NYIS",
                "parent-name": "New York Independent System Operator",
                "value": "1835",
                "value-units": "megawatthours"
            },
            {
                "period": "2022-09-28T14",
                "subba": "ZONA",
                "subba-name": "West - NYIS",
                "parent": "NYIS",
                "parent-name": "New York Independent System Operator",
                "value": "1739",
                "value-units": "megawatthours"
            },
            {
                "period": "2022-09-28T14",
                "subba": "ZONB",
                "subba-name": "Genesee - NYIS",
                "parent": "NYIS",
                "parent-name": "New York Independent System Operator",
                "value": "1086",
                "value-units": "megawatthours"
            },
            {
                "period": "2022-09-28T14",
                "subba": "ZONC",
                "subba-name": "Central - NYIS",
                "parent": "NYIS",
                "parent-name": "New York Independent System Operator",
                "value": "1734",
                "value-units": "megawatthours"
            },
            {
                "period": "2022-09-28T14",
                "subba": "ZOND",
                "subba-name": "North - NYIS",
                "parent": "NYIS",
                "parent-name": "New York Independent System Operator",
                "value": "566",
                "value-units": "megawatthours"
            },
            {
                "period": "2022-09-28T14",
                "subba": "ZONE",
                "subba-name": "Mohawk Valley - NYIS",
                "parent": "NYIS",
                "parent-name": "New York Independent System Operator",
                "value": "762",
                "value-units": "megawatthours"
            },
            {
                "period": "2022-09-28T14",
                "subba": "ZONF",
                "subba-name": "Capital - NYIS",
                "parent": "NYIS",
                "parent-name": "New York Independent System Operator",
                "value": "1256",
                "value-units": "megawatthours"
            },
            {
                "period": "2022-09-28T14",
                "subba": "ZONG",
                "subba-name": "Hudson Valley - NYIS",
                "parent": "NYIS",
                "parent-name": "New York Independent System Operator",
                "value": "809",
                "value-units": "megawatthours"
            },
            {
                "period": "2022-09-28T14",
                "subba": "ZONH",
                "subba-name": "Millwood - NYIS",
                "parent": "NYIS",
                "parent-name": "New York Independent System Operator",
                "value": "266",
                "value-units": "megawatthours"
            },
            {
                "period": "2022-09-28T14",
                "subba": "ZONI",
                "subba-name": "Dunwoodie - NYIS",
                "parent": "NYIS",
                "parent-name": "New York Independent System Operator",
                "value": "581",
                "value-units": "megawatthours"
            },
            {
                "period": "2022-09-28T14",
                "subba": "ZONJ",
                "subba-name": "New York City - NYIS",
                "parent": "NYIS",
                "parent-name": "New York Independent System Operator",
                "value": "5350",
                "value-units": "megawatthours"
            },
            {
                "period": "2022-09-28T14",
                "subba": "ZONK",
                "subba-name": "Long Island - NYIS",
                "parent": "NYIS",
                "parent-name": "New York Independent System Operator",
                "value": "1862",
                "value-units": "megawatthours"
            },
            {
                "period": "2022-09-28T13",
                "subba": "ZONA",
                "subba-name": "West - NYIS",
                "parent": "NYIS",
                "parent-name": "New York Independent System Operator",
                "value": "1726",
                "value-units": "megawatthours"
            },
            {
                "period": "2022-09-28T13",
                "subba": "ZONB",
                "subba-name": "Genesee - NYIS",
                "parent": "NYIS",
                "parent-name": "New York Independent System Operator",
                "value": "1080",
                "value-units": "megawatthours"
            },
            {
                "period": "2022-09-28T13",
                "subba": "ZONC",
                "subba-name": "Central - NYIS",
                "parent": "NYIS",
                "parent-name": "New York Independent System Operator",
                "value": "1743",
                "value-units": "megawatthours"
            },
            {
                "period": "2022-09-28T13",
                "subba": "ZOND",
                "subba-name": "North - NYIS",
                "parent": "NYIS",
                "parent-name": "New York Independent System Operator",
                "value": "514",
                "value-units": "megawatthours"
            },
            {
                "period": "2022-09-28T13",
                "subba": "ZONE",
                "subba-name": "Mohawk Valley - NYIS",
                "parent": "NYIS",
                "parent-name": "New York Independent System Operator",
                "value": "777",
                "value-units": "megawatthours"
            },
            {
                "period": "2022-09-28T13",
                "subba": "ZONF",
                "subba-name": "Capital - NYIS",
                "parent": "NYIS",
                "parent-name": "New York Independent System Operator",
                "value": "1301",
                "value-units": "megawatthours"
            },
            {
                "period": "2022-09-28T13",
                "subba": "ZONG",
                "subba-name": "Hudson Valley - NYIS",
                "parent": "NYIS",
                "parent-name": "New York Independent System Operator",
                "value": "881",
                "value-units": "megawatthours"
            },
            {
                "period": "2022-09-28T13",
                "subba": "ZONH",
                "subba-name": "Millwood - NYIS",
                "parent": "NYIS",
                "parent-name": "New York Independent System Operator",
                "value": "270",
                "value-units": "megawatthours"
            },
            {
                "period": "2022-09-28T13",
                "subba": "ZONI",
                "subba-name": "Dunwoodie - NYIS",
                "parent": "NYIS",
                "parent-name": "New York Independent System Operator",
                "value": "578",
                "value-units": "megawatthours"
            },
            {
                "period": "2022-09-28T13",
                "subba": "ZONJ",
                "subba-name": "New York City - NYIS",
                "parent": "NYIS",
                "parent-name": "New York Independent System Operator",
                "value": "5185",
                "value-units": "megawatthours"
            },
            {
                "period": "2022-09-28T13",
                "subba": "ZONK",
                "subba-name": "Long Island - NYIS",
                "parent": "NYIS",
                "parent-name": "New York Independent System Operator",
                "value": "1908",
                "value-units": "megawatthours"
            },
            {
                "period": "2022-09-28T12",
                "subba": "ZONA",
                "subba-name": "West - NYIS",
                "parent": "NYIS",
                "parent-name": "New York Independent System Operator",
                "value": "1684",
                "value-units": "megawatthours"
            },
            {
                "period": "2022-09-28T12",
                "subba": "ZONB",
                "subba-name": "Genesee - NYIS",
                "parent": "NYIS",
                "parent-name": "New York Independent System Operator",
                "value": "1053",
                "value-units": "megawatthours"
            },
            {
                "period": "2022-09-28T12",
                "subba": "ZONC",
                "subba-name": "Central - NYIS",
                "parent": "NYIS",
                "parent-name": "New York Independent System Operator",
                "value": "1721",
                "value-units": "megawatthours"
            },
            {
                "period": "2022-09-28T12",
                "subba": "ZOND",
                "subba-name": "North - NYIS",
                "parent": "NYIS",
                "parent-name": "New York Independent System Operator",
                "value": "556",
                "value-units": "megawatthours"
            },
            {
                "period": "2022-09-28T12",
                "subba": "ZONE",
                "subba-name": "Mohawk Valley - NYIS",
                "parent": "NYIS",
                "parent-name": "New York Independent System Operator",
                "value": "766",
                "value-units": "megawatthours"
            },
            {
                "period": "2022-09-28T12",
                "subba": "ZONF",
                "subba-name": "Capital - NYIS",
                "parent": "NYIS",
                "parent-name": "New York Independent System Operator",
                "value": "1298",
                "value-units": "megawatthours"
            },
            {
                "period": "2022-09-28T12",
                "subba": "ZONG",
                "subba-name": "Hudson Valley - NYIS",
                "parent": "NYIS",
                "parent-name": "New York Independent System Operator",
                "value": "902",
                "value-units": "megawatthours"
            },
            {
                "period": "2022-09-28T12",
                "subba": "ZONH",
                "subba-name": "Millwood - NYIS",
                "parent": "NYIS",
                "parent-name": "New York Independent System Operator",
                "value": "280",
                "value-units": "megawatthours"
            },
            {
                "period": "2022-09-28T12",
                "subba": "ZONI",
                "subba-name": "Dunwoodie - NYIS",
                "parent": "NYIS",
                "parent-name": "New York Independent System Operator",
                "value": "559",
                "value-units": "megawatthours"
            },
            {
                "period": "2022-09-28T12",
                "subba": "ZONJ",
                "subba-name": "New York City - NYIS",
                "parent": "NYIS",
                "parent-name": "New York Independent System Operator",
                "value": "4890",
                "value-units": "megawatthours"
            },
            {
                "period": "2022-09-28T12",
                "subba": "ZONK",
                "subba-name": "Long Island - NYIS",
                "parent": "NYIS",
                "parent-name": "New York Independent System Operator",
                "value": "1910",
                "value-units": "megawatthours"
            },
            {
                "period": "2022-09-28T11",
                "subba": "ZONA",
                "subba-name": "West - NYIS",
                "parent": "NYIS",
                "parent-name": "New York Independent System Operator",
                "value": "1606",
                "value-units": "megawatthours"
            },
            {
                "period": "2022-09-28T11",
                "subba": "ZONB",
                "subba-name": "Genesee - NYIS",
                "parent": "NYIS",
                "parent-name": "New York Independent System Operator",
                "value": "984",
                "value-units": "megawatthours"
            },
            {
                "period": "2022-09-28T11",
                "subba": "ZONC",
                "subba-name": "Central - NYIS",
                "parent": "NYIS",
                "parent-name": "New York Independent System Operator",
                "value": "1616",
                "value-units": "megawatthours"
            },
            {
                "period": "2022-09-28T11",
                "subba": "ZOND",
                "subba-name": "North - NYIS",
                "parent": "NYIS",
                "parent-name": "New York Independent System Operator",
                "value": "547",
                "value-units": "megawatthours"
            },
            {
                "period": "2022-09-28T11",
                "subba": "ZONE",
                "subba-name": "Mohawk Valley - NYIS",
                "parent": "NYIS",
                "parent-name": "New York Independent System Operator",
                "value": "737",
                "value-units": "megawatthours"
            },
            {
                "period": "2022-09-28T11",
                "subba": "ZONF",
                "subba-name": "Capital - NYIS",
                "parent": "NYIS",
                "parent-name": "New York Independent System Operator",
                "value": "1226",
                "value-units": "megawatthours"
            },
            {
                "period": "2022-09-28T11",
                "subba": "ZONG",
                "subba-name": "Hudson Valley - NYIS",
                "parent": "NYIS",
                "parent-name": "New York Independent System Operator",
                "value": "871",
                "value-units": "megawatthours"
            },
            {
                "period": "2022-09-28T11",
                "subba": "ZONH",
                "subba-name": "Millwood - NYIS",
                "parent": "NYIS",
                "parent-name": "New York Independent System Operator",
                "value": "256",
                "value-units": "megawatthours"
            },
            {
                "period": "2022-09-28T11",
                "subba": "ZONI",
                "subba-name": "Dunwoodie - NYIS",
                "parent": "NYIS",
                "parent-name": "New York Independent System Operator",
                "value": "515",
                "value-units": "megawatthours"
            },
            {
                "period": "2022-09-28T11",
                "subba": "ZONJ",
                "subba-name": "New York City - NYIS",
                "parent": "NYIS",
                "parent-name": "New York Independent System Operator",
                "value": "4472",
                "value-units": "megawatthours"
            },
            {
                "period": "2022-09-28T11",
                "subba": "ZONK",
                "subba-name": "Long Island - NYIS",
                "parent": "NYIS",
                "parent-name": "New York Independent System Operator",
                "value": "1826",
                "value-units": "megawatthours"
            },
            {
                "period": "2022-09-28T10",
                "subba": "ZONA",
                "subba-name": "West - NYIS",
                "parent": "NYIS",
                "parent-name": "New York Independent System Operator",
                "value": "1482",
                "value-units": "megawatthours"
            },
            {
                "period": "2022-09-28T10",
                "subba": "ZONB",
                "subba-name": "Genesee - NYIS",
                "parent": "NYIS",
                "parent-name": "New York Independent System Operator",
                "value": "890",
                "value-units": "megawatthours"
            },
            {
                "period": "2022-09-28T10",
                "subba": "ZONC",
                "subba-name": "Central - NYIS",
                "parent": "NYIS",
                "parent-name": "New York Independent System Operator",
                "value": "1439",
                "value-units": "megawatthours"
            },
            {
                "period": "2022-09-28T10",
                "subba": "ZOND",
                "subba-name": "North - NYIS",
                "parent": "NYIS",
                "parent-name": "New York Independent System Operator",
                "value": "512",
                "value-units": "megawatthours"
            },
            {
                "period": "2022-09-28T10",
                "subba": "ZONE",
                "subba-name": "Mohawk Valley - NYIS",
                "parent": "NYIS",
                "parent-name": "New York Independent System Operator",
                "value": "635",
                "value-units": "megawatthours"
            },
            {
                "period": "2022-09-28T10",
                "subba": "ZONF",
                "subba-name": "Capital - NYIS",
                "parent": "NYIS",
                "parent-name": "New York Independent System Operator",
                "value": "1109",
                "value-units": "megawatthours"
            },
            {
                "period": "2022-09-28T10",
                "subba": "ZONG",
                "subba-name": "Hudson Valley - NYIS",
                "parent": "NYIS",
                "parent-name": "New York Independent System Operator",
                "value": "786",
                "value-units": "megawatthours"
            },
            {
                "period": "2022-09-28T10",
                "subba": "ZONH",
                "subba-name": "Millwood - NYIS",
                "parent": "NYIS",
                "parent-name": "New York Independent System Operator",
                "value": "225",
                "value-units": "megawatthours"
            },
            {
                "period": "2022-09-28T10",
                "subba": "ZONI",
                "subba-name": "Dunwoodie - NYIS",
                "parent": "NYIS",
                "parent-name": "New York Independent System Operator",
                "value": "470",
                "value-units": "megawatthours"
            },
            {
                "period": "2022-09-28T10",
                "subba": "ZONJ",
                "subba-name": "New York City - NYIS",
                "parent": "NYIS",
                "parent-name": "New York Independent System Operator",
                "value": "4041",
                "value-units": "megawatthours"
            },
            {
                "period": "2022-09-28T10",
                "subba": "ZONK",
                "subba-name": "Long Island - NYIS",
                "parent": "NYIS",
                "parent-name": "New York Independent System Operator",
                "value": "1662",
                "value-units": "megawatthours"
            },
            {
                "period": "2022-09-28T09",
                "subba": "ZONA",
                "subba-name": "West - NYIS",
                "parent": "NYIS",
                "parent-name": "New York Independent System Operator",
                "value": "1420",
                "value-units": "megawatthours"
            },
            {
                "period": "2022-09-28T09",
                "subba": "ZONB",
                "subba-name": "Genesee - NYIS",
                "parent": "NYIS",
                "parent-name": "New York Independent System Operator",
                "value": "843",
                "value-units": "megawatthours"
            },
            {
                "period": "2022-09-28T09",
                "subba": "ZONC",
                "subba-name": "Central - NYIS",
                "parent": "NYIS",
                "parent-name": "New York Independent System Operator",
                "value": "1371",
                "value-units": "megawatthours"
            },
            {
                "period": "2022-09-28T09",
                "subba": "ZOND",
                "subba-name": "North - NYIS",
                "parent": "NYIS",
                "parent-name": "New York Independent System Operator",
                "value": "508",
                "value-units": "megawatthours"
            },
            {
                "period": "2022-09-28T09",
                "subba": "ZONE",
                "subba-name": "Mohawk Valley - NYIS",
                "parent": "NYIS",
                "parent-name": "New York Independent System Operator",
                "value": "587",
                "value-units": "megawatthours"
            },
            {
                "period": "2022-09-28T09",
                "subba": "ZONF",
                "subba-name": "Capital - NYIS",
                "parent": "NYIS",
                "parent-name": "New York Independent System Operator",
                "value": "1051",
                "value-units": "megawatthours"
            },
            {
                "period": "2022-09-28T09",
                "subba": "ZONG",
                "subba-name": "Hudson Valley - NYIS",
                "parent": "NYIS",
                "parent-name": "New York Independent System Operator",
                "value": "740",
                "value-units": "megawatthours"
            },
            {
                "period": "2022-09-28T09",
                "subba": "ZONH",
                "subba-name": "Millwood - NYIS",
                "parent": "NYIS",
                "parent-name": "New York Independent System Operator",
                "value": "206",
                "value-units": "megawatthours"
            },
            {
                "period": "2022-09-28T09",
                "subba": "ZONI",
                "subba-name": "Dunwoodie - NYIS",
                "parent": "NYIS",
                "parent-name": "New York Independent System Operator",
                "value": "447",
                "value-units": "megawatthours"
            },
            {
                "period": "2022-09-28T09",
                "subba": "ZONJ",
                "subba-name": "New York City - NYIS",
                "parent": "NYIS",
                "parent-name": "New York Independent System Operator",
                "value": "3852",
                "value-units": "megawatthours"
            },
            {
                "period": "2022-09-28T09",
                "subba": "ZONK",
                "subba-name": "Long Island - NYIS",
                "parent": "NYIS",
                "parent-name": "New York Independent System Operator",
                "value": "1570",
                "value-units": "megawatthours"
            },
            {
                "period": "2022-09-28T08",
                "subba": "ZONA",
                "subba-name": "West - NYIS",
                "parent": "NYIS",
                "parent-name": "New York Independent System Operator",
                "value": "1415",
                "value-units": "megawatthours"
            },
            {
                "period": "2022-09-28T08",
                "subba": "ZONB",
                "subba-name": "Genesee - NYIS",
                "parent": "NYIS",
                "parent-name": "New York Independent System Operator",
                "value": "827",
                "value-units": "megawatthours"
            },
            {
                "period": "2022-09-28T08",
                "subba": "ZONC",
                "subba-name": "Central - NYIS",
                "parent": "NYIS",
                "parent-name": "New York Independent System Operator",
                "value": "1350",
                "value-units": "megawatthours"
            },
            {
                "period": "2022-09-28T08",
                "subba": "ZOND",
                "subba-name": "North - NYIS",
                "parent": "NYIS",
                "parent-name": "New York Independent System Operator",
                "value": "508",
                "value-units": "megawatthours"
            },
            {
                "period": "2022-09-28T08",
                "subba": "ZONE",
                "subba-name": "Mohawk Valley - NYIS",
                "parent": "NYIS",
                "parent-name": "New York Independent System Operator",
                "value": "571",
                "value-units": "megawatthours"
            },
            {
                "period": "2022-09-28T08",
                "subba": "ZONF",
                "subba-name": "Capital - NYIS",
                "parent": "NYIS",
                "parent-name": "New York Independent System Operator",
                "value": "1031",
                "value-units": "megawatthours"
            },
            {
                "period": "2022-09-28T08",
                "subba": "ZONG",
                "subba-name": "Hudson Valley - NYIS",
                "parent": "NYIS",
                "parent-name": "New York Independent System Operator",
                "value": "720",
                "value-units": "megawatthours"
            },
            {
                "period": "2022-09-28T08",
                "subba": "ZONH",
                "subba-name": "Millwood - NYIS",
                "parent": "NYIS",
                "parent-name": "New York Independent System Operator",
                "value": "212",
                "value-units": "megawatthours"
            },
            {
                "period": "2022-09-28T08",
                "subba": "ZONI",
                "subba-name": "Dunwoodie - NYIS",
                "parent": "NYIS",
                "parent-name": "New York Independent System Operator",
                "value": "444",
                "value-units": "megawatthours"
            },
            {
                "period": "2022-09-28T08",
                "subba": "ZONJ",
                "subba-name": "New York City - NYIS",
                "parent": "NYIS",
                "parent-name": "New York Independent System Operator",
                "value": "3854",
                "value-units": "megawatthours"
            },
            {
                "period": "2022-09-28T08",
                "subba": "ZONK",
                "subba-name": "Long Island - NYIS",
                "parent": "NYIS",
                "parent-name": "New York Independent System Operator",
                "value": "1545",
                "value-units": "megawatthours"
            },
            {
                "period": "2022-09-28T07",
                "subba": "ZONA",
                "subba-name": "West - NYIS",
                "parent": "NYIS",
                "parent-name": "New York Independent System Operator",
                "value": "1422",
                "value-units": "megawatthours"
            },
            {
                "period": "2022-09-28T07",
                "subba": "ZONB",
                "subba-name": "Genesee - NYIS",
                "parent": "NYIS",
                "parent-name": "New York Independent System Operator",
                "value": "830",
                "value-units": "megawatthours"
            },
            {
                "period": "2022-09-28T07",
                "subba": "ZONC",
                "subba-name": "Central - NYIS",
                "parent": "NYIS",
                "parent-name": "New York Independent System Operator",
                "value": "1347",
                "value-units": "megawatthours"
            },
            {
                "period": "2022-09-28T07",
                "subba": "ZOND",
                "subba-name": "North - NYIS",
                "parent": "NYIS",
                "parent-name": "New York Independent System Operator",
                "value": "511",
                "value-units": "megawatthours"
            },
            {
                "period": "2022-09-28T07",
                "subba": "ZONE",
                "subba-name": "Mohawk Valley - NYIS",
                "parent": "NYIS",
                "parent-name": "New York Independent System Operator",
                "value": "575",
                "value-units": "megawatthours"
            },
            {
                "period": "2022-09-28T07",
                "subba": "ZONF",
                "subba-name": "Capital - NYIS",
                "parent": "NYIS",
                "parent-name": "New York Independent System Operator",
                "value": "1032",
                "value-units": "megawatthours"
            },
            {
                "period": "2022-09-28T07",
                "subba": "ZONG",
                "subba-name": "Hudson Valley - NYIS",
                "parent": "NYIS",
                "parent-name": "New York Independent System Operator",
                "value": "727",
                "value-units": "megawatthours"
            },
            {
                "period": "2022-09-28T07",
                "subba": "ZONH",
                "subba-name": "Millwood - NYIS",
                "parent": "NYIS",
                "parent-name": "New York Independent System Operator",
                "value": "208",
                "value-units": "megawatthours"
            },
            {
                "period": "2022-09-28T07",
                "subba": "ZONI",
                "subba-name": "Dunwoodie - NYIS",
                "parent": "NYIS",
                "parent-name": "New York Independent System Operator",
                "value": "451",
                "value-units": "megawatthours"
            },
            {
                "period": "2022-09-28T07",
                "subba": "ZONJ",
                "subba-name": "New York City - NYIS",
                "parent": "NYIS",
                "parent-name": "New York Independent System Operator",
                "value": "3931",
                "value-units": "megawatthours"
            },
            {
                "period": "2022-09-28T07",
                "subba": "ZONK",
                "subba-name": "Long Island - NYIS",
                "parent": "NYIS",
                "parent-name": "New York Independent System Operator",
                "value": "1563",
                "value-units": "megawatthours"
            },
            {
                "period": "2022-09-28T06",
                "subba": "ZONA",
                "subba-name": "West - NYIS",
                "parent": "NYIS",
                "parent-name": "New York Independent System Operator",
                "value": "1438",
                "value-units": "megawatthours"
            },
            {
                "period": "2022-09-28T06",
                "subba": "ZONB",
                "subba-name": "Genesee - NYIS",
                "parent": "NYIS",
                "parent-name": "New York Independent System Operator",
                "value": "845",
                "value-units": "megawatthours"
            },
            {
                "period": "2022-09-28T06",
                "subba": "ZONC",
                "subba-name": "Central - NYIS",
                "parent": "NYIS",
                "parent-name": "New York Independent System Operator",
                "value": "1394",
                "value-units": "megawatthours"
            },
            {
                "period": "2022-09-28T06",
                "subba": "ZOND",
                "subba-name": "North - NYIS",
                "parent": "NYIS",
                "parent-name": "New York Independent System Operator",
                "value": "515",
                "value-units": "megawatthours"
            },
            {
                "period": "2022-09-28T06",
                "subba": "ZONE",
                "subba-name": "Mohawk Valley - NYIS",
                "parent": "NYIS",
                "parent-name": "New York Independent System Operator",
                "value": "590",
                "value-units": "megawatthours"
            },
            {
                "period": "2022-09-28T06",
                "subba": "ZONF",
                "subba-name": "Capital - NYIS",
                "parent": "NYIS",
                "parent-name": "New York Independent System Operator",
                "value": "1051",
                "value-units": "megawatthours"
            },
            {
                "period": "2022-09-28T06",
                "subba": "ZONG",
                "subba-name": "Hudson Valley - NYIS",
                "parent": "NYIS",
                "parent-name": "New York Independent System Operator",
                "value": "746",
                "value-units": "megawatthours"
            },
            {
                "period": "2022-09-28T06",
                "subba": "ZONH",
                "subba-name": "Millwood - NYIS",
                "parent": "NYIS",
                "parent-name": "New York Independent System Operator",
                "value": "211",
                "value-units": "megawatthours"
            },
            {
                "period": "2022-09-28T06",
                "subba": "ZONI",
                "subba-name": "Dunwoodie - NYIS",
                "parent": "NYIS",
                "parent-name": "New York Independent System Operator",
                "value": "458",
                "value-units": "megawatthours"
            },
            {
                "period": "2022-09-28T06",
                "subba": "ZONJ",
                "subba-name": "New York City - NYIS",
                "parent": "NYIS",
                "parent-name": "New York Independent System Operator",
                "value": "4075",
                "value-units": "megawatthours"
            },
            {
                "period": "2022-09-28T06",
                "subba": "ZONK",
                "subba-name": "Long Island - NYIS",
                "parent": "NYIS",
                "parent-name": "New York Independent System Operator",
                "value": "1609",
                "value-units": "megawatthours"
            },
            {
                "period": "2022-09-28T05",
                "subba": "ZONA",
                "subba-name": "West - NYIS",
                "parent": "NYIS",
                "parent-name": "New York Independent System Operator",
                "value": "1464",
                "value-units": "megawatthours"
            },
            {
                "period": "2022-09-28T05",
                "subba": "ZONB",
                "subba-name": "Genesee - NYIS",
                "parent": "NYIS",
                "parent-name": "New York Independent System Operator",
                "value": "871",
                "value-units": "megawatthours"
            },
            {
                "period": "2022-09-28T05",
                "subba": "ZONC",
                "subba-name": "Central - NYIS",
                "parent": "NYIS",
                "parent-name": "New York Independent System Operator",
                "value": "1433",
                "value-units": "megawatthours"
            },
            {
                "period": "2022-09-28T05",
                "subba": "ZOND",
                "subba-name": "North - NYIS",
                "parent": "NYIS",
                "parent-name": "New York Independent System Operator",
                "value": "521",
                "value-units": "megawatthours"
            },
            {
                "period": "2022-09-28T05",
                "subba": "ZONE",
                "subba-name": "Mohawk Valley - NYIS",
                "parent": "NYIS",
                "parent-name": "New York Independent System Operator",
                "value": "607",
                "value-units": "megawatthours"
            },
            {
                "period": "2022-09-28T05",
                "subba": "ZONF",
                "subba-name": "Capital - NYIS",
                "parent": "NYIS",
                "parent-name": "New York Independent System Operator",
                "value": "1076",
                "value-units": "megawatthours"
            },
            {
                "period": "2022-09-28T05",
                "subba": "ZONG",
                "subba-name": "Hudson Valley - NYIS",
                "parent": "NYIS",
                "parent-name": "New York Independent System Operator",
                "value": "784",
                "value-units": "megawatthours"
            },
            {
                "period": "2022-09-28T05",
                "subba": "ZONH",
                "subba-name": "Millwood - NYIS",
                "parent": "NYIS",
                "parent-name": "New York Independent System Operator",
                "value": "213",
                "value-units": "megawatthours"
            },
            {
                "period": "2022-09-28T05",
                "subba": "ZONI",
                "subba-name": "Dunwoodie - NYIS",
                "parent": "NYIS",
                "parent-name": "New York Independent System Operator",
                "value": "474",
                "value-units": "megawatthours"
            },
            {
                "period": "2022-09-28T05",
                "subba": "ZONJ",
                "subba-name": "New York City - NYIS",
                "parent": "NYIS",
                "parent-name": "New York Independent System Operator",
                "value": "4280",
                "value-units": "megawatthours"
            },
            {
                "period": "2022-09-28T05",
                "subba": "ZONK",
                "subba-name": "Long Island - NYIS",
                "parent": "NYIS",
                "parent-name": "New York Independent System Operator",
                "value": "1686",
                "value-units": "megawatthours"
            },
            {
                "period": "2022-09-28T04",
                "subba": "ZONA",
                "subba-name": "West - NYIS",
                "parent": "NYIS",
                "parent-name": "New York Independent System Operator",
                "value": "1518",
                "value-units": "megawatthours"
            },
            {
                "period": "2022-09-28T04",
                "subba": "ZONB",
                "subba-name": "Genesee - NYIS",
                "parent": "NYIS",
                "parent-name": "New York Independent System Operator",
                "value": "911",
                "value-units": "megawatthours"
            },
            {
                "period": "2022-09-28T04",
                "subba": "ZONC",
                "subba-name": "Central - NYIS",
                "parent": "NYIS",
                "parent-name": "New York Independent System Operator",
                "value": "1476",
                "value-units": "megawatthours"
            },
            {
                "period": "2022-09-28T04",
                "subba": "ZOND",
                "subba-name": "North - NYIS",
                "parent": "NYIS",
                "parent-name": "New York Independent System Operator",
                "value": "526",
                "value-units": "megawatthours"
            },
            {
                "period": "2022-09-28T04",
                "subba": "ZONE",
                "subba-name": "Mohawk Valley - NYIS",
                "parent": "NYIS",
                "parent-name": "New York Independent System Operator",
                "value": "633",
                "value-units": "megawatthours"
            },
            {
                "period": "2022-09-28T04",
                "subba": "ZONF",
                "subba-name": "Capital - NYIS",
                "parent": "NYIS",
                "parent-name": "New York Independent System Operator",
                "value": "1123",
                "value-units": "megawatthours"
            },
            {
                "period": "2022-09-28T04",
                "subba": "ZONG",
                "subba-name": "Hudson Valley - NYIS",
                "parent": "NYIS",
                "parent-name": "New York Independent System Operator",
                "value": "830",
                "value-units": "megawatthours"
            },
            {
                "period": "2022-09-28T04",
                "subba": "ZONH",
                "subba-name": "Millwood - NYIS",
                "parent": "NYIS",
                "parent-name": "New York Independent System Operator",
                "value": "230",
                "value-units": "megawatthours"
            },
            {
                "period": "2022-09-28T04",
                "subba": "ZONI",
                "subba-name": "Dunwoodie - NYIS",
                "parent": "NYIS",
                "parent-name": "New York Independent System Operator",
                "value": "503",
                "value-units": "megawatthours"
            },
            {
                "period": "2022-09-28T04",
                "subba": "ZONJ",
                "subba-name": "New York City - NYIS",
                "parent": "NYIS",
                "parent-name": "New York Independent System Operator",
                "value": "4569",
                "value-units": "megawatthours"
            },
            {
                "period": "2022-09-28T04",
                "subba": "ZONK",
                "subba-name": "Long Island - NYIS",
                "parent": "NYIS",
                "parent-name": "New York Independent System Operator",
                "value": "1813",
                "value-units": "megawatthours"
            },
            {
                "period": "2022-09-28T03",
                "subba": "ZONA",
                "subba-name": "West - NYIS",
                "parent": "NYIS",
                "parent-name": "New York Independent System Operator",
                "value": "1595",
                "value-units": "megawatthours"
            },
            {
                "period": "2022-09-28T03",
                "subba": "ZONB",
                "subba-name": "Genesee - NYIS",
                "parent": "NYIS",
                "parent-name": "New York Independent System Operator",
                "value": "967",
                "value-units": "megawatthours"
            },
            {
                "period": "2022-09-28T03",
                "subba": "ZONC",
                "subba-name": "Central - NYIS",
                "parent": "NYIS",
                "parent-name": "New York Independent System Operator",
                "value": "1551",
                "value-units": "megawatthours"
            },
            {
                "period": "2022-09-28T03",
                "subba": "ZOND",
                "subba-name": "North - NYIS",
                "parent": "NYIS",
                "parent-name": "New York Independent System Operator",
                "value": "541",
                "value-units": "megawatthours"
            },
            {
                "period": "2022-09-28T03",
                "subba": "ZONE",
                "subba-name": "Mohawk Valley - NYIS",
                "parent": "NYIS",
                "parent-name": "New York Independent System Operator",
                "value": "687",
                "value-units": "megawatthours"
            },
            {
                "period": "2022-09-28T03",
                "subba": "ZONF",
                "subba-name": "Capital - NYIS",
                "parent": "NYIS",
                "parent-name": "New York Independent System Operator",
                "value": "1212",
                "value-units": "megawatthours"
            },
            {
                "period": "2022-09-28T03",
                "subba": "ZONG",
                "subba-name": "Hudson Valley - NYIS",
                "parent": "NYIS",
                "parent-name": "New York Independent System Operator",
                "value": "903",
                "value-units": "megawatthours"
            },
            {
                "period": "2022-09-28T03",
                "subba": "ZONH",
                "subba-name": "Millwood - NYIS",
                "parent": "NYIS",
                "parent-name": "New York Independent System Operator",
                "value": "262",
                "value-units": "megawatthours"
            },
            {
                "period": "2022-09-28T03",
                "subba": "ZONI",
                "subba-name": "Dunwoodie - NYIS",
                "parent": "NYIS",
                "parent-name": "New York Independent System Operator",
                "value": "546",
                "value-units": "megawatthours"
            },
            {
                "period": "2022-09-28T03",
                "subba": "ZONJ",
                "subba-name": "New York City - NYIS",
                "parent": "NYIS",
                "parent-name": "New York Independent System Operator",
                "value": "4892",
                "value-units": "megawatthours"
            },
            {
                "period": "2022-09-28T03",
                "subba": "ZONK",
                "subba-name": "Long Island - NYIS",
                "parent": "NYIS",
                "parent-name": "New York Independent System Operator",
                "value": "1986",
                "value-units": "megawatthours"
            },
            {
                "period": "2022-09-28T02",
                "subba": "ZONA",
                "subba-name": "West - NYIS",
                "parent": "NYIS",
                "parent-name": "New York Independent System Operator",
                "value": "1682",
                "value-units": "megawatthours"
            },
            {
                "period": "2022-09-28T02",
                "subba": "ZONB",
                "subba-name": "Genesee - NYIS",
                "parent": "NYIS",
                "parent-name": "New York Independent System Operator",
                "value": "1038",
                "value-units": "megawatthours"
            },
            {
                "period": "2022-09-28T02",
                "subba": "ZONC",
                "subba-name": "Central - NYIS",
                "parent": "NYIS",
                "parent-name": "New York Independent System Operator",
                "value": "1660",
                "value-units": "megawatthours"
            },
            {
                "period": "2022-09-28T02",
                "subba": "ZOND",
                "subba-name": "North - NYIS",
                "parent": "NYIS",
                "parent-name": "New York Independent System Operator",
                "value": "554",
                "value-units": "megawatthours"
            },
            {
                "period": "2022-09-28T02",
                "subba": "ZONE",
                "subba-name": "Mohawk Valley - NYIS",
                "parent": "NYIS",
                "parent-name": "New York Independent System Operator",
                "value": "753",
                "value-units": "megawatthours"
            },
            {
                "period": "2022-09-28T02",
                "subba": "ZONF",
                "subba-name": "Capital - NYIS",
                "parent": "NYIS",
                "parent-name": "New York Independent System Operator",
                "value": "1299",
                "value-units": "megawatthours"
            },
            {
                "period": "2022-09-28T02",
                "subba": "ZONG",
                "subba-name": "Hudson Valley - NYIS",
                "parent": "NYIS",
                "parent-name": "New York Independent System Operator",
                "value": "974",
                "value-units": "megawatthours"
            },
            {
                "period": "2022-09-28T02",
                "subba": "ZONH",
                "subba-name": "Millwood - NYIS",
                "parent": "NYIS",
                "parent-name": "New York Independent System Operator",
                "value": "291",
                "value-units": "megawatthours"
            },
            {
                "period": "2022-09-28T02",
                "subba": "ZONI",
                "subba-name": "Dunwoodie - NYIS",
                "parent": "NYIS",
                "parent-name": "New York Independent System Operator",
                "value": "592",
                "value-units": "megawatthours"
            },
            {
                "period": "2022-09-28T02",
                "subba": "ZONJ",
                "subba-name": "New York City - NYIS",
                "parent": "NYIS",
                "parent-name": "New York Independent System Operator",
                "value": "5190",
                "value-units": "megawatthours"
            },
            {
                "period": "2022-09-28T02",
                "subba": "ZONK",
                "subba-name": "Long Island - NYIS",
                "parent": "NYIS",
                "parent-name": "New York Independent System Operator",
                "value": "2176",
                "value-units": "megawatthours"
            },
            {
                "period": "2022-09-28T01",
                "subba": "ZONA",
                "subba-name": "West - NYIS",
                "parent": "NYIS",
                "parent-name": "New York Independent System Operator",
                "value": "1734",
                "value-units": "megawatthours"
            },
            {
                "period": "2022-09-28T01",
                "subba": "ZONB",
                "subba-name": "Genesee - NYIS",
                "parent": "NYIS",
                "parent-name": "New York Independent System Operator",
                "value": "1102",
                "value-units": "megawatthours"
            },
            {
                "period": "2022-09-28T01",
                "subba": "ZONC",
                "subba-name": "Central - NYIS",
                "parent": "NYIS",
                "parent-name": "New York Independent System Operator",
                "value": "1768",
                "value-units": "megawatthours"
            },
            {
                "period": "2022-09-28T01",
                "subba": "ZOND",
                "subba-name": "North - NYIS",
                "parent": "NYIS",
                "parent-name": "New York Independent System Operator",
                "value": "552",
                "value-units": "megawatthours"
            },
            {
                "period": "2022-09-28T01",
                "subba": "ZONE",
                "subba-name": "Mohawk Valley - NYIS",
                "parent": "NYIS",
                "parent-name": "New York Independent System Operator",
                "value": "815",
                "value-units": "megawatthours"
            },
            {
                "period": "2022-09-28T01",
                "subba": "ZONF",
                "subba-name": "Capital - NYIS",
                "parent": "NYIS",
                "parent-name": "New York Independent System Operator",
                "value": "1374",
                "value-units": "megawatthours"
            },
            {
                "period": "2022-09-28T01",
                "subba": "ZONG",
                "subba-name": "Hudson Valley - NYIS",
                "parent": "NYIS",
                "parent-name": "New York Independent System Operator",
                "value": "1036",
                "value-units": "megawatthours"
            },
            {
                "period": "2022-09-28T01",
                "subba": "ZONH",
                "subba-name": "Millwood - NYIS",
                "parent": "NYIS",
                "parent-name": "New York Independent System Operator",
                "value": "310",
                "value-units": "megawatthours"
            },
            {
                "period": "2022-09-28T01",
                "subba": "ZONI",
                "subba-name": "Dunwoodie - NYIS",
                "parent": "NYIS",
                "parent-name": "New York Independent System Operator",
                "value": "625",
                "value-units": "megawatthours"
            },
            {
                "period": "2022-09-28T01",
                "subba": "ZONJ",
                "subba-name": "New York City - NYIS",
                "parent": "NYIS",
                "parent-name": "New York Independent System Operator",
                "value": "5418",
                "value-units": "megawatthours"
            },
            {
                "period": "2022-09-28T01",
                "subba": "ZONK",
                "subba-name": "Long Island - NYIS",
                "parent": "NYIS",
                "parent-name": "New York Independent System Operator",
                "value": "2331",
                "value-units": "megawatthours"
            },
            {
                "period": "2022-09-28T00",
                "subba": "ZONA",
                "subba-name": "West - NYIS",
                "parent": "NYIS",
                "parent-name": "New York Independent System Operator",
                "value": "1767",
                "value-units": "megawatthours"
            },
            {
                "period": "2022-09-28T00",
                "subba": "ZONB",
                "subba-name": "Genesee - NYIS",
                "parent": "NYIS",
                "parent-name": "New York Independent System Operator",
                "value": "1134",
                "value-units": "megawatthours"
            },
            {
                "period": "2022-09-28T00",
                "subba": "ZONC",
                "subba-name": "Central - NYIS",
                "parent": "NYIS",
                "parent-name": "New York Independent System Operator",
                "value": "1821",
                "value-units": "megawatthours"
            },
            {
                "period": "2022-09-28T00",
                "subba": "ZOND",
                "subba-name": "North - NYIS",
                "parent": "NYIS",
                "parent-name": "New York Independent System Operator",
                "value": "572",
                "value-units": "megawatthours"
            },
            {
                "period": "2022-09-28T00",
                "subba": "ZONE",
                "subba-name": "Mohawk Valley - NYIS",
                "parent": "NYIS",
                "parent-name": "New York Independent System Operator",
                "value": "852",
                "value-units": "megawatthours"
            },
            {
                "period": "2022-09-28T00",
                "subba": "ZONF",
                "subba-name": "Capital - NYIS",
                "parent": "NYIS",
                "parent-name": "New York Independent System Operator",
                "value": "1427",
                "value-units": "megawatthours"
            },
            {
                "period": "2022-09-28T00",
                "subba": "ZONG",
                "subba-name": "Hudson Valley - NYIS",
                "parent": "NYIS",
                "parent-name": "New York Independent System Operator",
                "value": "1071",
                "value-units": "megawatthours"
            },
            {
                "period": "2022-09-28T00",
                "subba": "ZONH",
                "subba-name": "Millwood - NYIS",
                "parent": "NYIS",
                "parent-name": "New York Independent System Operator",
                "value": "323",
                "value-units": "megawatthours"
            },
            {
                "period": "2022-09-28T00",
                "subba": "ZONI",
                "subba-name": "Dunwoodie - NYIS",
                "parent": "NYIS",
                "parent-name": "New York Independent System Operator",
                "value": "656",
                "value-units": "megawatthours"
            },
            {
                "period": "2022-09-28T00",
                "subba": "ZONJ",
                "subba-name": "New York City - NYIS",
                "parent": "NYIS",
                "parent-name": "New York Independent System Operator",
                "value": "5622",
                "value-units": "megawatthours"
            },
            {
                "period": "2022-09-28T00",
                "subba": "ZONK",
                "subba-name": "Long Island - NYIS",
                "parent": "NYIS",
                "parent-name": "New York Independent System Operator",
                "value": "2453",
                "value-units": "megawatthours"
            }
        ],
        "description": "Hourly demand by balancing authority subregion.  \n    Source: Form EIA-930\n    Product: Hourly Electric Grid Monitor"
    },
    "request": {
        "command": "/v2/electricity/rto/region-sub-ba-data/data/",
        "params": {
            "frequency": "hourly",
            "data": [
                "value"
            ],
            "sort": [
                {
                    "column": "period",
                    "direction": "desc"
                }
            ],
            "facets": {
                "parent": [
                    "NYIS"
                ]
            },
            "offset": "0",
            "length": "5000",
            "start": "2022-09-28",
            "end": "2022-09-29",
            "api_key": "dqRq8VpXSoyUrCbrPhuYFxGl6Rul9kmVcRshZ98c"
        }
    },
    "apiVersion": "2.1.8",
    "ExcelAddInVersion": "2.1.0"
}