{
    "response": {
        "total": "275",
        "dateFormat": "YYYY-MM-DD\"T\"HH24",
        "frequency": "hourly",
        "data": [
            {
                "period": "2022-08-23T00",
                "subba": "ZONA",
                "subba-name": "West - NYIS",
                "parent": "NYIS",
                "parent-name": "New York Independent System Operator",
                "value": "2065",
                "value-units": "megawatthours"
            },
            {
                "period": "2022-08-23T00",
                "subba": "ZONB",
                "subba-name": "Genesee - NYIS",
                "parent": "NYIS",
                "parent-name": "New York Independent System Operator",
                "value": "1390",
                "value-units": "megawatthours"
            },
            {
                "period": "2022-08-23T00",
                "subba": "ZONC",
                "subba-name": "Central - NYIS",
                "parent": "NYIS",
                "parent-name": "New York Independent System Operator",
                "value": "2113",
                "value-units": "megawatthours"
            },
            {
                "period": "2022-08-23T00",
                "subba": "ZOND",
                "subba-name": "North - NYIS",
                "parent": "NYIS",
                "parent-name": "New York Independent System Operator",
                "value": "699",
                "value-units": "megawatthours"
            },
            {
                "period": "2022-08-23T00",
                "subba": "ZONE",
                "subba-name": "Mohawk Valley - NYIS",
                "parent": "NYIS",
                "parent-name": "New York Independent System Operator",
                "value": "1026",
                "value-units": "megawatthours"
            },
            {
                "period": "2022-08-23T00",
                "subba": "ZONF",
                "subba-name": "Capital - NYIS",
                "parent": "NYIS",
                "parent-name": "New York Independent System Operator",
                "value": "1874",
                "value-units": "megawatthours"
            },
            {
                "period": "2022-08-23T00",
                "subba": "ZONG",
                "subba-name": "Hudson Valley - NYIS",
                "parent": "NYIS",
                "parent-name": "New York Independent System Operator",
                "value": "1437",
                "value-units": "megawatthours"
            },
            {
                "period": "2022-08-23T00",
                "subba": "ZONH",
                "subba-name": "Millwood - NYIS",
                "parent": "NYIS",
                "parent-name": "New York Independent System Operator",
                "value": "450",
                "value-units": "megawatthours"
            },
            {
                "period": "2022-08-23T00",
                "subba": "ZONI",
                "subba-name": "Dunwoodie - NYIS",
                "parent": "NYIS",
                "parent-name": "New York Independent System Operator",
                "value": "879",
                "value-units": "megawatthours"
            },
            {
                "period": "2022-08-23T00",
                "subba": "ZONJ",
                "subba-name": "New York City - NYIS",
                "parent": "NYIS",
                "parent-name": "New York Independent System Operator",
                "value": "7621",
                "value-units": "megawatthours"
            },
            {
                "period": "2022-08-23T00",
                "subba": "ZONK",
                "subba-name": "Long Island - NYIS",
                "parent": "NYIS",
                "parent-name": "New York Independent System Operator",
                "value": "3546",
                "value-units": "megawatthours"
            },
            {
                "period": "2022-08-22T23",
                "subba": "ZONA",
                "subba-name": "West - NYIS",
                "parent": "NYIS",
                "parent-name": "New York Independent System Operator",
                "value": "2116",
                "value-units": "megawatthours"
            },
            {
                "period": "2022-08-22T23",
                "subba": "ZONB",
                "subba-name": "Genesee - NYIS",
                "parent": "NYIS",
                "parent-name": "New York Independent System Operator",
                "value": "1403",
                "value-units": "megawatthours"
            },
            {
                "period": "2022-08-22T23",
                "subba": "ZONC",
                "subba-name": "Central - NYIS",
                "parent": "NYIS",
                "parent-name": "New York Independent System Operator",
                "value": "2133",
                "value-units": "megawatthours"
            },
            {
                "period": "2022-08-22T23",
                "subba": "ZOND",
                "subba-name": "North - NYIS",
                "parent": "NYIS",
                "parent-name": "New York Independent System Operator",
                "value": "708",
                "value-units": "megawatthours"
            },
            {
                "period": "2022-08-22T23",
                "subba": "ZONE",
                "subba-name": "Mohawk Valley - NYIS",
                "parent": "NYIS",
                "parent-name": "New York Independent System Operator",
                "value": "1023",
                "value-units": "megawatthours"
            },
            {
                "period": "2022-08-22T23",
                "subba": "ZONF",
                "subba-name": "Capital - NYIS",
                "parent": "NYIS",
                "parent-name": "New York Independent System Operator",
                "value": "1894",
                "value-units": "megawatthours"
            },
            {
                "period": "2022-08-22T23",
                "subba": "ZONG",
                "subba-name": "Hudson Valley - NYIS",
                "parent": "NYIS",
                "parent-name": "New York Independent System Operator",
                "value": "1452",
                "value-units": "megawatthours"
            },
            {
                "period": "2022-08-22T23",
                "subba": "ZONH",
                "subba-name": "Millwood - NYIS",
                "parent": "NYIS",
                "parent-name": "New York Independent System Operator",
                "value": "454",
                "value-units": "megawatthours"
            },
            {
                "period": "2022-08-22T23",
                "subba": "ZONI",
                "subba-name": "Dunwoodie - NYIS",
                "parent": "NYIS",
                "parent-name": "New York Independent System Operator",
                "value": "896",
                "value-units": "megawatthours"
            },
            {
                "period": "2022-08-22T23",
                "subba": "ZONJ",
                "subba-name": "New York City - NYIS",
                "parent": "NYIS",
                "parent-name": "New York Independent System Operator",
                "value": "7800",
                "value-units": "megawatthours"
            },
            {
                "period": "2022-08-22T23",
                "subba": "ZONK",
                "subba-name": "Long Island - NYIS",
                "parent": "NYIS",
                "parent-name": "New York Independent System Operator",
                "value": "3701",
                "value-units": "megawatthours"
            },
            {
                "period": "2022-08-22T22",
                "subba": "ZONA",
                "subba-name": "West - NYIS",
                "parent": "NYIS",
                "parent-name": "New York Independent System Operator",
                "value": "2135",
                "value-units": "megawatthours"
            },
            {
                "period": "2022-08-22T22",
                "subba": "ZONB",
                "subba-name": "Genesee - NYIS",
                "parent": "NYIS",
                "parent-name": "New York Independent System Operator",
                "value": "1405",
                "value-units": "megawatthours"
            },
            {
                "period": "2022-08-22T22",
                "subba": "ZONC",
                "subba-name": "Central - NYIS",
                "parent": "NYIS",
                "parent-name": "New York Independent System Operator",
                "value": "2138",
                "value-units": "megawatthours"
            },
            {
                "period": "2022-08-22T22",
                "subba": "ZOND",
                "subba-name": "North - NYIS",
                "parent": "NYIS",
                "parent-name": "New York Independent System Operator",
                "value": "698",
                "value-units": "megawatthours"
            },
            {
                "period": "2022-08-22T22",
                "subba": "ZONE",
                "subba-name": "Mohawk Valley - NYIS",
                "parent": "NYIS",
                "parent-name": "New York Independent System Operator",
                "value": "1017",
                "value-units": "megawatthours"
            },
            {
                "period": "2022-08-22T22",
                "subba": "ZONF",
                "subba-name": "Capital - NYIS",
                "parent": "NYIS",
                "parent-name": "New York Independent System Operator",
                "value": "1849",
                "value-units": "megawatthours"
            },
            {
                "period": "2022-08-22T22",
                "subba": "ZONG",
                "subba-name": "Hudson Valley - NYIS",
                "parent": "NYIS",
                "parent-name": "New York Independent System Operator",
                "value": "1421",
                "value-units": "megawatthours"
            },
            {
                "period": "2022-08-22T22",
                "subba": "ZONH",
                "subba-name": "Millwood - NYIS",
                "parent": "NYIS",
                "parent-name": "New York Independent System Operator",
                "value": "447",
                "value-units": "megawatthours"
            },
            {
                "period": "2022-08-22T22",
                "subba": "ZONI",
                "subba-name": "Dunwoodie - NYIS",
                "parent": "NYIS",
                "parent-name": "New York Independent System Operator",
                "value": "890",
                "value-units": "megawatthours"
            },
            {
                "period": "2022-08-22T22",
                "subba": "ZONJ",
                "subba-name": "New York City - NYIS",
                "parent": "NYIS",
                "parent-name": "New York Independent System Operator",
                "value": "8051",
                "value-units": "megawatthours"
            },
            {
                "period": "2022-08-22T22",
                "subba": "ZONK",
                "subba-name": "Long Island - NYIS",
                "parent": "NYIS",
                "parent-name": "New York Independent System Operator",
                "value": "3760",
                "value-units": "megawatthours"
            },
            {
                "period": "2022-08-22T21",
                "subba": "ZONA",
                "subba-name": "West - NYIS",
                "parent": "NYIS",
                "parent-name": "New York Independent System Operator",
                "value": "2098",
                "value-units": "megawatthours"
            },
            {
                "period": "2022-08-22T21",
                "subba": "ZONB",
                "subba-name": "Genesee - NYIS",
                "parent": "NYIS",
                "parent-name": "New York Independent System Operator",
                "value": "1386",
                "value-units": "megawatthours"
            },
            {
                "period": "2022-08-22T21",
                "subba": "ZONC",
                "subba-name": "Central - NYIS",
                "parent": "NYIS",
                "parent-name": "New York Independent System Operator",
                "value": "2117",
                "value-units": "megawatthours"
            },
            {
                "period": "2022-08-22T21",
                "subba": "ZOND",
                "subba-name": "North - NYIS",
                "parent": "NYIS",
                "parent-name": "New York Independent System Operator",
                "value": "698",
                "value-units": "megawatthours"
            },
            {
                "period": "2022-08-22T21",
                "subba": "ZONE",
                "subba-name": "Mohawk Valley - NYIS",
                "parent": "NYIS",
                "parent-name": "New York Independent System Operator",
                "value": "996",
                "value-units": "megawatthours"
            },
            {
                "period": "2022-08-22T21",
                "subba": "ZONF",
                "subba-name": "Capital - NYIS",
                "parent": "NYIS",
                "parent-name": "New York Independent System Operator",
                "value": "1821",
                "value-units": "megawatthours"
            },
            {
                "period": "2022-08-22T21",
                "subba": "ZONG",
                "subba-name": "Hudson Valley - NYIS",
                "parent": "NYIS",
                "parent-name": "New York Independent System Operator",
                "value": "1344",
                "value-units": "megawatthours"
            },
            {
                "period": "2022-08-22T21",
                "subba": "ZONH",
                "subba-name": "Millwood - NYIS",
                "parent": "NYIS",
                "parent-name": "New York Independent System Operator",
                "value": "439",
                "value-units": "megawatthours"
            },
            {
                "period": "2022-08-22T21",
                "subba": "ZONI",
                "subba-name": "Dunwoodie - NYIS",
                "parent": "NYIS",
                "parent-name": "New York Independent System Operator",
                "value": "891",
                "value-units": "megawatthours"
            },
            {
                "period": "2022-08-22T21",
                "subba": "ZONJ",
                "subba-name": "New York City - NYIS",
                "parent": "NYIS",
                "parent-name": "New York Independent System Operator",
                "value": "8150",
                "value-units": "megawatthours"
            },
            {
                "period": "2022-08-22T21",
                "subba": "ZONK",
                "subba-name": "Long Island - NYIS",
                "parent": "NYIS",
                "parent-name": "New York Independent System Operator",
                "value": "3651",
                "value-units": "megawatthours"
            },
            {
                "period": "2022-08-22T20",
                "subba": "ZONA",
                "subba-name": "West - NYIS",
                "parent": "NYIS",
                "parent-name": "New York Independent System Operator",
                "value": "2082",
                "value-units": "megawatthours"
            },
            {
                "period": "2022-08-22T20",
                "subba": "ZONB",
                "subba-name": "Genesee - NYIS",
                "parent": "NYIS",
                "parent-name": "New York Independent System Operator",
                "value": "1430",
                "value-units": "megawatthours"
            },
            {
                "period": "2022-08-22T20",
                "subba": "ZONC",
                "subba-name": "Central - NYIS",
                "parent": "NYIS",
                "parent-name": "New York Independent System Operator",
                "value": "2130",
                "value-units": "megawatthours"
            },
            {
                "period": "2022-08-22T20",
                "subba": "ZOND",
                "subba-name": "North - NYIS",
                "parent": "NYIS",
                "parent-name": "New York Independent System Operator",
                "value": "700",
                "value-units": "megawatthours"
            },
            {
                "period": "2022-08-22T20",
                "subba": "ZONE",
                "subba-name": "Mohawk Valley - NYIS",
                "parent": "NYIS",
                "parent-name": "New York Independent System Operator",
                "value": "982",
                "value-units": "megawatthours"
            },
            {
                "period": "2022-08-22T20",
                "subba": "ZONF",
                "subba-name": "Capital - NYIS",
                "parent": "NYIS",
                "parent-name": "New York Independent System Operator",
                "value": "1813",
                "value-units": "megawatthours"
            },
            {
                "period": "2022-08-22T20",
                "subba": "ZONG",
                "subba-name": "Hudson Valley - NYIS",
                "parent": "NYIS",
                "parent-name": "New York Independent System Operator",
                "value": "1347",
                "value-units": "megawatthours"
            },
            {
                "period": "2022-08-22T20",
                "subba": "ZONH",
                "subba-name": "Millwood - NYIS",
                "parent": "NYIS",
                "parent-name": "New York Independent System Operator",
                "value": "429",
                "value-units": "megawatthours"
            },
            {
                "period": "2022-08-22T20",
                "subba": "ZONI",
                "subba-name": "Dunwoodie - NYIS",
                "parent": "NYIS",
                "parent-name": "New York Independent System Operator",
                "value": "885",
                "value-units": "megawatthours"
            },
            {
                "period": "2022-08-22T20",
                "subba": "ZONJ",
                "subba-name": "New York City - NYIS",
                "parent": "NYIS",
                "parent-name": "New York Independent System Operator",
                "value": "8222",
                "value-units": "megawatthours"
            },
            {
                "period": "2022-08-22T20",
                "subba": "ZONK",
                "subba-name": "Long Island - NYIS",
                "parent": "NYIS",
                "parent-name": "New York Independent System Operator",
                "value": "3533",
                "value-units": "megawatthours"
            },
            {
                "period": "2022-08-22T19",
                "subba": "ZONA",
                "subba-name": "West - NYIS",
                "parent": "NYIS",
                "parent-name": "New York Independent System Operator",
                "value": "2063",
                "value-units": "megawatthours"
            },
            {
                "period": "2022-08-22T19",
                "subba": "ZONB",
                "subba-name": "Genesee - NYIS",
                "parent": "NYIS",
                "parent-name": "New York Independent System Operator",
                "value": "1418",
                "value-units": "megawatthours"
            },
            {
                "period": "2022-08-22T19",
                "subba": "ZONC",
                "subba-name": "Central - NYIS",
                "parent": "NYIS",
                "parent-name": "New York Independent System Operator",
                "value": "2096",
                "value-units": "megawatthours"
            },
            {
                "period": "2022-08-22T19",
                "subba": "ZOND",
                "subba-name": "North - NYIS",
                "parent": "NYIS",
                "parent-name": "New York Independent System Operator",
                "value": "706",
                "value-units": "megawatthours"
            },
            {
                "period": "2022-08-22T19",
                "subba": "ZONE",
                "subba-name": "Mohawk Valley - NYIS",
                "parent": "NYIS",
                "parent-name": "New York Independent System Operator",
                "value": "985",
                "value-units": "megawatthours"
            },
            {
                "period": "2022-08-22T19",
                "subba": "ZONF",
                "subba-name": "Capital - NYIS",
                "parent": "NYIS",
                "parent-name": "New York Independent System Operator",
                "value": "1807",
                "value-units": "megawatthours"
            },
            {
                "period": "2022-08-22T19",
                "subba": "ZONG",
                "subba-name": "Hudson Valley - NYIS",
                "parent": "NYIS",
                "parent-name": "New York Independent System Operator",
                "value": "1348",
                "value-units": "megawatthours"
            },
            {
                "period": "2022-08-22T19",
                "subba": "ZONH",
                "subba-name": "Millwood - NYIS",
                "parent": "NYIS",
                "parent-name": "New York Independent System Operator",
                "value": "419",
                "value-units": "megawatthours"
            },
            {
                "period": "2022-08-22T19",
                "subba": "ZONI",
                "subba-name": "Dunwoodie - NYIS",
                "parent": "NYIS",
                "parent-name": "New York Independent System Operator",
                "value": "874",
                "value-units": "megawatthours"
            },
            {
                "period": "2022-08-22T19",
                "subba": "ZONJ",
                "subba-name": "New York City - NYIS",
                "parent": "NYIS",
                "parent-name": "New York Independent System Operator",
                "value": "8125",
                "value-units": "megawatthours"
            },
            {
                "period": "2022-08-22T19",
                "subba": "ZONK",
                "subba-name": "Long Island - NYIS",
                "parent": "NYIS",
                "parent-name": "New York Independent System Operator",
                "value": "3400",
                "value-units": "megawatthours"
            },
            {
                "period": "2022-08-22T18",
                "subba": "ZONA",
                "subba-name": "West - NYIS",
                "parent": "NYIS",
                "parent-name": "New York Independent System Operator",
                "value": "2054",
                "value-units": "megawatthours"
            },
            {
                "period": "2022-08-22T18",
                "subba": "ZONB",
                "subba-name": "Genesee - NYIS",
                "parent": "NYIS",
                "parent-name": "New York Independent System Operator",
                "value": "1404",
                "value-units": "megawatthours"
            },
            {
                "period": "2022-08-22T18",
                "subba": "ZONC",
                "subba-name": "Central - NYIS",
                "parent": "NYIS",
                "parent-name": "New York Independent System Operator",
                "value": "2088",
                "value-units": "megawatthours"
            },
            {
                "period": "2022-08-22T18",
                "subba": "ZOND",
                "subba-name": "North - NYIS",
                "parent": "NYIS",
                "parent-name": "New York Independent System Operator",
                "value": "701",
                "value-units": "megawatthours"
            },
            {
                "period": "2022-08-22T18",
                "subba": "ZONE",
                "subba-name": "Mohawk Valley - NYIS",
                "parent": "NYIS",
                "parent-name": "New York Independent System Operator",
                "value": "1000",
                "value-units": "megawatthours"
            },
            {
                "period": "2022-08-22T18",
                "subba": "ZONF",
                "subba-name": "Capital - NYIS",
                "parent": "NYIS",
                "parent-name": "New York Independent System Operator",
                "value": "1794",
                "value-units": "megawatthours"
            },
            {
                "period": "2022-08-22T18",
                "subba": "ZONG",
                "subba-name": "Hudson Valley - NYIS",
                "parent": "NYIS",
                "parent-name": "New York Independent System Operator",
                "value": "1367",
                "value-units": "megawatthours"
            },
            {
                "period": "2022-08-22T18",
                "subba": "ZONH",
                "subba-name": "Millwood - NYIS",
                "parent": "NYIS",
                "parent-name": "New York Independent System Operator",
                "value": "421",
                "value-units": "megawatthours"
            },
            {
                "period": "2022-08-22T18",
                "subba": "ZONI",
                "subba-name": "Dunwoodie - NYIS",
                "parent": "NYIS",
                "parent-name": "New York Independent System Operator",
                "value": "876",
                "value-units": "megawatthours"
            },
            {
                "period": "2022-08-22T18",
                "subba": "ZONJ",
                "subba-name": "New York City - NYIS",
                "parent": "NYIS",
                "parent-name": "New York Independent System Operator",
                "value": "8004",
                "value-units": "megawatthours"
            },
            {
                "period": "2022-08-22T18",
                "subba": "ZONK",
                "subba-name": "Long Island - NYIS",
                "parent": "NYIS",
                "parent-name": "New York Independent System Operator",
                "value": "3293",
                "value-units": "megawatthours"
            },
            {
                "period": "2022-08-22T17",
                "subba": "ZONA",
                "subba-name": "West - NYIS",
                "parent": "NYIS",
                "parent-name": "New York Independent System Operator",
                "value": "2017",
                "value-units": "megawatthours"
            },
            {
                "period": "2022-08-22T17",
                "subba": "ZONB",
                "subba-name": "Genesee - NYIS",
                "parent": "NYIS",
                "parent-name": "New York Independent System Operator",
                "value": "1356",
                "value-units": "megawatthours"
            },
            {
                "period": "2022-08-22T17",
                "subba": "ZONC",
                "subba-name": "Central - NYIS",
                "parent": "NYIS",
                "parent-name": "New York Independent System Operator",
                "value": "2031",
                "value-units": "megawatthours"
            },
            {
                "period": "2022-08-22T17",
                "subba": "ZOND",
                "subba-name": "North - NYIS",
                "parent": "NYIS",
                "parent-name": "New York Independent System Operator",
                "value": "701",
                "value-units": "megawatthours"
            },
            {
                "period": "2022-08-22T17",
                "subba": "ZONE",
                "subba-name": "Mohawk Valley - NYIS",
                "parent": "NYIS",
                "parent-name": "New York Independent System Operator",
                "value": "1020",
                "value-units": "megawatthours"
            },
            {
                "period": "2022-08-22T17",
                "subba": "ZONF",
                "subba-name": "Capital - NYIS",
                "parent": "NYIS",
                "parent-name": "New York Independent System Operator",
                "value": "1768",
                "value-units": "megawatthours"
            },
            {
                "period": "2022-08-22T17",
                "subba": "ZONG",
                "subba-name": "Hudson Valley - NYIS",
                "parent": "NYIS",
                "parent-name": "New York Independent System Operator",
                "value": "1388",
                "value-units": "megawatthours"
            },
            {
                "period": "2022-08-22T17",
                "subba": "ZONH",
                "subba-name": "Millwood - NYIS",
                "parent": "NYIS",
                "parent-name": "New York Independent System Operator",
                "value": "426",
                "value-units": "megawatthours"
            },
            {
                "period": "2022-08-22T17",
                "subba": "ZONI",
                "subba-name": "Dunwoodie - NYIS",
                "parent": "NYIS",
                "parent-name": "New York Independent System Operator",
                "value": "892",
                "value-units": "megawatthours"
            },
            {
                "period": "2022-08-22T17",
                "subba": "ZONJ",
                "subba-name": "New York City - NYIS",
                "parent": "NYIS",
                "parent-name": "New York Independent System Operator",
                "value": "7849",
                "value-units": "megawatthours"
            },
            {
                "period": "2022-08-22T17",
                "subba": "ZONK",
                "subba-name": "Long Island - NYIS",
                "parent": "NYIS",
                "parent-name": "New York Independent System Operator",
                "value": "3258",
                "value-units": "megawatthours"
            },
            {
                "period": "2022-08-22T16",
                "subba": "ZONA",
                "subba-name": "West - NYIS",
                "parent": "NYIS",
                "parent-name": "New York Independent System Operator",
                "value": "2008",
                "value-units": "megawatthours"
            },
            {
                "period": "2022-08-22T16",
                "subba": "ZONB",
                "subba-name": "Genesee - NYIS",
                "parent": "NYIS",
                "parent-name": "New York Independent System Operator",
                "value": "1309",
                "value-units": "megawatthours"
            },
            {
                "period": "2022-08-22T16",
                "subba": "ZONC",
                "subba-name": "Central - NYIS",
                "parent": "NYIS",
                "parent-name": "New York Independent System Operator",
                "value": "1964",
                "value-units": "megawatthours"
            },
            {
                "period": "2022-08-22T16",
                "subba": "ZOND",
                "subba-name": "North - NYIS",
                "parent": "NYIS",
                "parent-name": "New York Independent System Operator",
                "value": "695",
                "value-units": "megawatthours"
            },
            {
                "period": "2022-08-22T16",
                "subba": "ZONE",
                "subba-name": "Mohawk Valley - NYIS",
                "parent": "NYIS",
                "parent-name": "New York Independent System Operator",
                "value": "1022",
                "value-units": "megawatthours"
            },
            {
                "period": "2022-08-22T16",
                "subba": "ZONF",
                "subba-name": "Capital - NYIS",
                "parent": "NYIS",
                "parent-name": "New York Independent System Operator",
                "value": "1756",
                "value-units": "megawatthours"
            },
            {
                "period": "2022-08-22T16",
                "subba": "ZONG",
                "subba-name": "Hudson Valley - NYIS",
                "parent": "NYIS",
                "parent-name": "New York Independent System Operator",
                "value": "1383",
                "value-units": "megawatthours"
            },
            {
                "period": "2022-08-22T16",
                "subba": "ZONH",
                "subba-name": "Millwood - NYIS",
                "parent": "NYIS",
                "parent-name": "New York Independent System Operator",
                "value": "411",
                "value-units": "megawatthours"
            },
            {
                "period": "2022-08-22T16",
                "subba": "ZONI",
                "subba-name": "Dunwoodie - NYIS",
                "parent": "NYIS",
                "parent-name": "New York Independent System Operator",
                "value": "883",
                "value-units": "megawatthours"
            },
            {
                "period": "2022-08-22T16",
                "subba": "ZONJ",
                "subba-name": "New York City - NYIS",
                "parent": "NYIS",
                "parent-name": "New York Independent System Operator",
                "value": "7866",
                "value-units": "megawatthours"
            },
            {
                "period": "2022-08-22T16",
                "subba": "ZONK",
                "subba-name": "Long Island - NYIS",
                "parent": "NYIS",
                "parent-name": "New York Independent System Operator",
                "value": "3245",
                "value-units": "megawatthours"
            },
            {
                "period": "2022-08-22T15",
                "subba": "ZONA",
                "subba-name": "West - NYIS",
                "parent": "NYIS",
                "parent-name": "New York Independent System Operator",
                "value": "1966",
                "value-units": "megawatthours"
            },
            {
                "period": "2022-08-22T15",
                "subba": "ZONB",
                "subba-name": "Genesee - NYIS",
                "parent": "NYIS",
                "parent-name": "New York Independent System Operator",
                "value": "1288",
                "value-units": "megawatthours"
            },
            {
                "period": "2022-08-22T15",
                "subba": "ZONC",
                "subba-name": "Central - NYIS",
                "parent": "NYIS",
                "parent-name": "New York Independent System Operator",
                "value": "1960",
                "value-units": "megawatthours"
            },
            {
                "period": "2022-08-22T15",
                "subba": "ZOND",
                "subba-name": "North - NYIS",
                "parent": "NYIS",
                "parent-name": "New York Independent System Operator",
                "value": "676",
                "value-units": "megawatthours"
            },
            {
                "period": "2022-08-22T15",
                "subba": "ZONE",
                "subba-name": "Mohawk Valley - NYIS",
                "parent": "NYIS",
                "parent-name": "New York Independent System Operator",
                "value": "1011",
                "value-units": "megawatthours"
            },
            {
                "period": "2022-08-22T15",
                "subba": "ZONF",
                "subba-name": "Capital - NYIS",
                "parent": "NYIS",
                "parent-name": "New York Independent System Operator",
                "value": "1722",
                "value-units": "megawatthours"
            },
            {
                "period": "2022-08-22T15",
                "subba": "ZONG",
                "subba-name": "Hudson Valley - NYIS",
                "parent": "NYIS",
                "parent-name": "New York Independent System Operator",
                "value": "1339",
                "value-units": "megawatthours"
            },
            {
                "period": "2022-08-22T15",
                "subba": "ZONH",
                "subba-name": "Millwood - NYIS",
                "parent": "NYIS",
                "parent-name": "New York Independent System Operator",
                "value": "400",
                "value-units": "megawatthours"
            },
            {
                "period": "2022-08-22T15",
                "subba": "ZONI",
                "subba-name": "Dunwoodie - NYIS",
                "parent": "NYIS",
                "parent-name": "New York Independent System Operator",
                "value": "875",
                "value-units": "megawatthours"
            },
            {
                "period": "2022-08-22T15",
                "subba": "ZONJ",
                "subba-name": "New York City - NYIS",
                "parent": "NYIS",
                "parent-name": "New York Independent System Operator",
                "value": "7815",
                "value-units": "megawatthours"
            },
            {
                "period": "2022-08-22T15",
                "subba": "ZONK",
                "subba-name": "Long Island - NYIS",
                "parent": "NYIS",
                "parent-name": "New York Independent System Operator",
                "value": "3177",
                "value-units": "megawatthours"
            },
            {
                "period": "2022-08-22T14",
                "subba": "ZONA",
                "subba-name": "West - NYIS",
                "parent": "NYIS",
                "parent-name": "New York Independent System Operator",
                "value": "1894",
                "value-units": "megawatthours"
            },
            {
                "period": "2022-08-22T14",
                "subba": "ZONB",
                "subba-name": "Genesee - NYIS",
                "parent": "NYIS",
                "parent-name": "New York Independent System Operator",
                "value": "1257",
                "value-units": "megawatthours"
            },
            {
                "period": "2022-08-22T14",
                "subba": "ZONC",
                "subba-name": "Central - NYIS",
                "parent": "NYIS",
                "parent-name": "New York Independent System Operator",
                "value": "1953",
                "value-units": "megawatthours"
            },
            {
                "period": "2022-08-22T14",
                "subba": "ZOND",
                "subba-name": "North - NYIS",
                "parent": "NYIS",
                "parent-name": "New York Independent System Operator",
                "value": "671",
                "value-units": "megawatthours"
            },
            {
                "period": "2022-08-22T14",
                "subba": "ZONE",
                "subba-name": "Mohawk Valley - NYIS",
                "parent": "NYIS",
                "parent-name": "New York Independent System Operator",
                "value": "977",
                "value-units": "megawatthours"
            },
            {
                "period": "2022-08-22T14",
                "subba": "ZONF",
                "subba-name": "Capital - NYIS",
                "parent": "NYIS",
                "parent-name": "New York Independent System Operator",
                "value": "1669",
                "value-units": "megawatthours"
            },
            {
                "period": "2022-08-22T14",
                "subba": "ZONG",
                "subba-name": "Hudson Valley - NYIS",
                "parent": "NYIS",
                "parent-name": "New York Independent System Operator",
                "value": "1282",
                "value-units": "megawatthours"
            },
            {
                "period": "2022-08-22T14",
                "subba": "ZONH",
                "subba-name": "Millwood - NYIS",
                "parent": "NYIS",
                "parent-name": "New York Independent System Operator",
                "value": "384",
                "value-units": "megawatthours"
            },
            {
                "period": "2022-08-22T14",
                "subba": "ZONI",
                "subba-name": "Dunwoodie - NYIS",
                "parent": "NYIS",
                "parent-name": "New York Independent System Operator",
                "value": "853",
                "value-units": "megawatthours"
            },
            {
                "period": "2022-08-22T14",
                "subba": "ZONJ",
                "subba-name": "New York City - NYIS",
                "parent": "NYIS",
                "parent-name": "New York Independent System Operator",
                "value": "7694",
                "value-units": "megawatthours"
            },
            {
                "period": "2022-08-22T14",
                "subba": "ZONK",
                "subba-name": "Long Island - NYIS",
                "parent": "NYIS",
                "parent-name": "New York Independent System Operator",
                "value": "3063",
                "value-units": "megawatthours"
            },
            {
                "period": "2022-08-22T13",
                "subba": "ZONA",
                "subba-name": "West - NYIS",
                "parent": "NYIS",
                "parent-name": "New York Independent System Operator",
                "value": "1843",
                "value-units": "megawatthours"
            },
            {
                "period": "2022-08-22T13",
                "subba": "ZONB",
                "subba-name": "Genesee - NYIS",
                "parent": "NYIS",
                "parent-name": "New York Independent System Operator",
                "value": "1234",
                "value-units": "megawatthours"
            },
            {
                "period": "2022-08-22T13",
                "subba": "ZONC",
                "subba-name": "Central - NYIS",
                "parent": "NYIS",
                "parent-name": "New York Independent System Operator",
                "value": "1938",
                "value-units": "megawatthours"
            },
            {
                "period": "2022-08-22T13",
                "subba": "ZOND",
                "subba-name": "North - NYIS",
                "parent": "NYIS",
                "parent-name": "New York Independent System Operator",
                "value": "659",
                "value-units": "megawatthours"
            },
            {
                "period": "2022-08-22T13",
                "subba": "ZONE",
                "subba-name": "Mohawk Valley - NYIS",
                "parent": "NYIS",
                "parent-name": "New York Independent System Operator",
                "value": "953",
                "value-units": "megawatthours"
            },
            {
                "period": "2022-08-22T13",
                "subba": "ZONF",
                "subba-name": "Capital - NYIS",
                "parent": "NYIS",
                "parent-name": "New York Independent System Operator",
                "value": "1630",
                "value-units": "megawatthours"
            },
            {
                "period": "2022-08-22T13",
                "subba": "ZONG",
                "subba-name": "Hudson Valley - NYIS",
                "parent": "NYIS",
                "parent-name": "New York Independent System Operator",
                "value": "1215",
                "value-units": "megawatthours"
            },
            {
                "period": "2022-08-22T13",
                "subba": "ZONH",
                "subba-name": "Millwood - NYIS",
                "parent": "NYIS",
                "parent-name": "New York Independent System Operator",
                "value": "362",
                "value-units": "megawatthours"
            },
            {
                "period": "2022-08-22T13",
                "subba": "ZONI",
                "subba-name": "Dunwoodie - NYIS",
                "parent": "NYIS",
                "parent-name": "New York Independent System Operator",
                "value": "824",
                "value-units": "megawatthours"
            },
            {
                "period": "2022-08-22T13",
                "subba": "ZONJ",
                "subba-name": "New York City - NYIS",
                "parent": "NYIS",
                "parent-name": "New York Independent System Operator",
                "value": "7390",
                "value-units": "megawatthours"
            },
            {
                "period": "2022-08-22T13",
                "subba": "ZONK",
                "subba-name": "Long Island - NYIS",
                "parent": "NYIS",
                "parent-name": "New York Independent System Operator",
                "value": "2911",
                "value-units": "megawatthours"
            },
            {
                "period": "2022-08-22T12",
                "subba": "ZONA",
                "subba-name": "West - NYIS",
                "parent": "NYIS",
                "parent-name": "New York Independent System Operator",
                "value": "1752",
                "value-units": "megawatthours"
            },
            {
                "period": "2022-08-22T12",
                "subba": "ZONB",
                "subba-name": "Genesee - NYIS",
                "parent": "NYIS",
                "parent-name": "New York Independent System Operator",
                "value": "1195",
                "value-units": "megawatthours"
            },
            {
                "period": "2022-08-22T12",
                "subba": "ZONC",
                "subba-name": "Central - NYIS",
                "parent": "NYIS",
                "parent-name": "New York Independent System Operator",
                "value": "1852",
                "value-units": "megawatthours"
            },
            {
                "period": "2022-08-22T12",
                "subba": "ZOND",
                "subba-name": "North - NYIS",
                "parent": "NYIS",
                "parent-name": "New York Independent System Operator",
                "value": "651",
                "value-units": "megawatthours"
            },
            {
                "period": "2022-08-22T12",
                "subba": "ZONE",
                "subba-name": "Mohawk Valley - NYIS",
                "parent": "NYIS",
                "parent-name": "New York Independent System Operator",
                "value": "916",
                "value-units": "megawatthours"
            },
            {
                "period": "2022-08-22T12",
                "subba": "ZONF",
                "subba-name": "Capital - NYIS",
                "parent": "NYIS",
                "parent-name": "New York Independent System Operator",
                "value": "1563",
                "value-units": "megawatthours"
            },
            {
                "period": "2022-08-22T12",
                "subba": "ZONG",
                "subba-name": "Hudson Valley - NYIS",
                "parent": "NYIS",
                "parent-name": "New York Independent System Operator",
                "value": "1147",
                "value-units": "megawatthours"
            },
            {
                "period": "2022-08-22T12",
                "subba": "ZONH",
                "subba-name": "Millwood - NYIS",
                "parent": "NYIS",
                "parent-name": "New York Independent System Operator",
                "value": "343",
                "value-units": "megawatthours"
            },
            {
                "period": "2022-08-22T12",
                "subba": "ZONI",
                "subba-name": "Dunwoodie - NYIS",
                "parent": "NYIS",
                "parent-name": "New York Independent System Operator",
                "value": "782",
                "value-units": "megawatthours"
            },
            {
                "period": "2022-08-22T12",
                "subba": "ZONJ",
                "subba-name": "New York City - NYIS",
                "parent": "NYIS",
                "parent-name": "New York Independent System Operator",
                "value": "7015",
                "value-units": "megawatthours"
            },
            {
                "period": "2022-08-22T12",
                "subba": "ZONK",
                "subba-name": "Long Island - NYIS",
                "parent": "NYIS",
                "parent-name": "New York Independent System Operator",
                "value": "2730",
                "value-units": "megawatthours"
            },
            {
                "period": "2022-08-22T11",
                "subba": "ZONA",
                "subba-name": "West - NYIS",
                "parent": "NYIS",
                "parent-name": "New York Independent System Operator",
                "value": "1677",
                "value-units": "megawatthours"
            },
            {
                "period": "2022-08-22T11",
                "subba": "ZONB",
                "subba-name": "Genesee - NYIS",
                "parent": "NYIS",
                "parent-name": "New York Independent System Operator",
                "value": "1132",
                "value-units": "megawatthours"
            },
            {
                "period": "2022-08-22T11",
                "subba": "ZONC",
                "subba-name": "Central - NYIS",
                "parent": "NYIS",
                "parent-name": "New York Independent System Operator",
                "value": "1767",
                "value-units": "megawatthours"
            },
            {
                "period": "2022-08-22T11",
                "subba": "ZOND",
                "subba-name": "North - NYIS",
                "parent": "NYIS",
                "parent-name": "New York Independent System Operator",
                "value": "637",
                "value-units": "megawatthours"
            },
            {
                "period": "2022-08-22T11",
                "subba": "ZONE",
                "subba-name": "Mohawk Valley - NYIS",
                "parent": "NYIS",
                "parent-name": "New York Independent System Operator",
                "value": "878",
                "value-units": "megawatthours"
            },
            {
                "period": "2022-08-22T11",
                "subba": "ZONF",
                "subba-name": "Capital - NYIS",
                "parent": "NYIS",
                "parent-name": "New York Independent System Operator",
                "value": "1497",
                "value-units": "megawatthours"
            },
            {
                "period": "2022-08-22T11",
                "subba": "ZONG",
                "subba-name": "Hudson Valley - NYIS",
                "parent": "NYIS",
                "parent-name": "New York Independent System Operator",
                "value": "1082",
                "value-units": "megawatthours"
            },
            {
                "period": "2022-08-22T11",
                "subba": "ZONH",
                "subba-name": "Millwood - NYIS",
                "parent": "NYIS",
                "parent-name": "New York Independent System Operator",
                "value": "321",
                "value-units": "megawatthours"
            },
            {
                "period": "2022-08-22T11",
                "subba": "ZONI",
                "subba-name": "Dunwoodie - NYIS",
                "parent": "NYIS",
                "parent-name": "New York Independent System Operator",
                "value": "732",
                "value-units": "megawatthours"
            },
            {
                "period": "2022-08-22T11",
                "subba": "ZONJ",
                "subba-name": "New York City - NYIS",
                "parent": "NYIS",
                "parent-name": "New York Independent System Operator",
                "value": "6599",
                "value-units": "megawatthours"
            },
            {
                "period": "2022-08-22T11",
                "subba": "ZONK",
                "subba-name": "Long Island - NYIS",
                "parent": "NYIS",
                "parent-name": "New York Independent System Operator",
                "value": "2550",
                "value-units": "megawatthours"
            },
            {
                "period": "2022-08-22T10",
                "subba": "ZONA",
                "subba-name": "West - NYIS",
                "parent": "NYIS",
                "parent-name": "New York Independent System Operator",
                "value": "1584",
                "value-units": "megawatthours"
            },
            {
                "period": "2022-08-22T10",
                "subba": "ZONB",
                "subba-name": "Genesee - NYIS",
                "parent": "NYIS",
                "parent-name": "New York Independent System Operator",
                "value": "1054",
                "value-units": "megawatthours"
            },
            {
                "period": "2022-08-22T10",
                "subba": "ZONC",
                "subba-name": "Central - NYIS",
                "parent": "NYIS",
                "parent-name": "New York Independent System Operator",
                "value": "1642",
                "value-units": "megawatthours"
            },
            {
                "period": "2022-08-22T10",
                "subba": "ZOND",
                "subba-name": "North - NYIS",
                "parent": "NYIS",
                "parent-name": "New York Independent System Operator",
                "value": "623",
                "value-units": "megawatthours"
            },
            {
                "period": "2022-08-22T10",
                "subba": "ZONE",
                "subba-name": "Mohawk Valley - NYIS",
                "parent": "NYIS",
                "parent-name": "New York Independent System Operator",
                "value": "815",
                "value-units": "megawatthours"
            },
            {
                "period": "2022-08-22T10",
                "subba": "ZONF",
                "subba-name": "Capital - NYIS",
                "parent": "NYIS",
                "parent-name": "New York Independent System Operator",
                "value": "1435",
                "value-units": "megawatthours"
            },
            {
                "period": "2022-08-22T10",
                "subba": "ZONG",
                "subba-name": "Hudson Valley - NYIS",
                "parent": "NYIS",
                "parent-name": "New York Independent System Operator",
                "value": "1036",
                "value-units": "megawatthours"
            },
            {
                "period": "2022-08-22T10",
                "subba": "ZONH",
                "subba-name": "Millwood - NYIS",
                "parent": "NYIS",
                "parent-name": "New York Independent System Operator",
                "value": "303",
                "value-units": "megawatthours"
            },
            {
                "period": "2022-08-22T10",
                "subba": "ZONI",
                "subba-name": "Dunwoodie - NYIS",
                "parent": "NYIS",
                "parent-name": "New York Independent System Operator",
                "value": "683",
                "value-units": "megawatthours"
            },
            {
                "period": "2022-08-22T10",
                "subba": "ZONJ",
                "subba-name": "New York City - NYIS",
                "parent": "NYIS",
                "parent-name": "New York Independent System Operator",
                "value": "6195",
                "value-units": "megawatthours"
            },
            {
                "period": "2022-08-22T10",
                "subba": "ZONK",
                "subba-name": "Long Island - NYIS",
                "parent": "NYIS",
                "parent-name": "New York Independent System Operator",
                "value": "2437",
                "value-units": "megawatthours"
            },
            {
                "period": "2022-08-22T09",
                "subba": "ZONA",
                "subba-name": "West - NYIS",
                "parent": "NYIS",
                "parent-name": "New York Independent System Operator",
                "value": "1530",
                "value-units": "megawatthours"
            },
            {
                "period": "2022-08-22T09",
                "subba": "ZONB",
                "subba-name": "Genesee - NYIS",
                "parent": "NYIS",
                "parent-name": "New York Independent System Operator",
                "value": "1000",
                "value-units": "megawatthours"
            },
            {
                "period": "2022-08-22T09",
                "subba": "ZONC",
                "subba-name": "Central - NYIS",
                "parent": "NYIS",
                "parent-name": "New York Independent System Operator",
                "value": "1556",
                "value-units": "megawatthours"
            },
            {
                "period": "2022-08-22T09",
                "subba": "ZOND",
                "subba-name": "North - NYIS",
                "parent": "NYIS",
                "parent-name": "New York Independent System Operator",
                "value": "624",
                "value-units": "megawatthours"
            },
            {
                "period": "2022-08-22T09",
                "subba": "ZONE",
                "subba-name": "Mohawk Valley - NYIS",
                "parent": "NYIS",
                "parent-name": "New York Independent System Operator",
                "value": "776",
                "value-units": "megawatthours"
            },
            {
                "period": "2022-08-22T09",
                "subba": "ZONF",
                "subba-name": "Capital - NYIS",
                "parent": "NYIS",
                "parent-name": "New York Independent System Operator",
                "value": "1400",
                "value-units": "megawatthours"
            },
            {
                "period": "2022-08-22T09",
                "subba": "ZONG",
                "subba-name": "Hudson Valley - NYIS",
                "parent": "NYIS",
                "parent-name": "New York Independent System Operator",
                "value": "1003",
                "value-units": "megawatthours"
            },
            {
                "period": "2022-08-22T09",
                "subba": "ZONH",
                "subba-name": "Millwood - NYIS",
                "parent": "NYIS",
                "parent-name": "New York Independent System Operator",
                "value": "291",
                "value-units": "megawatthours"
            },
            {
                "period": "2022-08-22T09",
                "subba": "ZONI",
                "subba-name": "Dunwoodie - NYIS",
                "parent": "NYIS",
                "parent-name": "New York Independent System Operator",
                "value": "653",
                "value-units": "megawatthours"
            },
            {
                "period": "2022-08-22T09",
                "subba": "ZONJ",
                "subba-name": "New York City - NYIS",
                "parent": "NYIS",
                "parent-name": "New York Independent System Operator",
                "value": "5972",
                "value-units": "megawatthours"
            },
            {
                "period": "2022-08-22T09",
                "subba": "ZONK",
                "subba-name": "Long Island - NYIS",
                "parent": "NYIS",
                "parent-name": "New York Independent System Operator",
                "value": "2360",
                "value-units": "megawatthours"
            },
            {
                "period": "2022-08-22T08",
                "subba": "ZONA",
                "subba-name": "West - NYIS",
                "parent": "NYIS",
                "parent-name": "New York Independent System Operator",
                "value": "1514",
                "value-units": "megawatthours"
            },
            {
                "period": "2022-08-22T08",
                "subba": "ZONB",
                "subba-name": "Genesee - NYIS",
                "parent": "NYIS",
                "parent-name": "New York Independent System Operator",
                "value": "993",
                "value-units": "megawatthours"
            },
            {
                "period": "2022-08-22T08",
                "subba": "ZONC",
                "subba-name": "Central - NYIS",
                "parent": "NYIS",
                "parent-name": "New York Independent System Operator",
                "value": "1527",
                "value-units": "megawatthours"
            },
            {
                "period": "2022-08-22T08",
                "subba": "ZOND",
                "subba-name": "North - NYIS",
                "parent": "NYIS",
                "parent-name": "New York Independent System Operator",
                "value": "613",
                "value-units": "megawatthours"
            },
            {
                "period": "2022-08-22T08",
                "subba": "ZONE",
                "subba-name": "Mohawk Valley - NYIS",
                "parent": "NYIS",
                "parent-name": "New York Independent System Operator",
                "value": "778",
                "value-units": "megawatthours"
            },
            {
                "period": "2022-08-22T08",
                "subba": "ZONF",
                "subba-name": "Capital - NYIS",
                "parent": "NYIS",
                "parent-name": "New York Independent System Operator",
                "value": "1399",
                "value-units": "megawatthours"
            },
            {
                "period": "2022-08-22T08",
                "subba": "ZONG",
                "subba-name": "Hudson Valley - NYIS",
                "parent": "NYIS",
                "parent-name": "New York Independent System Operator",
                "value": "1010",
                "value-units": "megawatthours"
            },
            {
                "period": "2022-08-22T08",
                "subba": "ZONH",
                "subba-name": "Millwood - NYIS",
                "parent": "NYIS",
                "parent-name": "New York Independent System Operator",
                "value": "298",
                "value-units": "megawatthours"
            },
            {
                "period": "2022-08-22T08",
                "subba": "ZONI",
                "subba-name": "Dunwoodie - NYIS",
                "parent": "NYIS",
                "parent-name": "New York Independent System Operator",
                "value": "653",
                "value-units": "megawatthours"
            },
            {
                "period": "2022-08-22T08",
                "subba": "ZONJ",
                "subba-name": "New York City - NYIS",
                "parent": "NYIS",
                "parent-name": "New York Independent System Operator",
                "value": "5935",
                "value-units": "megawatthours"
            },
            {
                "period": "2022-08-22T08",
                "subba": "ZONK",
                "subba-name": "Long Island - NYIS",
                "parent": "NYIS",
                "parent-name": "New York Independent System Operator",
                "value": "2355",
                "value-units": "megawatthours"
            },
            {
                "period": "2022-08-22T07",
                "subba": "ZONA",
                "subba-name": "West - NYIS",
                "parent": "NYIS",
                "parent-name": "New York Independent System Operator",
                "value": "1538",
                "value-units": "megawatthours"
            },
            {
                "period": "2022-08-22T07",
                "subba": "ZONB",
                "subba-name": "Genesee - NYIS",
                "parent": "NYIS",
                "parent-name": "New York Independent System Operator",
                "value": "1006",
                "value-units": "megawatthours"
            },
            {
                "period": "2022-08-22T07",
                "subba": "ZONC",
                "subba-name": "Central - NYIS",
                "parent": "NYIS",
                "parent-name": "New York Independent System Operator",
                "value": "1530",
                "value-units": "megawatthours"
            },
            {
                "period": "2022-08-22T07",
                "subba": "ZOND",
                "subba-name": "North - NYIS",
                "parent": "NYIS",
                "parent-name": "New York Independent System Operator",
                "value": "614",
                "value-units": "megawatthours"
            },
            {
                "period": "2022-08-22T07",
                "subba": "ZONE",
                "subba-name": "Mohawk Valley - NYIS",
                "parent": "NYIS",
                "parent-name": "New York Independent System Operator",
                "value": "782",
                "value-units": "megawatthours"
            },
            {
                "period": "2022-08-22T07",
                "subba": "ZONF",
                "subba-name": "Capital - NYIS",
                "parent": "NYIS",
                "parent-name": "New York Independent System Operator",
                "value": "1420",
                "value-units": "megawatthours"
            },
            {
                "period": "2022-08-22T07",
                "subba": "ZONG",
                "subba-name": "Hudson Valley - NYIS",
                "parent": "NYIS",
                "parent-name": "New York Independent System Operator",
                "value": "1036",
                "value-units": "megawatthours"
            },
            {
                "period": "2022-08-22T07",
                "subba": "ZONH",
                "subba-name": "Millwood - NYIS",
                "parent": "NYIS",
                "parent-name": "New York Independent System Operator",
                "value": "304",
                "value-units": "megawatthours"
            },
            {
                "period": "2022-08-22T07",
                "subba": "ZONI",
                "subba-name": "Dunwoodie - NYIS",
                "parent": "NYIS",
                "parent-name": "New York Independent System Operator",
                "value": "668",
                "value-units": "megawatthours"
            },
            {
                "period": "2022-08-22T07",
                "subba": "ZONJ",
                "subba-name": "New York City - NYIS",
                "parent": "NYIS",
                "parent-name": "New York Independent System Operator",
                "value": "6019",
                "value-units": "megawatthours"
            },
            {
                "period": "2022-08-22T07",
                "subba": "ZONK",
                "subba-name": "Long Island - NYIS",
                "parent": "NYIS",
                "parent-name": "New York Independent System Operator",
                "value": "2402",
                "value-units": "megawatthours"
            },
            {
                "period": "2022-08-22T06",
                "subba": "ZONA",
                "subba-name": "West - NYIS",
                "parent": "NYIS",
                "parent-name": "New York Independent System Operator",
                "value": "1583",
                "value-units": "megawatthours"
            },
            {
                "period": "2022-08-22T06",
                "subba": "ZONB",
                "subba-name": "Genesee - NYIS",
                "parent": "NYIS",
                "parent-name": "New York Independent System Operator",
                "value": "1034",
                "value-units": "megawatthours"
            },
            {
                "period": "2022-08-22T06",
                "subba": "ZONC",
                "subba-name": "Central - NYIS",
                "parent": "NYIS",
                "parent-name": "New York Independent System Operator",
                "value": "1539",
                "value-units": "megawatthours"
            },
            {
                "period": "2022-08-22T06",
                "subba": "ZOND",
                "subba-name": "North - NYIS",
                "parent": "NYIS",
                "parent-name": "New York Independent System Operator",
                "value": "621",
                "value-units": "megawatthours"
            },
            {
                "period": "2022-08-22T06",
                "subba": "ZONE",
                "subba-name": "Mohawk Valley - NYIS",
                "parent": "NYIS",
                "parent-name": "New York Independent System Operator",
                "value": "799",
                "value-units": "megawatthours"
            },
            {
                "period": "2022-08-22T06",
                "subba": "ZONF",
                "subba-name": "Capital - NYIS",
                "parent": "NYIS",
                "parent-name": "New York Independent System Operator",
                "value": "1451",
                "value-units": "megawatthours"
            },
            {
                "period": "2022-08-22T06",
                "subba": "ZONG",
                "subba-name": "Hudson Valley - NYIS",
                "parent": "NYIS",
                "parent-name": "New York Independent System Operator",
                "value": "1078",
                "value-units": "megawatthours"
            },
            {
                "period": "2022-08-22T06",
                "subba": "ZONH",
                "subba-name": "Millwood - NYIS",
                "parent": "NYIS",
                "parent-name": "New York Independent System Operator",
                "value": "318",
                "value-units": "megawatthours"
            },
            {
                "period": "2022-08-22T06",
                "subba": "ZONI",
                "subba-name": "Dunwoodie - NYIS",
                "parent": "NYIS",
                "parent-name": "New York Independent System Operator",
                "value": "693",
                "value-units": "megawatthours"
            },
            {
                "period": "2022-08-22T06",
                "subba": "ZONJ",
                "subba-name": "New York City - NYIS",
                "parent": "NYIS",
                "parent-name": "New York Independent System Operator",
                "value": "6152",
                "value-units": "megawatthours"
            },
            {
                "period": "2022-08-22T06",
                "subba": "ZONK",
                "subba-name": "Long Island - NYIS",
                "parent": "NYIS",
                "parent-name": "New York Independent System Operator",
                "value": "2485",
                "value-units": "megawatthours"
            },
            {
                "period": "2022-08-22T05",
                "subba": "ZONA",
                "subba-name": "West - NYIS",
                "parent": "NYIS",
                "parent-name": "New York Independent System Operator",
                "value": "1636",
                "value-units": "megawatthours"
            },
            {
                "period": "2022-08-22T05",
                "subba": "ZONB",
                "subba-name": "Genesee - NYIS",
                "parent": "NYIS",
                "parent-name": "New York Independent System Operator",
                "value": "1083",
                "value-units": "megawatthours"
            },
            {
                "period": "2022-08-22T05",
                "subba": "ZONC",
                "subba-name": "Central - NYIS",
                "parent": "NYIS",
                "parent-name": "New York Independent System Operator",
                "value": "1564",
                "value-units": "megawatthours"
            },
            {
                "period": "2022-08-22T05",
                "subba": "ZOND",
                "subba-name": "North - NYIS",
                "parent": "NYIS",
                "parent-name": "New York Independent System Operator",
                "value": "628",
                "value-units": "megawatthours"
            },
            {
                "period": "2022-08-22T05",
                "subba": "ZONE",
                "subba-name": "Mohawk Valley - NYIS",
                "parent": "NYIS",
                "parent-name": "New York Independent System Operator",
                "value": "822",
                "value-units": "megawatthours"
            },
            {
                "period": "2022-08-22T05",
                "subba": "ZONF",
                "subba-name": "Capital - NYIS",
                "parent": "NYIS",
                "parent-name": "New York Independent System Operator",
                "value": "1508",
                "value-units": "megawatthours"
            },
            {
                "period": "2022-08-22T05",
                "subba": "ZONG",
                "subba-name": "Hudson Valley - NYIS",
                "parent": "NYIS",
                "parent-name": "New York Independent System Operator",
                "value": "1139",
                "value-units": "megawatthours"
            },
            {
                "period": "2022-08-22T05",
                "subba": "ZONH",
                "subba-name": "Millwood - NYIS",
                "parent": "NYIS",
                "parent-name": "New York Independent System Operator",
                "value": "339",
                "value-units": "megawatthours"
            },
            {
                "period": "2022-08-22T05",
                "subba": "ZONI",
                "subba-name": "Dunwoodie - NYIS",
                "parent": "NYIS",
                "parent-name": "New York Independent System Operator",
                "value": "726",
                "value-units": "megawatthours"
            },
            {
                "period": "2022-08-22T05",
                "subba": "ZONJ",
                "subba-name": "New York City - NYIS",
                "parent": "NYIS",
                "parent-name": "New York Independent System Operator",
                "value": "6351",
                "value-units": "megawatthours"
            },
            {
                "period": "2022-08-22T05",
                "subba": "ZONK",
                "subba-name": "Long Island - NYIS",
                "parent": "NYIS",
                "parent-name": "New York Independent System Operator",
                "value": "2625",
                "value-units": "megawatthours"
            },
            {
                "period": "2022-08-22T04",
                "subba": "ZONA",
                "subba-name": "West - NYIS",
                "parent": "NYIS",
                "parent-name": "New York Independent System Operator",
                "value": "1714",
                "value-units": "megawatthours"
            },
            {
                "period": "2022-08-22T04",
                "subba": "ZONB",
                "subba-name": "Genesee - NYIS",
                "parent": "NYIS",
                "parent-name": "New York Independent System Operator",
                "value": "1155",
                "value-units": "megawatthours"
            },
            {
                "period": "2022-08-22T04",
                "subba": "ZONC",
                "subba-name": "Central - NYIS",
                "parent": "NYIS",
                "parent-name": "New York Independent System Operator",
                "value": "1681",
                "value-units": "megawatthours"
            },
            {
                "period": "2022-08-22T04",
                "subba": "ZOND",
                "subba-name": "North - NYIS",
                "parent": "NYIS",
                "parent-name": "New York Independent System Operator",
                "value": "650",
                "value-units": "megawatthours"
            },
            {
                "period": "2022-08-22T04",
                "subba": "ZONE",
                "subba-name": "Mohawk Valley - NYIS",
                "parent": "NYIS",
                "parent-name": "New York Independent System Operator",
                "value": "869",
                "value-units": "megawatthours"
            },
            {
                "period": "2022-08-22T04",
                "subba": "ZONF",
                "subba-name": "Capital - NYIS",
                "parent": "NYIS",
                "parent-name": "New York Independent System Operator",
                "value": "1594",
                "value-units": "megawatthours"
            },
            {
                "period": "2022-08-22T04",
                "subba": "ZONG",
                "subba-name": "Hudson Valley - NYIS",
                "parent": "NYIS",
                "parent-name": "New York Independent System Operator",
                "value": "1224",
                "value-units": "megawatthours"
            },
            {
                "period": "2022-08-22T04",
                "subba": "ZONH",
                "subba-name": "Millwood - NYIS",
                "parent": "NYIS",
                "parent-name": "New York Independent System Operator",
                "value": "370",
                "value-units": "megawatthours"
            },
            {
                "period": "2022-08-22T04",
                "subba": "ZONI",
                "subba-name": "Dunwoodie - NYIS",
                "parent": "NYIS",
                "parent-name": "New York Independent System Operator",
                "value": "769",
                "value-units": "megawatthours"
            },
            {
                "period": "2022-08-22T04",
                "subba": "ZONJ",
                "subba-name": "New York City - NYIS",
                "parent": "NYIS",
                "parent-name": "New York Independent System Operator",
                "value": "6622",
                "value-units": "megawatthours"
            },
            {
                "period": "2022-08-22T04",
                "subba": "ZONK",
                "subba-name": "Long Island - NYIS",
                "parent": "NYIS",
                "parent-name": "New York Independent System Operator",
                "value": "2829",
                "value-units": "megawatthours"
            },
            {
                "period": "2022-08-22T03",
                "subba": "ZONA",
                "subba-name": "West - NYIS",
                "parent": "NYIS",
                "parent-name": "New York Independent System Operator",
                "value": "1810",
                "value-units": "megawatthours"
            },
            {
                "period": "2022-08-22T03",
                "subba": "ZONB",
                "subba-name": "Genesee - NYIS",
                "parent": "NYIS",
                "parent-name": "New York Independent System Operator",
                "value": "1245",
                "value-units": "megawatthours"
            },
            {
                "period": "2022-08-22T03",
                "subba": "ZONC",
                "subba-name": "Central - NYIS",
                "parent": "NYIS",
                "parent-name": "New York Independent System Operator",
                "value": "1791",
                "value-units": "megawatthours"
            },
            {
                "period": "2022-08-22T03",
                "subba": "ZOND",
                "subba-name": "North - NYIS",
                "parent": "NYIS",
                "parent-name": "New York Independent System Operator",
                "value": "649",
                "value-units": "megawatthours"
            },
            {
                "period": "2022-08-22T03",
                "subba": "ZONE",
                "subba-name": "Mohawk Valley - NYIS",
                "parent": "NYIS",
                "parent-name": "New York Independent System Operator",
                "value": "952",
                "value-units": "megawatthours"
            },
            {
                "period": "2022-08-22T03",
                "subba": "ZONF",
                "subba-name": "Capital - NYIS",
                "parent": "NYIS",
                "parent-name": "New York Independent System Operator",
                "value": "1705",
                "value-units": "megawatthours"
            },
            {
                "period": "2022-08-22T03",
                "subba": "ZONG",
                "subba-name": "Hudson Valley - NYIS",
                "parent": "NYIS",
                "parent-name": "New York Independent System Operator",
                "value": "1327",
                "value-units": "megawatthours"
            },
            {
                "period": "2022-08-22T03",
                "subba": "ZONH",
                "subba-name": "Millwood - NYIS",
                "parent": "NYIS",
                "parent-name": "New York Independent System Operator",
                "value": "407",
                "value-units": "megawatthours"
            },
            {
                "period": "2022-08-22T03",
                "subba": "ZONI",
                "subba-name": "Dunwoodie - NYIS",
                "parent": "NYIS",
                "parent-name": "New York Independent System Operator",
                "value": "818",
                "value-units": "megawatthours"
            },
            {
                "period": "2022-08-22T03",
                "subba": "ZONJ",
                "subba-name": "New York City - NYIS",
                "parent": "NYIS",
                "parent-name": "New York Independent System Operator",
                "value": "6867",
                "value-units": "megawatthours"
            },
            {
                "period": "2022-08-22T03",
                "subba": "ZONK",
                "subba-name": "Long Island - NYIS",
                "parent": "NYIS",
                "parent-name": "New York Independent System Operator",
                "value": "3054",
                "value-units": "megawatthours"
            },
            {
                "period": "2022-08-22T02",
                "subba": "ZONA",
                "subba-name": "West - NYIS",
                "parent": "NYIS",
                "parent-name": "New York Independent System Operator",
                "value": "1891",
                "value-units": "megawatthours"
            },
            {
                "period": "2022-08-22T02",
                "subba": "ZONB",
                "subba-name": "Genesee - NYIS",
                "parent": "NYIS",
                "parent-name": "New York Independent System Operator",
                "value": "1344",
                "value-units": "megawatthours"
            },
            {
                "period": "2022-08-22T02",
                "subba": "ZONC",
                "subba-name": "Central - NYIS",
                "parent": "NYIS",
                "parent-name": "New York Independent System Operator",
                "value": "1891",
                "value-units": "megawatthours"
            },
            {
                "period": "2022-08-22T02",
                "subba": "ZOND",
                "subba-name": "North - NYIS",
                "parent": "NYIS",
                "parent-name": "New York Independent System Operator",
                "value": "658",
                "value-units": "megawatthours"
            },
            {
                "period": "2022-08-22T02",
                "subba": "ZONE",
                "subba-name": "Mohawk Valley - NYIS",
                "parent": "NYIS",
                "parent-name": "New York Independent System Operator",
                "value": "1000",
                "value-units": "megawatthours"
            },
            {
                "period": "2022-08-22T02",
                "subba": "ZONF",
                "subba-name": "Capital - NYIS",
                "parent": "NYIS",
                "parent-name": "New York Independent System Operator",
                "value": "1812",
                "value-units": "megawatthours"
            },
            {
                "period": "2022-08-22T02",
                "subba": "ZONG",
                "subba-name": "Hudson Valley - NYIS",
                "parent": "NYIS",
                "parent-name": "New York Independent System Operator",
                "value": "1431",
                "value-units": "megawatthours"
            },
            {
                "period": "2022-08-22T02",
                "subba": "ZONH",
                "subba-name": "Millwood - NYIS",
                "parent": "NYIS",
                "parent-name": "New York Independent System Operator",
                "value": "436",
                "value-units": "megawatthours"
            },
            {
                "period": "2022-08-22T02",
                "subba": "ZONI",
                "subba-name": "Dunwoodie - NYIS",
                "parent": "NYIS",
                "parent-name": "New York Independent System Operator",
                "value": "857",
                "value-units": "megawatthours"
            },
            {
                "period": "2022-08-22T02",
                "subba": "ZONJ",
                "subba-name": "New York City - NYIS",
                "parent": "NYIS",
                "parent-name": "New York Independent System Operator",
                "value": "7031",
                "value-units": "megawatthours"
            },
            {
                "period": "2022-08-22T02",
                "subba": "ZONK",
                "subba-name": "Long Island - NYIS",
                "parent": "NYIS",
                "parent-name": "New York Independent System Operator",
                "value": "3277",
                "value-units": "megawatthours"
            },
            {
                "period": "2022-08-22T01",
                "subba": "ZONA",
                "subba-name": "West - NYIS",
                "parent": "NYIS",
                "parent-name": "New York Independent System Operator",
                "value": "1932",
                "value-units": "megawatthours"
            },
            {
                "period": "2022-08-22T01",
                "subba": "ZONB",
                "subba-name": "Genesee - NYIS",
                "parent": "NYIS",
                "parent-name": "New York Independent System Operator",
                "value": "1413",
                "value-units": "megawatthours"
            },
            {
                "period": "2022-08-22T01",
                "subba": "ZONC",
                "subba-name": "Central - NYIS",
                "parent": "NYIS",
                "parent-name": "New York Independent System Operator",
                "value": "1989",
                "value-units": "megawatthours"
            },
            {
                "period": "2022-08-22T01",
                "subba": "ZOND",
                "subba-name": "North - NYIS",
                "parent": "NYIS",
                "parent-name": "New York Independent System Operator",
                "value": "692",
                "value-units": "megawatthours"
            },
            {
                "period": "2022-08-22T01",
                "subba": "ZONE",
                "subba-name": "Mohawk Valley - NYIS",
                "parent": "NYIS",
                "parent-name": "New York Independent System Operator",
                "value": "1034",
                "value-units": "megawatthours"
            },
            {
                "period": "2022-08-22T01",
                "subba": "ZONF",
                "subba-name": "Capital - NYIS",
                "parent": "NYIS",
                "parent-name": "New York Independent System Operator",
                "value": "1895",
                "value-units": "megawatthours"
            },
            {
                "period": "2022-08-22T01",
                "subba": "ZONG",
                "subba-name": "Hudson Valley - NYIS",
                "parent": "NYIS",
                "parent-name": "New York Independent System Operator",
                "value": "1517",
                "value-units": "megawatthours"
            },
            {
                "period": "2022-08-22T01",
                "subba": "ZONH",
                "subba-name": "Millwood - NYIS",
                "parent": "NYIS",
                "parent-name": "New York Independent System Operator",
                "value": "455",
                "value-units": "megawatthours"
            },
            {
                "period": "2022-08-22T01",
                "subba": "ZONI",
                "subba-name": "Dunwoodie - NYIS",
                "parent": "NYIS",
                "parent-name": "New York Independent System Operator",
                "value": "875",
                "value-units": "megawatthours"
            },
            {
                "period": "2022-08-22T01",
                "subba": "ZONJ",
                "subba-name": "New York City - NYIS",
                "parent": "NYIS",
                "parent-name": "New York Independent System Operator",
                "value": "7063",
                "value-units": "megawatthours"
            },
            {
                "period": "2022-08-22T01",
                "subba": "ZONK",
                "subba-name": "Long Island - NYIS",
                "parent": "NYIS",
                "parent-name": "New York Independent System Operator",
                "value": "3439",
                "value-units": "megawatthours"
            },
            {
                "period": "2022-08-22T00",
                "subba": "ZONA",
                "subba-name": "West - NYIS",
                "parent": "NYIS",
                "parent-name": "New York Independent System Operator",
                "value": "1945",
                "value-units": "megawatthours"
            },
            {
                "period": "2022-08-22T00",
                "subba": "ZONB",
                "subba-name": "Genesee - NYIS",
                "parent": "NYIS",
                "parent-name": "New York Independent System Operator",
                "value": "1427",
                "value-units": "megawatthours"
            },
            {
                "period": "2022-08-22T00",
                "subba": "ZONC",
                "subba-name": "Central - NYIS",
                "parent": "NYIS",
                "parent-name": "New York Independent System Operator",
                "value": "1982",
                "value-units": "megawatthours"
            },
            {
                "period": "2022-08-22T00",
                "subba": "ZOND",
                "subba-name": "North - NYIS",
                "parent": "NYIS",
                "parent-name": "New York Independent System Operator",
                "value": "692",
                "value-units": "megawatthours"
            },
            {
                "period": "2022-08-22T00",
                "subba": "ZONE",
                "subba-name": "Mohawk Valley - NYIS",
                "parent": "NYIS",
                "parent-name": "New York Independent System Operator",
                "value": "1047",
                "value-units": "megawatthours"
            },
            {
                "period": "2022-08-22T00",
                "subba": "ZONF",
                "subba-name": "Capital - NYIS",
                "parent": "NYIS",
                "parent-name": "New York Independent System Operator",
                "value": "1903",
                "value-units": "megawatthours"
            },
            {
                "period": "2022-08-22T00",
                "subba": "ZONG",
                "subba-name": "Hudson Valley - NYIS",
                "parent": "NYIS",
                "parent-name": "New York Independent System Operator",
                "value": "1564",
                "value-units": "megawatthours"
            },
            {
                "period": "2022-08-22T00",
                "subba": "ZONH",
                "subba-name": "Millwood - NYIS",
                "parent": "NYIS",
                "parent-name": "New York Independent System Operator",
                "value": "461",
                "value-units": "megawatthours"
            },
            {
                "period": "2022-08-22T00",
                "subba": "ZONI",
                "subba-name": "Dunwoodie - NYIS",
                "parent": "NYIS",
                "parent-name": "New York Independent System Operator",
                "value": "870",
                "value-units": "megawatthours"
            },
            {
                "period": "2022-08-22T00",
                "subba": "ZONJ",
                "subba-name": "New York City - NYIS",
                "parent": "NYIS",
                "parent-name": "New York Independent System Operator",
                "value": "7010",
                "value-units": "megawatthours"
            },
            {
                "period": "2022-08-22T00",
                "subba": "ZONK",
                "subba-name": "Long Island - NYIS",
                "parent": "NYIS",
                "parent-name": "New York Independent System Operator",
                "value": "3498",
                "value-units": "megawatthours"
            }
        ],
        "description": "Hourly demand by balancing authority subregion.  \n    Source: Form EIA-930\n    Product: Hourly Electric Grid Monitor"
    },
    "request": {
        "command": "/v2/electricity/rto/region-sub-ba-data/data/",
        "params": {
            "frequency": "hourly",
            "data": [
                "value"
            ],
            "sort": [
                {
                    "column": "period",
                    "direction": "desc"
                }
            ],
            "facets": {
                "parent": [
                    "NYIS"
                ]
            },
            "offset": "0",
            "length": "5000",
            "start": "2022-08-22",
            "end": "2022-08-23",
            "api_key": "dqRq8VpXSoyUrCbrPhuYFxGl6Rul9kmVcRshZ98c"
        }
    },
    "apiVersion": "2.1.8",
    "ExcelAddInVersion": "2.1.0"
}