{
    "response": {
        "total": "275",
        "dateFormat": "YYYY-MM-DD\"T\"HH24",
        "frequency": "hourly",
        "data": [
            {
                "period": "2022-01-30T00",
                "subba": "ZONA",
                "subba-name": "West - NYIS",
                "parent": "NYIS",
                "parent-name": "New York Independent System Operator",
                "value": "1914",
                "value-units": "megawatthours"
            },
            {
                "period": "2022-01-30T00",
                "subba": "ZONB",
                "subba-name": "Genesee - NYIS",
                "parent": "NYIS",
                "parent-name": "New York Independent System Operator",
                "value": "1417",
                "value-units": "megawatthours"
            },
            {
                "period": "2022-01-30T00",
                "subba": "ZONC",
                "subba-name": "Central - NYIS",
                "parent": "NYIS",
                "parent-name": "New York Independent System Operator",
                "value": "2460",
                "value-units": "megawatthours"
            },
            {
                "period": "2022-01-30T00",
                "subba": "ZOND",
                "subba-name": "North - NYIS",
                "parent": "NYIS",
                "parent-name": "New York Independent System Operator",
                "value": "836",
                "value-units": "megawatthours"
            },
            {
                "period": "2022-01-30T00",
                "subba": "ZONE",
                "subba-name": "Mohawk Valley - NYIS",
                "parent": "NYIS",
                "parent-name": "New York Independent System Operator",
                "value": "1283",
                "value-units": "megawatthours"
            },
            {
                "period": "2022-01-30T00",
                "subba": "ZONF",
                "subba-name": "Capital - NYIS",
                "parent": "NYIS",
                "parent-name": "New York Independent System Operator",
                "value": "1855",
                "value-units": "megawatthours"
            },
            {
                "period": "2022-01-30T00",
                "subba": "ZONG",
                "subba-name": "Hudson Valley - NYIS",
                "parent": "NYIS",
                "parent-name": "New York Independent System Operator",
                "value": "1504",
                "value-units": "megawatthours"
            },
            {
                "period": "2022-01-30T00",
                "subba": "ZONH",
                "subba-name": "Millwood - NYIS",
                "parent": "NYIS",
                "parent-name": "New York Independent System Operator",
                "value": "495",
                "value-units": "megawatthours"
            },
            {
                "period": "2022-01-30T00",
                "subba": "ZONI",
                "subba-name": "Dunwoodie - NYIS",
                "parent": "NYIS",
                "parent-name": "New York Independent System Operator",
                "value": "822",
                "value-units": "megawatthours"
            },
            {
                "period": "2022-01-30T00",
                "subba": "ZONJ",
                "subba-name": "New York City - NYIS",
                "parent": "NYIS",
                "parent-name": "New York Independent System Operator",
                "value": "6646",
                "value-units": "megawatthours"
            },
            {
                "period": "2022-01-30T00",
                "subba": "ZONK",
                "subba-name": "Long Island - NYIS",
                "parent": "NYIS",
                "parent-name": "New York Independent System Operator",
                "value": "3008",
                "value-units": "megawatthours"
            },
            {
                "period": "2022-01-29T23",
                "subba": "ZONA",
                "subba-name": "West - NYIS",
                "parent": "NYIS",
                "parent-name": "New York Independent System Operator",
                "value": "1858",
                "value-units": "megawatthours"
            },
            {
                "period": "2022-01-29T23",
                "subba": "ZONB",
                "subba-name": "Genesee - NYIS",
                "parent": "NYIS",
                "parent-name": "New York Independent System Operator",
                "value": "1390",
                "value-units": "megawatthours"
            },
            {
                "period": "2022-01-29T23",
                "subba": "ZONC",
                "subba-name": "Central - NYIS",
                "parent": "NYIS",
                "parent-name": "New York Independent System Operator",
                "value": "2417",
                "value-units": "megawatthours"
            },
            {
                "period": "2022-01-29T23",
                "subba": "ZOND",
                "subba-name": "North - NYIS",
                "parent": "NYIS",
                "parent-name": "New York Independent System Operator",
                "value": "824",
                "value-units": "megawatthours"
            },
            {
                "period": "2022-01-29T23",
                "subba": "ZONE",
                "subba-name": "Mohawk Valley - NYIS",
                "parent": "NYIS",
                "parent-name": "New York Independent System Operator",
                "value": "1253",
                "value-units": "megawatthours"
            },
            {
                "period": "2022-01-29T23",
                "subba": "ZONF",
                "subba-name": "Capital - NYIS",
                "parent": "NYIS",
                "parent-name": "New York Independent System Operator",
                "value": "1860",
                "value-units": "megawatthours"
            },
            {
                "period": "2022-01-29T23",
                "subba": "ZONG",
                "subba-name": "Hudson Valley - NYIS",
                "parent": "NYIS",
                "parent-name": "New York Independent System Operator",
                "value": "1485",
                "value-units": "megawatthours"
            },
            {
                "period": "2022-01-29T23",
                "subba": "ZONH",
                "subba-name": "Millwood - NYIS",
                "parent": "NYIS",
                "parent-name": "New York Independent System Operator",
                "value": "492",
                "value-units": "megawatthours"
            },
            {
                "period": "2022-01-29T23",
                "subba": "ZONI",
                "subba-name": "Dunwoodie - NYIS",
                "parent": "NYIS",
                "parent-name": "New York Independent System Operator",
                "value": "809",
                "value-units": "megawatthours"
            },
            {
                "period": "2022-01-29T23",
                "subba": "ZONJ",
                "subba-name": "New York City - NYIS",
                "parent": "NYIS",
                "parent-name": "New York Independent System Operator",
                "value": "6599",
                "value-units": "megawatthours"
            },
            {
                "period": "2022-01-29T23",
                "subba": "ZONK",
                "subba-name": "Long Island - NYIS",
                "parent": "NYIS",
                "parent-name": "New York Independent System Operator",
                "value": "2983",
                "value-units": "megawatthours"
            },
            {
                "period": "2022-01-29T22",
                "subba": "ZONA",
                "subba-name": "West - NYIS",
                "parent": "NYIS",
                "parent-name": "New York Independent System Operator",
                "value": "1764",
                "value-units": "megawatthours"
            },
            {
                "period": "2022-01-29T22",
                "subba": "ZONB",
                "subba-name": "Genesee - NYIS",
                "parent": "NYIS",
                "parent-name": "New York Independent System Operator",
                "value": "1309",
                "value-units": "megawatthours"
            },
            {
                "period": "2022-01-29T22",
                "subba": "ZONC",
                "subba-name": "Central - NYIS",
                "parent": "NYIS",
                "parent-name": "New York Independent System Operator",
                "value": "2341",
                "value-units": "megawatthours"
            },
            {
                "period": "2022-01-29T22",
                "subba": "ZOND",
                "subba-name": "North - NYIS",
                "parent": "NYIS",
                "parent-name": "New York Independent System Operator",
                "value": "828",
                "value-units": "megawatthours"
            },
            {
                "period": "2022-01-29T22",
                "subba": "ZONE",
                "subba-name": "Mohawk Valley - NYIS",
                "parent": "NYIS",
                "parent-name": "New York Independent System Operator",
                "value": "1190",
                "value-units": "megawatthours"
            },
            {
                "period": "2022-01-29T22",
                "subba": "ZONF",
                "subba-name": "Capital - NYIS",
                "parent": "NYIS",
                "parent-name": "New York Independent System Operator",
                "value": "1784",
                "value-units": "megawatthours"
            },
            {
                "period": "2022-01-29T22",
                "subba": "ZONG",
                "subba-name": "Hudson Valley - NYIS",
                "parent": "NYIS",
                "parent-name": "New York Independent System Operator",
                "value": "1416",
                "value-units": "megawatthours"
            },
            {
                "period": "2022-01-29T22",
                "subba": "ZONH",
                "subba-name": "Millwood - NYIS",
                "parent": "NYIS",
                "parent-name": "New York Independent System Operator",
                "value": "461",
                "value-units": "megawatthours"
            },
            {
                "period": "2022-01-29T22",
                "subba": "ZONI",
                "subba-name": "Dunwoodie - NYIS",
                "parent": "NYIS",
                "parent-name": "New York Independent System Operator",
                "value": "771",
                "value-units": "megawatthours"
            },
            {
                "period": "2022-01-29T22",
                "subba": "ZONJ",
                "subba-name": "New York City - NYIS",
                "parent": "NYIS",
                "parent-name": "New York Independent System Operator",
                "value": "6466",
                "value-units": "megawatthours"
            },
            {
                "period": "2022-01-29T22",
                "subba": "ZONK",
                "subba-name": "Long Island - NYIS",
                "parent": "NYIS",
                "parent-name": "New York Independent System Operator",
                "value": "2815",
                "value-units": "megawatthours"
            },
            {
                "period": "2022-01-29T21",
                "subba": "ZONA",
                "subba-name": "West - NYIS",
                "parent": "NYIS",
                "parent-name": "New York Independent System Operator",
                "value": "1723",
                "value-units": "megawatthours"
            },
            {
                "period": "2022-01-29T21",
                "subba": "ZONB",
                "subba-name": "Genesee - NYIS",
                "parent": "NYIS",
                "parent-name": "New York Independent System Operator",
                "value": "1266",
                "value-units": "megawatthours"
            },
            {
                "period": "2022-01-29T21",
                "subba": "ZONC",
                "subba-name": "Central - NYIS",
                "parent": "NYIS",
                "parent-name": "New York Independent System Operator",
                "value": "2247",
                "value-units": "megawatthours"
            },
            {
                "period": "2022-01-29T21",
                "subba": "ZOND",
                "subba-name": "North - NYIS",
                "parent": "NYIS",
                "parent-name": "New York Independent System Operator",
                "value": "837",
                "value-units": "megawatthours"
            },
            {
                "period": "2022-01-29T21",
                "subba": "ZONE",
                "subba-name": "Mohawk Valley - NYIS",
                "parent": "NYIS",
                "parent-name": "New York Independent System Operator",
                "value": "1148",
                "value-units": "megawatthours"
            },
            {
                "period": "2022-01-29T21",
                "subba": "ZONF",
                "subba-name": "Capital - NYIS",
                "parent": "NYIS",
                "parent-name": "New York Independent System Operator",
                "value": "1740",
                "value-units": "megawatthours"
            },
            {
                "period": "2022-01-29T21",
                "subba": "ZONG",
                "subba-name": "Hudson Valley - NYIS",
                "parent": "NYIS",
                "parent-name": "New York Independent System Operator",
                "value": "1399",
                "value-units": "megawatthours"
            },
            {
                "period": "2022-01-29T21",
                "subba": "ZONH",
                "subba-name": "Millwood - NYIS",
                "parent": "NYIS",
                "parent-name": "New York Independent System Operator",
                "value": "458",
                "value-units": "megawatthours"
            },
            {
                "period": "2022-01-29T21",
                "subba": "ZONI",
                "subba-name": "Dunwoodie - NYIS",
                "parent": "NYIS",
                "parent-name": "New York Independent System Operator",
                "value": "762",
                "value-units": "megawatthours"
            },
            {
                "period": "2022-01-29T21",
                "subba": "ZONJ",
                "subba-name": "New York City - NYIS",
                "parent": "NYIS",
                "parent-name": "New York Independent System Operator",
                "value": "6419",
                "value-units": "megawatthours"
            },
            {
                "period": "2022-01-29T21",
                "subba": "ZONK",
                "subba-name": "Long Island - NYIS",
                "parent": "NYIS",
                "parent-name": "New York Independent System Operator",
                "value": "2766",
                "value-units": "megawatthours"
            },
            {
                "period": "2022-01-29T20",
                "subba": "ZONA",
                "subba-name": "West - NYIS",
                "parent": "NYIS",
                "parent-name": "New York Independent System Operator",
                "value": "1732",
                "value-units": "megawatthours"
            },
            {
                "period": "2022-01-29T20",
                "subba": "ZONB",
                "subba-name": "Genesee - NYIS",
                "parent": "NYIS",
                "parent-name": "New York Independent System Operator",
                "value": "1258",
                "value-units": "megawatthours"
            },
            {
                "period": "2022-01-29T20",
                "subba": "ZONC",
                "subba-name": "Central - NYIS",
                "parent": "NYIS",
                "parent-name": "New York Independent System Operator",
                "value": "2185",
                "value-units": "megawatthours"
            },
            {
                "period": "2022-01-29T20",
                "subba": "ZOND",
                "subba-name": "North - NYIS",
                "parent": "NYIS",
                "parent-name": "New York Independent System Operator",
                "value": "842",
                "value-units": "megawatthours"
            },
            {
                "period": "2022-01-29T20",
                "subba": "ZONE",
                "subba-name": "Mohawk Valley - NYIS",
                "parent": "NYIS",
                "parent-name": "New York Independent System Operator",
                "value": "1176",
                "value-units": "megawatthours"
            },
            {
                "period": "2022-01-29T20",
                "subba": "ZONF",
                "subba-name": "Capital - NYIS",
                "parent": "NYIS",
                "parent-name": "New York Independent System Operator",
                "value": "1740",
                "value-units": "megawatthours"
            },
            {
                "period": "2022-01-29T20",
                "subba": "ZONG",
                "subba-name": "Hudson Valley - NYIS",
                "parent": "NYIS",
                "parent-name": "New York Independent System Operator",
                "value": "1405",
                "value-units": "megawatthours"
            },
            {
                "period": "2022-01-29T20",
                "subba": "ZONH",
                "subba-name": "Millwood - NYIS",
                "parent": "NYIS",
                "parent-name": "New York Independent System Operator",
                "value": "472",
                "value-units": "megawatthours"
            },
            {
                "period": "2022-01-29T20",
                "subba": "ZONI",
                "subba-name": "Dunwoodie - NYIS",
                "parent": "NYIS",
                "parent-name": "New York Independent System Operator",
                "value": "773",
                "value-units": "megawatthours"
            },
            {
                "period": "2022-01-29T20",
                "subba": "ZONJ",
                "subba-name": "New York City - NYIS",
                "parent": "NYIS",
                "parent-name": "New York Independent System Operator",
                "value": "6418",
                "value-units": "megawatthours"
            },
            {
                "period": "2022-01-29T20",
                "subba": "ZONK",
                "subba-name": "Long Island - NYIS",
                "parent": "NYIS",
                "parent-name": "New York Independent System Operator",
                "value": "2774",
                "value-units": "megawatthours"
            },
            {
                "period": "2022-01-29T19",
                "subba": "ZONA",
                "subba-name": "West - NYIS",
                "parent": "NYIS",
                "parent-name": "New York Independent System Operator",
                "value": "1745",
                "value-units": "megawatthours"
            },
            {
                "period": "2022-01-29T19",
                "subba": "ZONB",
                "subba-name": "Genesee - NYIS",
                "parent": "NYIS",
                "parent-name": "New York Independent System Operator",
                "value": "1282",
                "value-units": "megawatthours"
            },
            {
                "period": "2022-01-29T19",
                "subba": "ZONC",
                "subba-name": "Central - NYIS",
                "parent": "NYIS",
                "parent-name": "New York Independent System Operator",
                "value": "2206",
                "value-units": "megawatthours"
            },
            {
                "period": "2022-01-29T19",
                "subba": "ZOND",
                "subba-name": "North - NYIS",
                "parent": "NYIS",
                "parent-name": "New York Independent System Operator",
                "value": "825",
                "value-units": "megawatthours"
            },
            {
                "period": "2022-01-29T19",
                "subba": "ZONE",
                "subba-name": "Mohawk Valley - NYIS",
                "parent": "NYIS",
                "parent-name": "New York Independent System Operator",
                "value": "1176",
                "value-units": "megawatthours"
            },
            {
                "period": "2022-01-29T19",
                "subba": "ZONF",
                "subba-name": "Capital - NYIS",
                "parent": "NYIS",
                "parent-name": "New York Independent System Operator",
                "value": "1741",
                "value-units": "megawatthours"
            },
            {
                "period": "2022-01-29T19",
                "subba": "ZONG",
                "subba-name": "Hudson Valley - NYIS",
                "parent": "NYIS",
                "parent-name": "New York Independent System Operator",
                "value": "1423",
                "value-units": "megawatthours"
            },
            {
                "period": "2022-01-29T19",
                "subba": "ZONH",
                "subba-name": "Millwood - NYIS",
                "parent": "NYIS",
                "parent-name": "New York Independent System Operator",
                "value": "477",
                "value-units": "megawatthours"
            },
            {
                "period": "2022-01-29T19",
                "subba": "ZONI",
                "subba-name": "Dunwoodie - NYIS",
                "parent": "NYIS",
                "parent-name": "New York Independent System Operator",
                "value": "779",
                "value-units": "megawatthours"
            },
            {
                "period": "2022-01-29T19",
                "subba": "ZONJ",
                "subba-name": "New York City - NYIS",
                "parent": "NYIS",
                "parent-name": "New York Independent System Operator",
                "value": "6435",
                "value-units": "megawatthours"
            },
            {
                "period": "2022-01-29T19",
                "subba": "ZONK",
                "subba-name": "Long Island - NYIS",
                "parent": "NYIS",
                "parent-name": "New York Independent System Operator",
                "value": "2792",
                "value-units": "megawatthours"
            },
            {
                "period": "2022-01-29T18",
                "subba": "ZONA",
                "subba-name": "West - NYIS",
                "parent": "NYIS",
                "parent-name": "New York Independent System Operator",
                "value": "1773",
                "value-units": "megawatthours"
            },
            {
                "period": "2022-01-29T18",
                "subba": "ZONB",
                "subba-name": "Genesee - NYIS",
                "parent": "NYIS",
                "parent-name": "New York Independent System Operator",
                "value": "1311",
                "value-units": "megawatthours"
            },
            {
                "period": "2022-01-29T18",
                "subba": "ZONC",
                "subba-name": "Central - NYIS",
                "parent": "NYIS",
                "parent-name": "New York Independent System Operator",
                "value": "2262",
                "value-units": "megawatthours"
            },
            {
                "period": "2022-01-29T18",
                "subba": "ZOND",
                "subba-name": "North - NYIS",
                "parent": "NYIS",
                "parent-name": "New York Independent System Operator",
                "value": "808",
                "value-units": "megawatthours"
            },
            {
                "period": "2022-01-29T18",
                "subba": "ZONE",
                "subba-name": "Mohawk Valley - NYIS",
                "parent": "NYIS",
                "parent-name": "New York Independent System Operator",
                "value": "1182",
                "value-units": "megawatthours"
            },
            {
                "period": "2022-01-29T18",
                "subba": "ZONF",
                "subba-name": "Capital - NYIS",
                "parent": "NYIS",
                "parent-name": "New York Independent System Operator",
                "value": "1755",
                "value-units": "megawatthours"
            },
            {
                "period": "2022-01-29T18",
                "subba": "ZONG",
                "subba-name": "Hudson Valley - NYIS",
                "parent": "NYIS",
                "parent-name": "New York Independent System Operator",
                "value": "1436",
                "value-units": "megawatthours"
            },
            {
                "period": "2022-01-29T18",
                "subba": "ZONH",
                "subba-name": "Millwood - NYIS",
                "parent": "NYIS",
                "parent-name": "New York Independent System Operator",
                "value": "472",
                "value-units": "megawatthours"
            },
            {
                "period": "2022-01-29T18",
                "subba": "ZONI",
                "subba-name": "Dunwoodie - NYIS",
                "parent": "NYIS",
                "parent-name": "New York Independent System Operator",
                "value": "781",
                "value-units": "megawatthours"
            },
            {
                "period": "2022-01-29T18",
                "subba": "ZONJ",
                "subba-name": "New York City - NYIS",
                "parent": "NYIS",
                "parent-name": "New York Independent System Operator",
                "value": "6422",
                "value-units": "megawatthours"
            },
            {
                "period": "2022-01-29T18",
                "subba": "ZONK",
                "subba-name": "Long Island - NYIS",
                "parent": "NYIS",
                "parent-name": "New York Independent System Operator",
                "value": "2779",
                "value-units": "megawatthours"
            },
            {
                "period": "2022-01-29T17",
                "subba": "ZONA",
                "subba-name": "West - NYIS",
                "parent": "NYIS",
                "parent-name": "New York Independent System Operator",
                "value": "1798",
                "value-units": "megawatthours"
            },
            {
                "period": "2022-01-29T17",
                "subba": "ZONB",
                "subba-name": "Genesee - NYIS",
                "parent": "NYIS",
                "parent-name": "New York Independent System Operator",
                "value": "1343",
                "value-units": "megawatthours"
            },
            {
                "period": "2022-01-29T17",
                "subba": "ZONC",
                "subba-name": "Central - NYIS",
                "parent": "NYIS",
                "parent-name": "New York Independent System Operator",
                "value": "2307",
                "value-units": "megawatthours"
            },
            {
                "period": "2022-01-29T17",
                "subba": "ZOND",
                "subba-name": "North - NYIS",
                "parent": "NYIS",
                "parent-name": "New York Independent System Operator",
                "value": "806",
                "value-units": "megawatthours"
            },
            {
                "period": "2022-01-29T17",
                "subba": "ZONE",
                "subba-name": "Mohawk Valley - NYIS",
                "parent": "NYIS",
                "parent-name": "New York Independent System Operator",
                "value": "1184",
                "value-units": "megawatthours"
            },
            {
                "period": "2022-01-29T17",
                "subba": "ZONF",
                "subba-name": "Capital - NYIS",
                "parent": "NYIS",
                "parent-name": "New York Independent System Operator",
                "value": "1760",
                "value-units": "megawatthours"
            },
            {
                "period": "2022-01-29T17",
                "subba": "ZONG",
                "subba-name": "Hudson Valley - NYIS",
                "parent": "NYIS",
                "parent-name": "New York Independent System Operator",
                "value": "1428",
                "value-units": "megawatthours"
            },
            {
                "period": "2022-01-29T17",
                "subba": "ZONH",
                "subba-name": "Millwood - NYIS",
                "parent": "NYIS",
                "parent-name": "New York Independent System Operator",
                "value": "454",
                "value-units": "megawatthours"
            },
            {
                "period": "2022-01-29T17",
                "subba": "ZONI",
                "subba-name": "Dunwoodie - NYIS",
                "parent": "NYIS",
                "parent-name": "New York Independent System Operator",
                "value": "757",
                "value-units": "megawatthours"
            },
            {
                "period": "2022-01-29T17",
                "subba": "ZONJ",
                "subba-name": "New York City - NYIS",
                "parent": "NYIS",
                "parent-name": "New York Independent System Operator",
                "value": "6330",
                "value-units": "megawatthours"
            },
            {
                "period": "2022-01-29T17",
                "subba": "ZONK",
                "subba-name": "Long Island - NYIS",
                "parent": "NYIS",
                "parent-name": "New York Independent System Operator",
                "value": "2714",
                "value-units": "megawatthours"
            },
            {
                "period": "2022-01-29T16",
                "subba": "ZONA",
                "subba-name": "West - NYIS",
                "parent": "NYIS",
                "parent-name": "New York Independent System Operator",
                "value": "1822",
                "value-units": "megawatthours"
            },
            {
                "period": "2022-01-29T16",
                "subba": "ZONB",
                "subba-name": "Genesee - NYIS",
                "parent": "NYIS",
                "parent-name": "New York Independent System Operator",
                "value": "1355",
                "value-units": "megawatthours"
            },
            {
                "period": "2022-01-29T16",
                "subba": "ZONC",
                "subba-name": "Central - NYIS",
                "parent": "NYIS",
                "parent-name": "New York Independent System Operator",
                "value": "2346",
                "value-units": "megawatthours"
            },
            {
                "period": "2022-01-29T16",
                "subba": "ZOND",
                "subba-name": "North - NYIS",
                "parent": "NYIS",
                "parent-name": "New York Independent System Operator",
                "value": "810",
                "value-units": "megawatthours"
            },
            {
                "period": "2022-01-29T16",
                "subba": "ZONE",
                "subba-name": "Mohawk Valley - NYIS",
                "parent": "NYIS",
                "parent-name": "New York Independent System Operator",
                "value": "1193",
                "value-units": "megawatthours"
            },
            {
                "period": "2022-01-29T16",
                "subba": "ZONF",
                "subba-name": "Capital - NYIS",
                "parent": "NYIS",
                "parent-name": "New York Independent System Operator",
                "value": "1749",
                "value-units": "megawatthours"
            },
            {
                "period": "2022-01-29T16",
                "subba": "ZONG",
                "subba-name": "Hudson Valley - NYIS",
                "parent": "NYIS",
                "parent-name": "New York Independent System Operator",
                "value": "1403",
                "value-units": "megawatthours"
            },
            {
                "period": "2022-01-29T16",
                "subba": "ZONH",
                "subba-name": "Millwood - NYIS",
                "parent": "NYIS",
                "parent-name": "New York Independent System Operator",
                "value": "442",
                "value-units": "megawatthours"
            },
            {
                "period": "2022-01-29T16",
                "subba": "ZONI",
                "subba-name": "Dunwoodie - NYIS",
                "parent": "NYIS",
                "parent-name": "New York Independent System Operator",
                "value": "735",
                "value-units": "megawatthours"
            },
            {
                "period": "2022-01-29T16",
                "subba": "ZONJ",
                "subba-name": "New York City - NYIS",
                "parent": "NYIS",
                "parent-name": "New York Independent System Operator",
                "value": "6171",
                "value-units": "megawatthours"
            },
            {
                "period": "2022-01-29T16",
                "subba": "ZONK",
                "subba-name": "Long Island - NYIS",
                "parent": "NYIS",
                "parent-name": "New York Independent System Operator",
                "value": "2615",
                "value-units": "megawatthours"
            },
            {
                "period": "2022-01-29T15",
                "subba": "ZONA",
                "subba-name": "West - NYIS",
                "parent": "NYIS",
                "parent-name": "New York Independent System Operator",
                "value": "1827",
                "value-units": "megawatthours"
            },
            {
                "period": "2022-01-29T15",
                "subba": "ZONB",
                "subba-name": "Genesee - NYIS",
                "parent": "NYIS",
                "parent-name": "New York Independent System Operator",
                "value": "1342",
                "value-units": "megawatthours"
            },
            {
                "period": "2022-01-29T15",
                "subba": "ZONC",
                "subba-name": "Central - NYIS",
                "parent": "NYIS",
                "parent-name": "New York Independent System Operator",
                "value": "2331",
                "value-units": "megawatthours"
            },
            {
                "period": "2022-01-29T15",
                "subba": "ZOND",
                "subba-name": "North - NYIS",
                "parent": "NYIS",
                "parent-name": "New York Independent System Operator",
                "value": "810",
                "value-units": "megawatthours"
            },
            {
                "period": "2022-01-29T15",
                "subba": "ZONE",
                "subba-name": "Mohawk Valley - NYIS",
                "parent": "NYIS",
                "parent-name": "New York Independent System Operator",
                "value": "1187",
                "value-units": "megawatthours"
            },
            {
                "period": "2022-01-29T15",
                "subba": "ZONF",
                "subba-name": "Capital - NYIS",
                "parent": "NYIS",
                "parent-name": "New York Independent System Operator",
                "value": "1716",
                "value-units": "megawatthours"
            },
            {
                "period": "2022-01-29T15",
                "subba": "ZONG",
                "subba-name": "Hudson Valley - NYIS",
                "parent": "NYIS",
                "parent-name": "New York Independent System Operator",
                "value": "1348",
                "value-units": "megawatthours"
            },
            {
                "period": "2022-01-29T15",
                "subba": "ZONH",
                "subba-name": "Millwood - NYIS",
                "parent": "NYIS",
                "parent-name": "New York Independent System Operator",
                "value": "422",
                "value-units": "megawatthours"
            },
            {
                "period": "2022-01-29T15",
                "subba": "ZONI",
                "subba-name": "Dunwoodie - NYIS",
                "parent": "NYIS",
                "parent-name": "New York Independent System Operator",
                "value": "717",
                "value-units": "megawatthours"
            },
            {
                "period": "2022-01-29T15",
                "subba": "ZONJ",
                "subba-name": "New York City - NYIS",
                "parent": "NYIS",
                "parent-name": "New York Independent System Operator",
                "value": "5928",
                "value-units": "megawatthours"
            },
            {
                "period": "2022-01-29T15",
                "subba": "ZONK",
                "subba-name": "Long Island - NYIS",
                "parent": "NYIS",
                "parent-name": "New York Independent System Operator",
                "value": "2501",
                "value-units": "megawatthours"
            },
            {
                "period": "2022-01-29T14",
                "subba": "ZONA",
                "subba-name": "West - NYIS",
                "parent": "NYIS",
                "parent-name": "New York Independent System Operator",
                "value": "1789",
                "value-units": "megawatthours"
            },
            {
                "period": "2022-01-29T14",
                "subba": "ZONB",
                "subba-name": "Genesee - NYIS",
                "parent": "NYIS",
                "parent-name": "New York Independent System Operator",
                "value": "1293",
                "value-units": "megawatthours"
            },
            {
                "period": "2022-01-29T14",
                "subba": "ZONC",
                "subba-name": "Central - NYIS",
                "parent": "NYIS",
                "parent-name": "New York Independent System Operator",
                "value": "2288",
                "value-units": "megawatthours"
            },
            {
                "period": "2022-01-29T14",
                "subba": "ZOND",
                "subba-name": "North - NYIS",
                "parent": "NYIS",
                "parent-name": "New York Independent System Operator",
                "value": "806",
                "value-units": "megawatthours"
            },
            {
                "period": "2022-01-29T14",
                "subba": "ZONE",
                "subba-name": "Mohawk Valley - NYIS",
                "parent": "NYIS",
                "parent-name": "New York Independent System Operator",
                "value": "1155",
                "value-units": "megawatthours"
            },
            {
                "period": "2022-01-29T14",
                "subba": "ZONF",
                "subba-name": "Capital - NYIS",
                "parent": "NYIS",
                "parent-name": "New York Independent System Operator",
                "value": "1655",
                "value-units": "megawatthours"
            },
            {
                "period": "2022-01-29T14",
                "subba": "ZONG",
                "subba-name": "Hudson Valley - NYIS",
                "parent": "NYIS",
                "parent-name": "New York Independent System Operator",
                "value": "1282",
                "value-units": "megawatthours"
            },
            {
                "period": "2022-01-29T14",
                "subba": "ZONH",
                "subba-name": "Millwood - NYIS",
                "parent": "NYIS",
                "parent-name": "New York Independent System Operator",
                "value": "397",
                "value-units": "megawatthours"
            },
            {
                "period": "2022-01-29T14",
                "subba": "ZONI",
                "subba-name": "Dunwoodie - NYIS",
                "parent": "NYIS",
                "parent-name": "New York Independent System Operator",
                "value": "679",
                "value-units": "megawatthours"
            },
            {
                "period": "2022-01-29T14",
                "subba": "ZONJ",
                "subba-name": "New York City - NYIS",
                "parent": "NYIS",
                "parent-name": "New York Independent System Operator",
                "value": "5667",
                "value-units": "megawatthours"
            },
            {
                "period": "2022-01-29T14",
                "subba": "ZONK",
                "subba-name": "Long Island - NYIS",
                "parent": "NYIS",
                "parent-name": "New York Independent System Operator",
                "value": "2352",
                "value-units": "megawatthours"
            },
            {
                "period": "2022-01-29T13",
                "subba": "ZONA",
                "subba-name": "West - NYIS",
                "parent": "NYIS",
                "parent-name": "New York Independent System Operator",
                "value": "1743",
                "value-units": "megawatthours"
            },
            {
                "period": "2022-01-29T13",
                "subba": "ZONB",
                "subba-name": "Genesee - NYIS",
                "parent": "NYIS",
                "parent-name": "New York Independent System Operator",
                "value": "1240",
                "value-units": "megawatthours"
            },
            {
                "period": "2022-01-29T13",
                "subba": "ZONC",
                "subba-name": "Central - NYIS",
                "parent": "NYIS",
                "parent-name": "New York Independent System Operator",
                "value": "2208",
                "value-units": "megawatthours"
            },
            {
                "period": "2022-01-29T13",
                "subba": "ZOND",
                "subba-name": "North - NYIS",
                "parent": "NYIS",
                "parent-name": "New York Independent System Operator",
                "value": "793",
                "value-units": "megawatthours"
            },
            {
                "period": "2022-01-29T13",
                "subba": "ZONE",
                "subba-name": "Mohawk Valley - NYIS",
                "parent": "NYIS",
                "parent-name": "New York Independent System Operator",
                "value": "1111",
                "value-units": "megawatthours"
            },
            {
                "period": "2022-01-29T13",
                "subba": "ZONF",
                "subba-name": "Capital - NYIS",
                "parent": "NYIS",
                "parent-name": "New York Independent System Operator",
                "value": "1576",
                "value-units": "megawatthours"
            },
            {
                "period": "2022-01-29T13",
                "subba": "ZONG",
                "subba-name": "Hudson Valley - NYIS",
                "parent": "NYIS",
                "parent-name": "New York Independent System Operator",
                "value": "1228",
                "value-units": "megawatthours"
            },
            {
                "period": "2022-01-29T13",
                "subba": "ZONH",
                "subba-name": "Millwood - NYIS",
                "parent": "NYIS",
                "parent-name": "New York Independent System Operator",
                "value": "370",
                "value-units": "megawatthours"
            },
            {
                "period": "2022-01-29T13",
                "subba": "ZONI",
                "subba-name": "Dunwoodie - NYIS",
                "parent": "NYIS",
                "parent-name": "New York Independent System Operator",
                "value": "649",
                "value-units": "megawatthours"
            },
            {
                "period": "2022-01-29T13",
                "subba": "ZONJ",
                "subba-name": "New York City - NYIS",
                "parent": "NYIS",
                "parent-name": "New York Independent System Operator",
                "value": "5447",
                "value-units": "megawatthours"
            },
            {
                "period": "2022-01-29T13",
                "subba": "ZONK",
                "subba-name": "Long Island - NYIS",
                "parent": "NYIS",
                "parent-name": "New York Independent System Operator",
                "value": "2215",
                "value-units": "megawatthours"
            },
            {
                "period": "2022-01-29T12",
                "subba": "ZONA",
                "subba-name": "West - NYIS",
                "parent": "NYIS",
                "parent-name": "New York Independent System Operator",
                "value": "1687",
                "value-units": "megawatthours"
            },
            {
                "period": "2022-01-29T12",
                "subba": "ZONB",
                "subba-name": "Genesee - NYIS",
                "parent": "NYIS",
                "parent-name": "New York Independent System Operator",
                "value": "1176",
                "value-units": "megawatthours"
            },
            {
                "period": "2022-01-29T12",
                "subba": "ZONC",
                "subba-name": "Central - NYIS",
                "parent": "NYIS",
                "parent-name": "New York Independent System Operator",
                "value": "2120",
                "value-units": "megawatthours"
            },
            {
                "period": "2022-01-29T12",
                "subba": "ZOND",
                "subba-name": "North - NYIS",
                "parent": "NYIS",
                "parent-name": "New York Independent System Operator",
                "value": "781",
                "value-units": "megawatthours"
            },
            {
                "period": "2022-01-29T12",
                "subba": "ZONE",
                "subba-name": "Mohawk Valley - NYIS",
                "parent": "NYIS",
                "parent-name": "New York Independent System Operator",
                "value": "1061",
                "value-units": "megawatthours"
            },
            {
                "period": "2022-01-29T12",
                "subba": "ZONF",
                "subba-name": "Capital - NYIS",
                "parent": "NYIS",
                "parent-name": "New York Independent System Operator",
                "value": "1511",
                "value-units": "megawatthours"
            },
            {
                "period": "2022-01-29T12",
                "subba": "ZONG",
                "subba-name": "Hudson Valley - NYIS",
                "parent": "NYIS",
                "parent-name": "New York Independent System Operator",
                "value": "1176",
                "value-units": "megawatthours"
            },
            {
                "period": "2022-01-29T12",
                "subba": "ZONH",
                "subba-name": "Millwood - NYIS",
                "parent": "NYIS",
                "parent-name": "New York Independent System Operator",
                "value": "352",
                "value-units": "megawatthours"
            },
            {
                "period": "2022-01-29T12",
                "subba": "ZONI",
                "subba-name": "Dunwoodie - NYIS",
                "parent": "NYIS",
                "parent-name": "New York Independent System Operator",
                "value": "623",
                "value-units": "megawatthours"
            },
            {
                "period": "2022-01-29T12",
                "subba": "ZONJ",
                "subba-name": "New York City - NYIS",
                "parent": "NYIS",
                "parent-name": "New York Independent System Operator",
                "value": "5231",
                "value-units": "megawatthours"
            },
            {
                "period": "2022-01-29T12",
                "subba": "ZONK",
                "subba-name": "Long Island - NYIS",
                "parent": "NYIS",
                "parent-name": "New York Independent System Operator",
                "value": "2126",
                "value-units": "megawatthours"
            },
            {
                "period": "2022-01-29T11",
                "subba": "ZONA",
                "subba-name": "West - NYIS",
                "parent": "NYIS",
                "parent-name": "New York Independent System Operator",
                "value": "1636",
                "value-units": "megawatthours"
            },
            {
                "period": "2022-01-29T11",
                "subba": "ZONB",
                "subba-name": "Genesee - NYIS",
                "parent": "NYIS",
                "parent-name": "New York Independent System Operator",
                "value": "1122",
                "value-units": "megawatthours"
            },
            {
                "period": "2022-01-29T11",
                "subba": "ZONC",
                "subba-name": "Central - NYIS",
                "parent": "NYIS",
                "parent-name": "New York Independent System Operator",
                "value": "2037",
                "value-units": "megawatthours"
            },
            {
                "period": "2022-01-29T11",
                "subba": "ZOND",
                "subba-name": "North - NYIS",
                "parent": "NYIS",
                "parent-name": "New York Independent System Operator",
                "value": "786",
                "value-units": "megawatthours"
            },
            {
                "period": "2022-01-29T11",
                "subba": "ZONE",
                "subba-name": "Mohawk Valley - NYIS",
                "parent": "NYIS",
                "parent-name": "New York Independent System Operator",
                "value": "1012",
                "value-units": "megawatthours"
            },
            {
                "period": "2022-01-29T11",
                "subba": "ZONF",
                "subba-name": "Capital - NYIS",
                "parent": "NYIS",
                "parent-name": "New York Independent System Operator",
                "value": "1451",
                "value-units": "megawatthours"
            },
            {
                "period": "2022-01-29T11",
                "subba": "ZONG",
                "subba-name": "Hudson Valley - NYIS",
                "parent": "NYIS",
                "parent-name": "New York Independent System Operator",
                "value": "1136",
                "value-units": "megawatthours"
            },
            {
                "period": "2022-01-29T11",
                "subba": "ZONH",
                "subba-name": "Millwood - NYIS",
                "parent": "NYIS",
                "parent-name": "New York Independent System Operator",
                "value": "331",
                "value-units": "megawatthours"
            },
            {
                "period": "2022-01-29T11",
                "subba": "ZONI",
                "subba-name": "Dunwoodie - NYIS",
                "parent": "NYIS",
                "parent-name": "New York Independent System Operator",
                "value": "588",
                "value-units": "megawatthours"
            },
            {
                "period": "2022-01-29T11",
                "subba": "ZONJ",
                "subba-name": "New York City - NYIS",
                "parent": "NYIS",
                "parent-name": "New York Independent System Operator",
                "value": "5077",
                "value-units": "megawatthours"
            },
            {
                "period": "2022-01-29T11",
                "subba": "ZONK",
                "subba-name": "Long Island - NYIS",
                "parent": "NYIS",
                "parent-name": "New York Independent System Operator",
                "value": "2050",
                "value-units": "megawatthours"
            },
            {
                "period": "2022-01-29T10",
                "subba": "ZONA",
                "subba-name": "West - NYIS",
                "parent": "NYIS",
                "parent-name": "New York Independent System Operator",
                "value": "1612",
                "value-units": "megawatthours"
            },
            {
                "period": "2022-01-29T10",
                "subba": "ZONB",
                "subba-name": "Genesee - NYIS",
                "parent": "NYIS",
                "parent-name": "New York Independent System Operator",
                "value": "1094",
                "value-units": "megawatthours"
            },
            {
                "period": "2022-01-29T10",
                "subba": "ZONC",
                "subba-name": "Central - NYIS",
                "parent": "NYIS",
                "parent-name": "New York Independent System Operator",
                "value": "2005",
                "value-units": "megawatthours"
            },
            {
                "period": "2022-01-29T10",
                "subba": "ZOND",
                "subba-name": "North - NYIS",
                "parent": "NYIS",
                "parent-name": "New York Independent System Operator",
                "value": "780",
                "value-units": "megawatthours"
            },
            {
                "period": "2022-01-29T10",
                "subba": "ZONE",
                "subba-name": "Mohawk Valley - NYIS",
                "parent": "NYIS",
                "parent-name": "New York Independent System Operator",
                "value": "979",
                "value-units": "megawatthours"
            },
            {
                "period": "2022-01-29T10",
                "subba": "ZONF",
                "subba-name": "Capital - NYIS",
                "parent": "NYIS",
                "parent-name": "New York Independent System Operator",
                "value": "1419",
                "value-units": "megawatthours"
            },
            {
                "period": "2022-01-29T10",
                "subba": "ZONG",
                "subba-name": "Hudson Valley - NYIS",
                "parent": "NYIS",
                "parent-name": "New York Independent System Operator",
                "value": "1121",
                "value-units": "megawatthours"
            },
            {
                "period": "2022-01-29T10",
                "subba": "ZONH",
                "subba-name": "Millwood - NYIS",
                "parent": "NYIS",
                "parent-name": "New York Independent System Operator",
                "value": "319",
                "value-units": "megawatthours"
            },
            {
                "period": "2022-01-29T10",
                "subba": "ZONI",
                "subba-name": "Dunwoodie - NYIS",
                "parent": "NYIS",
                "parent-name": "New York Independent System Operator",
                "value": "575",
                "value-units": "megawatthours"
            },
            {
                "period": "2022-01-29T10",
                "subba": "ZONJ",
                "subba-name": "New York City - NYIS",
                "parent": "NYIS",
                "parent-name": "New York Independent System Operator",
                "value": "5002",
                "value-units": "megawatthours"
            },
            {
                "period": "2022-01-29T10",
                "subba": "ZONK",
                "subba-name": "Long Island - NYIS",
                "parent": "NYIS",
                "parent-name": "New York Independent System Operator",
                "value": "2005",
                "value-units": "megawatthours"
            },
            {
                "period": "2022-01-29T09",
                "subba": "ZONA",
                "subba-name": "West - NYIS",
                "parent": "NYIS",
                "parent-name": "New York Independent System Operator",
                "value": "1601",
                "value-units": "megawatthours"
            },
            {
                "period": "2022-01-29T09",
                "subba": "ZONB",
                "subba-name": "Genesee - NYIS",
                "parent": "NYIS",
                "parent-name": "New York Independent System Operator",
                "value": "1084",
                "value-units": "megawatthours"
            },
            {
                "period": "2022-01-29T09",
                "subba": "ZONC",
                "subba-name": "Central - NYIS",
                "parent": "NYIS",
                "parent-name": "New York Independent System Operator",
                "value": "1980",
                "value-units": "megawatthours"
            },
            {
                "period": "2022-01-29T09",
                "subba": "ZOND",
                "subba-name": "North - NYIS",
                "parent": "NYIS",
                "parent-name": "New York Independent System Operator",
                "value": "777",
                "value-units": "megawatthours"
            },
            {
                "period": "2022-01-29T09",
                "subba": "ZONE",
                "subba-name": "Mohawk Valley - NYIS",
                "parent": "NYIS",
                "parent-name": "New York Independent System Operator",
                "value": "975",
                "value-units": "megawatthours"
            },
            {
                "period": "2022-01-29T09",
                "subba": "ZONF",
                "subba-name": "Capital - NYIS",
                "parent": "NYIS",
                "parent-name": "New York Independent System Operator",
                "value": "1402",
                "value-units": "megawatthours"
            },
            {
                "period": "2022-01-29T09",
                "subba": "ZONG",
                "subba-name": "Hudson Valley - NYIS",
                "parent": "NYIS",
                "parent-name": "New York Independent System Operator",
                "value": "1101",
                "value-units": "megawatthours"
            },
            {
                "period": "2022-01-29T09",
                "subba": "ZONH",
                "subba-name": "Millwood - NYIS",
                "parent": "NYIS",
                "parent-name": "New York Independent System Operator",
                "value": "314",
                "value-units": "megawatthours"
            },
            {
                "period": "2022-01-29T09",
                "subba": "ZONI",
                "subba-name": "Dunwoodie - NYIS",
                "parent": "NYIS",
                "parent-name": "New York Independent System Operator",
                "value": "576",
                "value-units": "megawatthours"
            },
            {
                "period": "2022-01-29T09",
                "subba": "ZONJ",
                "subba-name": "New York City - NYIS",
                "parent": "NYIS",
                "parent-name": "New York Independent System Operator",
                "value": "4983",
                "value-units": "megawatthours"
            },
            {
                "period": "2022-01-29T09",
                "subba": "ZONK",
                "subba-name": "Long Island - NYIS",
                "parent": "NYIS",
                "parent-name": "New York Independent System Operator",
                "value": "1988",
                "value-units": "megawatthours"
            },
            {
                "period": "2022-01-29T08",
                "subba": "ZONA",
                "subba-name": "West - NYIS",
                "parent": "NYIS",
                "parent-name": "New York Independent System Operator",
                "value": "1610",
                "value-units": "megawatthours"
            },
            {
                "period": "2022-01-29T08",
                "subba": "ZONB",
                "subba-name": "Genesee - NYIS",
                "parent": "NYIS",
                "parent-name": "New York Independent System Operator",
                "value": "1089",
                "value-units": "megawatthours"
            },
            {
                "period": "2022-01-29T08",
                "subba": "ZONC",
                "subba-name": "Central - NYIS",
                "parent": "NYIS",
                "parent-name": "New York Independent System Operator",
                "value": "1977",
                "value-units": "megawatthours"
            },
            {
                "period": "2022-01-29T08",
                "subba": "ZOND",
                "subba-name": "North - NYIS",
                "parent": "NYIS",
                "parent-name": "New York Independent System Operator",
                "value": "780",
                "value-units": "megawatthours"
            },
            {
                "period": "2022-01-29T08",
                "subba": "ZONE",
                "subba-name": "Mohawk Valley - NYIS",
                "parent": "NYIS",
                "parent-name": "New York Independent System Operator",
                "value": "977",
                "value-units": "megawatthours"
            },
            {
                "period": "2022-01-29T08",
                "subba": "ZONF",
                "subba-name": "Capital - NYIS",
                "parent": "NYIS",
                "parent-name": "New York Independent System Operator",
                "value": "1402",
                "value-units": "megawatthours"
            },
            {
                "period": "2022-01-29T08",
                "subba": "ZONG",
                "subba-name": "Hudson Valley - NYIS",
                "parent": "NYIS",
                "parent-name": "New York Independent System Operator",
                "value": "1097",
                "value-units": "megawatthours"
            },
            {
                "period": "2022-01-29T08",
                "subba": "ZONH",
                "subba-name": "Millwood - NYIS",
                "parent": "NYIS",
                "parent-name": "New York Independent System Operator",
                "value": "311",
                "value-units": "megawatthours"
            },
            {
                "period": "2022-01-29T08",
                "subba": "ZONI",
                "subba-name": "Dunwoodie - NYIS",
                "parent": "NYIS",
                "parent-name": "New York Independent System Operator",
                "value": "580",
                "value-units": "megawatthours"
            },
            {
                "period": "2022-01-29T08",
                "subba": "ZONJ",
                "subba-name": "New York City - NYIS",
                "parent": "NYIS",
                "parent-name": "New York Independent System Operator",
                "value": "5022",
                "value-units": "megawatthours"
            },
            {
                "period": "2022-01-29T08",
                "subba": "ZONK",
                "subba-name": "Long Island - NYIS",
                "parent": "NYIS",
                "parent-name": "New York Independent System Operator",
                "value": "2003",
                "value-units": "megawatthours"
            },
            {
                "period": "2022-01-29T07",
                "subba": "ZONA",
                "subba-name": "West - NYIS",
                "parent": "NYIS",
                "parent-name": "New York Independent System Operator",
                "value": "1627",
                "value-units": "megawatthours"
            },
            {
                "period": "2022-01-29T07",
                "subba": "ZONB",
                "subba-name": "Genesee - NYIS",
                "parent": "NYIS",
                "parent-name": "New York Independent System Operator",
                "value": "1104",
                "value-units": "megawatthours"
            },
            {
                "period": "2022-01-29T07",
                "subba": "ZONC",
                "subba-name": "Central - NYIS",
                "parent": "NYIS",
                "parent-name": "New York Independent System Operator",
                "value": "1991",
                "value-units": "megawatthours"
            },
            {
                "period": "2022-01-29T07",
                "subba": "ZOND",
                "subba-name": "North - NYIS",
                "parent": "NYIS",
                "parent-name": "New York Independent System Operator",
                "value": "779",
                "value-units": "megawatthours"
            },
            {
                "period": "2022-01-29T07",
                "subba": "ZONE",
                "subba-name": "Mohawk Valley - NYIS",
                "parent": "NYIS",
                "parent-name": "New York Independent System Operator",
                "value": "980",
                "value-units": "megawatthours"
            },
            {
                "period": "2022-01-29T07",
                "subba": "ZONF",
                "subba-name": "Capital - NYIS",
                "parent": "NYIS",
                "parent-name": "New York Independent System Operator",
                "value": "1413",
                "value-units": "megawatthours"
            },
            {
                "period": "2022-01-29T07",
                "subba": "ZONG",
                "subba-name": "Hudson Valley - NYIS",
                "parent": "NYIS",
                "parent-name": "New York Independent System Operator",
                "value": "1106",
                "value-units": "megawatthours"
            },
            {
                "period": "2022-01-29T07",
                "subba": "ZONH",
                "subba-name": "Millwood - NYIS",
                "parent": "NYIS",
                "parent-name": "New York Independent System Operator",
                "value": "310",
                "value-units": "megawatthours"
            },
            {
                "period": "2022-01-29T07",
                "subba": "ZONI",
                "subba-name": "Dunwoodie - NYIS",
                "parent": "NYIS",
                "parent-name": "New York Independent System Operator",
                "value": "594",
                "value-units": "megawatthours"
            },
            {
                "period": "2022-01-29T07",
                "subba": "ZONJ",
                "subba-name": "New York City - NYIS",
                "parent": "NYIS",
                "parent-name": "New York Independent System Operator",
                "value": "5121",
                "value-units": "megawatthours"
            },
            {
                "period": "2022-01-29T07",
                "subba": "ZONK",
                "subba-name": "Long Island - NYIS",
                "parent": "NYIS",
                "parent-name": "New York Independent System Operator",
                "value": "2045",
                "value-units": "megawatthours"
            },
            {
                "period": "2022-01-29T06",
                "subba": "ZONA",
                "subba-name": "West - NYIS",
                "parent": "NYIS",
                "parent-name": "New York Independent System Operator",
                "value": "1661",
                "value-units": "megawatthours"
            },
            {
                "period": "2022-01-29T06",
                "subba": "ZONB",
                "subba-name": "Genesee - NYIS",
                "parent": "NYIS",
                "parent-name": "New York Independent System Operator",
                "value": "1130",
                "value-units": "megawatthours"
            },
            {
                "period": "2022-01-29T06",
                "subba": "ZONC",
                "subba-name": "Central - NYIS",
                "parent": "NYIS",
                "parent-name": "New York Independent System Operator",
                "value": "2007",
                "value-units": "megawatthours"
            },
            {
                "period": "2022-01-29T06",
                "subba": "ZOND",
                "subba-name": "North - NYIS",
                "parent": "NYIS",
                "parent-name": "New York Independent System Operator",
                "value": "780",
                "value-units": "megawatthours"
            },
            {
                "period": "2022-01-29T06",
                "subba": "ZONE",
                "subba-name": "Mohawk Valley - NYIS",
                "parent": "NYIS",
                "parent-name": "New York Independent System Operator",
                "value": "998",
                "value-units": "megawatthours"
            },
            {
                "period": "2022-01-29T06",
                "subba": "ZONF",
                "subba-name": "Capital - NYIS",
                "parent": "NYIS",
                "parent-name": "New York Independent System Operator",
                "value": "1437",
                "value-units": "megawatthours"
            },
            {
                "period": "2022-01-29T06",
                "subba": "ZONG",
                "subba-name": "Hudson Valley - NYIS",
                "parent": "NYIS",
                "parent-name": "New York Independent System Operator",
                "value": "1125",
                "value-units": "megawatthours"
            },
            {
                "period": "2022-01-29T06",
                "subba": "ZONH",
                "subba-name": "Millwood - NYIS",
                "parent": "NYIS",
                "parent-name": "New York Independent System Operator",
                "value": "312",
                "value-units": "megawatthours"
            },
            {
                "period": "2022-01-29T06",
                "subba": "ZONI",
                "subba-name": "Dunwoodie - NYIS",
                "parent": "NYIS",
                "parent-name": "New York Independent System Operator",
                "value": "604",
                "value-units": "megawatthours"
            },
            {
                "period": "2022-01-29T06",
                "subba": "ZONJ",
                "subba-name": "New York City - NYIS",
                "parent": "NYIS",
                "parent-name": "New York Independent System Operator",
                "value": "5279",
                "value-units": "megawatthours"
            },
            {
                "period": "2022-01-29T06",
                "subba": "ZONK",
                "subba-name": "Long Island - NYIS",
                "parent": "NYIS",
                "parent-name": "New York Independent System Operator",
                "value": "2136",
                "value-units": "megawatthours"
            },
            {
                "period": "2022-01-29T05",
                "subba": "ZONA",
                "subba-name": "West - NYIS",
                "parent": "NYIS",
                "parent-name": "New York Independent System Operator",
                "value": "1701",
                "value-units": "megawatthours"
            },
            {
                "period": "2022-01-29T05",
                "subba": "ZONB",
                "subba-name": "Genesee - NYIS",
                "parent": "NYIS",
                "parent-name": "New York Independent System Operator",
                "value": "1162",
                "value-units": "megawatthours"
            },
            {
                "period": "2022-01-29T05",
                "subba": "ZONC",
                "subba-name": "Central - NYIS",
                "parent": "NYIS",
                "parent-name": "New York Independent System Operator",
                "value": "2050",
                "value-units": "megawatthours"
            },
            {
                "period": "2022-01-29T05",
                "subba": "ZOND",
                "subba-name": "North - NYIS",
                "parent": "NYIS",
                "parent-name": "New York Independent System Operator",
                "value": "786",
                "value-units": "megawatthours"
            },
            {
                "period": "2022-01-29T05",
                "subba": "ZONE",
                "subba-name": "Mohawk Valley - NYIS",
                "parent": "NYIS",
                "parent-name": "New York Independent System Operator",
                "value": "1020",
                "value-units": "megawatthours"
            },
            {
                "period": "2022-01-29T05",
                "subba": "ZONF",
                "subba-name": "Capital - NYIS",
                "parent": "NYIS",
                "parent-name": "New York Independent System Operator",
                "value": "1478",
                "value-units": "megawatthours"
            },
            {
                "period": "2022-01-29T05",
                "subba": "ZONG",
                "subba-name": "Hudson Valley - NYIS",
                "parent": "NYIS",
                "parent-name": "New York Independent System Operator",
                "value": "1166",
                "value-units": "megawatthours"
            },
            {
                "period": "2022-01-29T05",
                "subba": "ZONH",
                "subba-name": "Millwood - NYIS",
                "parent": "NYIS",
                "parent-name": "New York Independent System Operator",
                "value": "328",
                "value-units": "megawatthours"
            },
            {
                "period": "2022-01-29T05",
                "subba": "ZONI",
                "subba-name": "Dunwoodie - NYIS",
                "parent": "NYIS",
                "parent-name": "New York Independent System Operator",
                "value": "628",
                "value-units": "megawatthours"
            },
            {
                "period": "2022-01-29T05",
                "subba": "ZONJ",
                "subba-name": "New York City - NYIS",
                "parent": "NYIS",
                "parent-name": "New York Independent System Operator",
                "value": "5513",
                "value-units": "megawatthours"
            },
            {
                "period": "2022-01-29T05",
                "subba": "ZONK",
                "subba-name": "Long Island - NYIS",
                "parent": "NYIS",
                "parent-name": "New York Independent System Operator",
                "value": "2243",
                "value-units": "megawatthours"
            },
            {
                "period": "2022-01-29T04",
                "subba": "ZONA",
                "subba-name": "West - NYIS",
                "parent": "NYIS",
                "parent-name": "New York Independent System Operator",
                "value": "1767",
                "value-units": "megawatthours"
            },
            {
                "period": "2022-01-29T04",
                "subba": "ZONB",
                "subba-name": "Genesee - NYIS",
                "parent": "NYIS",
                "parent-name": "New York Independent System Operator",
                "value": "1235",
                "value-units": "megawatthours"
            },
            {
                "period": "2022-01-29T04",
                "subba": "ZONC",
                "subba-name": "Central - NYIS",
                "parent": "NYIS",
                "parent-name": "New York Independent System Operator",
                "value": "2148",
                "value-units": "megawatthours"
            },
            {
                "period": "2022-01-29T04",
                "subba": "ZOND",
                "subba-name": "North - NYIS",
                "parent": "NYIS",
                "parent-name": "New York Independent System Operator",
                "value": "817",
                "value-units": "megawatthours"
            },
            {
                "period": "2022-01-29T04",
                "subba": "ZONE",
                "subba-name": "Mohawk Valley - NYIS",
                "parent": "NYIS",
                "parent-name": "New York Independent System Operator",
                "value": "1105",
                "value-units": "megawatthours"
            },
            {
                "period": "2022-01-29T04",
                "subba": "ZONF",
                "subba-name": "Capital - NYIS",
                "parent": "NYIS",
                "parent-name": "New York Independent System Operator",
                "value": "1547",
                "value-units": "megawatthours"
            },
            {
                "period": "2022-01-29T04",
                "subba": "ZONG",
                "subba-name": "Hudson Valley - NYIS",
                "parent": "NYIS",
                "parent-name": "New York Independent System Operator",
                "value": "1219",
                "value-units": "megawatthours"
            },
            {
                "period": "2022-01-29T04",
                "subba": "ZONH",
                "subba-name": "Millwood - NYIS",
                "parent": "NYIS",
                "parent-name": "New York Independent System Operator",
                "value": "351",
                "value-units": "megawatthours"
            },
            {
                "period": "2022-01-29T04",
                "subba": "ZONI",
                "subba-name": "Dunwoodie - NYIS",
                "parent": "NYIS",
                "parent-name": "New York Independent System Operator",
                "value": "671",
                "value-units": "megawatthours"
            },
            {
                "period": "2022-01-29T04",
                "subba": "ZONJ",
                "subba-name": "New York City - NYIS",
                "parent": "NYIS",
                "parent-name": "New York Independent System Operator",
                "value": "5800",
                "value-units": "megawatthours"
            },
            {
                "period": "2022-01-29T04",
                "subba": "ZONK",
                "subba-name": "Long Island - NYIS",
                "parent": "NYIS",
                "parent-name": "New York Independent System Operator",
                "value": "2378",
                "value-units": "megawatthours"
            },
            {
                "period": "2022-01-29T03",
                "subba": "ZONA",
                "subba-name": "West - NYIS",
                "parent": "NYIS",
                "parent-name": "New York Independent System Operator",
                "value": "1851",
                "value-units": "megawatthours"
            },
            {
                "period": "2022-01-29T03",
                "subba": "ZONB",
                "subba-name": "Genesee - NYIS",
                "parent": "NYIS",
                "parent-name": "New York Independent System Operator",
                "value": "1302",
                "value-units": "megawatthours"
            },
            {
                "period": "2022-01-29T03",
                "subba": "ZONC",
                "subba-name": "Central - NYIS",
                "parent": "NYIS",
                "parent-name": "New York Independent System Operator",
                "value": "2225",
                "value-units": "megawatthours"
            },
            {
                "period": "2022-01-29T03",
                "subba": "ZOND",
                "subba-name": "North - NYIS",
                "parent": "NYIS",
                "parent-name": "New York Independent System Operator",
                "value": "825",
                "value-units": "megawatthours"
            },
            {
                "period": "2022-01-29T03",
                "subba": "ZONE",
                "subba-name": "Mohawk Valley - NYIS",
                "parent": "NYIS",
                "parent-name": "New York Independent System Operator",
                "value": "1151",
                "value-units": "megawatthours"
            },
            {
                "period": "2022-01-29T03",
                "subba": "ZONF",
                "subba-name": "Capital - NYIS",
                "parent": "NYIS",
                "parent-name": "New York Independent System Operator",
                "value": "1611",
                "value-units": "megawatthours"
            },
            {
                "period": "2022-01-29T03",
                "subba": "ZONG",
                "subba-name": "Hudson Valley - NYIS",
                "parent": "NYIS",
                "parent-name": "New York Independent System Operator",
                "value": "1266",
                "value-units": "megawatthours"
            },
            {
                "period": "2022-01-29T03",
                "subba": "ZONH",
                "subba-name": "Millwood - NYIS",
                "parent": "NYIS",
                "parent-name": "New York Independent System Operator",
                "value": "377",
                "value-units": "megawatthours"
            },
            {
                "period": "2022-01-29T03",
                "subba": "ZONI",
                "subba-name": "Dunwoodie - NYIS",
                "parent": "NYIS",
                "parent-name": "New York Independent System Operator",
                "value": "710",
                "value-units": "megawatthours"
            },
            {
                "period": "2022-01-29T03",
                "subba": "ZONJ",
                "subba-name": "New York City - NYIS",
                "parent": "NYIS",
                "parent-name": "New York Independent System Operator",
                "value": "6030",
                "value-units": "megawatthours"
            },
            {
                "period": "2022-01-29T03",
                "subba": "ZONK",
                "subba-name": "Long Island - NYIS",
                "parent": "NYIS",
                "parent-name": "New York Independent System Operator",
                "value": "2516",
                "value-units": "megawatthours"
            },
            {
                "period": "2022-01-29T02",
                "subba": "ZONA",
                "subba-name": "West - NYIS",
                "parent": "NYIS",
                "parent-name": "New York Independent System Operator",
                "value": "1908",
                "value-units": "megawatthours"
            },
            {
                "period": "2022-01-29T02",
                "subba": "ZONB",
                "subba-name": "Genesee - NYIS",
                "parent": "NYIS",
                "parent-name": "New York Independent System Operator",
                "value": "1352",
                "value-units": "megawatthours"
            },
            {
                "period": "2022-01-29T02",
                "subba": "ZONC",
                "subba-name": "Central - NYIS",
                "parent": "NYIS",
                "parent-name": "New York Independent System Operator",
                "value": "2264",
                "value-units": "megawatthours"
            },
            {
                "period": "2022-01-29T02",
                "subba": "ZOND",
                "subba-name": "North - NYIS",
                "parent": "NYIS",
                "parent-name": "New York Independent System Operator",
                "value": "838",
                "value-units": "megawatthours"
            },
            {
                "period": "2022-01-29T02",
                "subba": "ZONE",
                "subba-name": "Mohawk Valley - NYIS",
                "parent": "NYIS",
                "parent-name": "New York Independent System Operator",
                "value": "1184",
                "value-units": "megawatthours"
            },
            {
                "period": "2022-01-29T02",
                "subba": "ZONF",
                "subba-name": "Capital - NYIS",
                "parent": "NYIS",
                "parent-name": "New York Independent System Operator",
                "value": "1662",
                "value-units": "megawatthours"
            },
            {
                "period": "2022-01-29T02",
                "subba": "ZONG",
                "subba-name": "Hudson Valley - NYIS",
                "parent": "NYIS",
                "parent-name": "New York Independent System Operator",
                "value": "1313",
                "value-units": "megawatthours"
            },
            {
                "period": "2022-01-29T02",
                "subba": "ZONH",
                "subba-name": "Millwood - NYIS",
                "parent": "NYIS",
                "parent-name": "New York Independent System Operator",
                "value": "393",
                "value-units": "megawatthours"
            },
            {
                "period": "2022-01-29T02",
                "subba": "ZONI",
                "subba-name": "Dunwoodie - NYIS",
                "parent": "NYIS",
                "parent-name": "New York Independent System Operator",
                "value": "740",
                "value-units": "megawatthours"
            },
            {
                "period": "2022-01-29T02",
                "subba": "ZONJ",
                "subba-name": "New York City - NYIS",
                "parent": "NYIS",
                "parent-name": "New York Independent System Operator",
                "value": "6220",
                "value-units": "megawatthours"
            },
            {
                "period": "2022-01-29T02",
                "subba": "ZONK",
                "subba-name": "Long Island - NYIS",
                "parent": "NYIS",
                "parent-name": "New York Independent System Operator",
                "value": "2631",
                "value-units": "megawatthours"
            },
            {
                "period": "2022-01-29T01",
                "subba": "ZONA",
                "subba-name": "West - NYIS",
                "parent": "NYIS",
                "parent-name": "New York Independent System Operator",
                "value": "1959",
                "value-units": "megawatthours"
            },
            {
                "period": "2022-01-29T01",
                "subba": "ZONB",
                "subba-name": "Genesee - NYIS",
                "parent": "NYIS",
                "parent-name": "New York Independent System Operator",
                "value": "1396",
                "value-units": "megawatthours"
            },
            {
                "period": "2022-01-29T01",
                "subba": "ZONC",
                "subba-name": "Central - NYIS",
                "parent": "NYIS",
                "parent-name": "New York Independent System Operator",
                "value": "2350",
                "value-units": "megawatthours"
            },
            {
                "period": "2022-01-29T01",
                "subba": "ZOND",
                "subba-name": "North - NYIS",
                "parent": "NYIS",
                "parent-name": "New York Independent System Operator",
                "value": "837",
                "value-units": "megawatthours"
            },
            {
                "period": "2022-01-29T01",
                "subba": "ZONE",
                "subba-name": "Mohawk Valley - NYIS",
                "parent": "NYIS",
                "parent-name": "New York Independent System Operator",
                "value": "1203",
                "value-units": "megawatthours"
            },
            {
                "period": "2022-01-29T01",
                "subba": "ZONF",
                "subba-name": "Capital - NYIS",
                "parent": "NYIS",
                "parent-name": "New York Independent System Operator",
                "value": "1701",
                "value-units": "megawatthours"
            },
            {
                "period": "2022-01-29T01",
                "subba": "ZONG",
                "subba-name": "Hudson Valley - NYIS",
                "parent": "NYIS",
                "parent-name": "New York Independent System Operator",
                "value": "1349",
                "value-units": "megawatthours"
            },
            {
                "period": "2022-01-29T01",
                "subba": "ZONH",
                "subba-name": "Millwood - NYIS",
                "parent": "NYIS",
                "parent-name": "New York Independent System Operator",
                "value": "409",
                "value-units": "megawatthours"
            },
            {
                "period": "2022-01-29T01",
                "subba": "ZONI",
                "subba-name": "Dunwoodie - NYIS",
                "parent": "NYIS",
                "parent-name": "New York Independent System Operator",
                "value": "771",
                "value-units": "megawatthours"
            },
            {
                "period": "2022-01-29T01",
                "subba": "ZONJ",
                "subba-name": "New York City - NYIS",
                "parent": "NYIS",
                "parent-name": "New York Independent System Operator",
                "value": "6398",
                "value-units": "megawatthours"
            },
            {
                "period": "2022-01-29T01",
                "subba": "ZONK",
                "subba-name": "Long Island - NYIS",
                "parent": "NYIS",
                "parent-name": "New York Independent System Operator",
                "value": "2714",
                "value-units": "megawatthours"
            },
            {
                "period": "2022-01-29T00",
                "subba": "ZONA",
                "subba-name": "West - NYIS",
                "parent": "NYIS",
                "parent-name": "New York Independent System Operator",
                "value": "1976",
                "value-units": "megawatthours"
            },
            {
                "period": "2022-01-29T00",
                "subba": "ZONB",
                "subba-name": "Genesee - NYIS",
                "parent": "NYIS",
                "parent-name": "New York Independent System Operator",
                "value": "1427",
                "value-units": "megawatthours"
            },
            {
                "period": "2022-01-29T00",
                "subba": "ZONC",
                "subba-name": "Central - NYIS",
                "parent": "NYIS",
                "parent-name": "New York Independent System Operator",
                "value": "2381",
                "value-units": "megawatthours"
            },
            {
                "period": "2022-01-29T00",
                "subba": "ZOND",
                "subba-name": "North - NYIS",
                "parent": "NYIS",
                "parent-name": "New York Independent System Operator",
                "value": "837",
                "value-units": "megawatthours"
            },
            {
                "period": "2022-01-29T00",
                "subba": "ZONE",
                "subba-name": "Mohawk Valley - NYIS",
                "parent": "NYIS",
                "parent-name": "New York Independent System Operator",
                "value": "1215",
                "value-units": "megawatthours"
            },
            {
                "period": "2022-01-29T00",
                "subba": "ZONF",
                "subba-name": "Capital - NYIS",
                "parent": "NYIS",
                "parent-name": "New York Independent System Operator",
                "value": "1734",
                "value-units": "megawatthours"
            },
            {
                "period": "2022-01-29T00",
                "subba": "ZONG",
                "subba-name": "Hudson Valley - NYIS",
                "parent": "NYIS",
                "parent-name": "New York Independent System Operator",
                "value": "1376",
                "value-units": "megawatthours"
            },
            {
                "period": "2022-01-29T00",
                "subba": "ZONH",
                "subba-name": "Millwood - NYIS",
                "parent": "NYIS",
                "parent-name": "New York Independent System Operator",
                "value": "419",
                "value-units": "megawatthours"
            },
            {
                "period": "2022-01-29T00",
                "subba": "ZONI",
                "subba-name": "Dunwoodie - NYIS",
                "parent": "NYIS",
                "parent-name": "New York Independent System Operator",
                "value": "780",
                "value-units": "megawatthours"
            },
            {
                "period": "2022-01-29T00",
                "subba": "ZONJ",
                "subba-name": "New York City - NYIS",
                "parent": "NYIS",
                "parent-name": "New York Independent System Operator",
                "value": "6558",
                "value-units": "megawatthours"
            },
            {
                "period": "2022-01-29T00",
                "subba": "ZONK",
                "subba-name": "Long Island - NYIS",
                "parent": "NYIS",
                "parent-name": "New York Independent System Operator",
                "value": "2789",
                "value-units": "megawatthours"
            }
        ],
        "description": "Hourly demand by balancing authority subregion.  \n    Source: Form EIA-930\n    Product: Hourly Electric Grid Monitor"
    },
    "request": {
        "command": "/v2/electricity/rto/region-sub-ba-data/data/",
        "params": {
            "frequency": "hourly",
            "data": [
                "value"
            ],
            "sort": [
                {
                    "column": "period",
                    "direction": "desc"
                }
            ],
            "facets": {
                "parent": [
                    "NYIS"
                ]
            },
            "offset": "0",
            "length": "5000",
            "start": "2022-01-29",
            "end": "2022-01-30",
            "api_key": "dqRq8VpXSoyUrCbrPhuYFxGl6Rul9kmVcRshZ98c"
        }
    },
    "apiVersion": "2.1.8",
    "ExcelAddInVersion": "2.1.0"
}