{
    "response": {
        "total": "275",
        "dateFormat": "YYYY-MM-DD\"T\"HH24",
        "frequency": "hourly",
        "data": [
            {
                "period": "2022-01-23T00",
                "subba": "ZONA",
                "subba-name": "West - NYIS",
                "parent": "NYIS",
                "parent-name": "New York Independent System Operator",
                "value": "1873",
                "value-units": "megawatthours"
            },
            {
                "period": "2022-01-23T00",
                "subba": "ZONB",
                "subba-name": "Genesee - NYIS",
                "parent": "NYIS",
                "parent-name": "New York Independent System Operator",
                "value": "1399",
                "value-units": "megawatthours"
            },
            {
                "period": "2022-01-23T00",
                "subba": "ZONC",
                "subba-name": "Central - NYIS",
                "parent": "NYIS",
                "parent-name": "New York Independent System Operator",
                "value": "2384",
                "value-units": "megawatthours"
            },
            {
                "period": "2022-01-23T00",
                "subba": "ZOND",
                "subba-name": "North - NYIS",
                "parent": "NYIS",
                "parent-name": "New York Independent System Operator",
                "value": "796",
                "value-units": "megawatthours"
            },
            {
                "period": "2022-01-23T00",
                "subba": "ZONE",
                "subba-name": "Mohawk Valley - NYIS",
                "parent": "NYIS",
                "parent-name": "New York Independent System Operator",
                "value": "1221",
                "value-units": "megawatthours"
            },
            {
                "period": "2022-01-23T00",
                "subba": "ZONF",
                "subba-name": "Capital - NYIS",
                "parent": "NYIS",
                "parent-name": "New York Independent System Operator",
                "value": "1778",
                "value-units": "megawatthours"
            },
            {
                "period": "2022-01-23T00",
                "subba": "ZONG",
                "subba-name": "Hudson Valley - NYIS",
                "parent": "NYIS",
                "parent-name": "New York Independent System Operator",
                "value": "1438",
                "value-units": "megawatthours"
            },
            {
                "period": "2022-01-23T00",
                "subba": "ZONH",
                "subba-name": "Millwood - NYIS",
                "parent": "NYIS",
                "parent-name": "New York Independent System Operator",
                "value": "459",
                "value-units": "megawatthours"
            },
            {
                "period": "2022-01-23T00",
                "subba": "ZONI",
                "subba-name": "Dunwoodie - NYIS",
                "parent": "NYIS",
                "parent-name": "New York Independent System Operator",
                "value": "777",
                "value-units": "megawatthours"
            },
            {
                "period": "2022-01-23T00",
                "subba": "ZONJ",
                "subba-name": "New York City - NYIS",
                "parent": "NYIS",
                "parent-name": "New York Independent System Operator",
                "value": "6311",
                "value-units": "megawatthours"
            },
            {
                "period": "2022-01-23T00",
                "subba": "ZONK",
                "subba-name": "Long Island - NYIS",
                "parent": "NYIS",
                "parent-name": "New York Independent System Operator",
                "value": "2741",
                "value-units": "megawatthours"
            },
            {
                "period": "2022-01-22T23",
                "subba": "ZONA",
                "subba-name": "West - NYIS",
                "parent": "NYIS",
                "parent-name": "New York Independent System Operator",
                "value": "1859",
                "value-units": "megawatthours"
            },
            {
                "period": "2022-01-22T23",
                "subba": "ZONB",
                "subba-name": "Genesee - NYIS",
                "parent": "NYIS",
                "parent-name": "New York Independent System Operator",
                "value": "1388",
                "value-units": "megawatthours"
            },
            {
                "period": "2022-01-22T23",
                "subba": "ZONC",
                "subba-name": "Central - NYIS",
                "parent": "NYIS",
                "parent-name": "New York Independent System Operator",
                "value": "2375",
                "value-units": "megawatthours"
            },
            {
                "period": "2022-01-22T23",
                "subba": "ZOND",
                "subba-name": "North - NYIS",
                "parent": "NYIS",
                "parent-name": "New York Independent System Operator",
                "value": "806",
                "value-units": "megawatthours"
            },
            {
                "period": "2022-01-22T23",
                "subba": "ZONE",
                "subba-name": "Mohawk Valley - NYIS",
                "parent": "NYIS",
                "parent-name": "New York Independent System Operator",
                "value": "1205",
                "value-units": "megawatthours"
            },
            {
                "period": "2022-01-22T23",
                "subba": "ZONF",
                "subba-name": "Capital - NYIS",
                "parent": "NYIS",
                "parent-name": "New York Independent System Operator",
                "value": "1779",
                "value-units": "megawatthours"
            },
            {
                "period": "2022-01-22T23",
                "subba": "ZONG",
                "subba-name": "Hudson Valley - NYIS",
                "parent": "NYIS",
                "parent-name": "New York Independent System Operator",
                "value": "1421",
                "value-units": "megawatthours"
            },
            {
                "period": "2022-01-22T23",
                "subba": "ZONH",
                "subba-name": "Millwood - NYIS",
                "parent": "NYIS",
                "parent-name": "New York Independent System Operator",
                "value": "461",
                "value-units": "megawatthours"
            },
            {
                "period": "2022-01-22T23",
                "subba": "ZONI",
                "subba-name": "Dunwoodie - NYIS",
                "parent": "NYIS",
                "parent-name": "New York Independent System Operator",
                "value": "762",
                "value-units": "megawatthours"
            },
            {
                "period": "2022-01-22T23",
                "subba": "ZONJ",
                "subba-name": "New York City - NYIS",
                "parent": "NYIS",
                "parent-name": "New York Independent System Operator",
                "value": "6288",
                "value-units": "megawatthours"
            },
            {
                "period": "2022-01-22T23",
                "subba": "ZONK",
                "subba-name": "Long Island - NYIS",
                "parent": "NYIS",
                "parent-name": "New York Independent System Operator",
                "value": "2704",
                "value-units": "megawatthours"
            },
            {
                "period": "2022-01-22T22",
                "subba": "ZONA",
                "subba-name": "West - NYIS",
                "parent": "NYIS",
                "parent-name": "New York Independent System Operator",
                "value": "1796",
                "value-units": "megawatthours"
            },
            {
                "period": "2022-01-22T22",
                "subba": "ZONB",
                "subba-name": "Genesee - NYIS",
                "parent": "NYIS",
                "parent-name": "New York Independent System Operator",
                "value": "1330",
                "value-units": "megawatthours"
            },
            {
                "period": "2022-01-22T22",
                "subba": "ZONC",
                "subba-name": "Central - NYIS",
                "parent": "NYIS",
                "parent-name": "New York Independent System Operator",
                "value": "2284",
                "value-units": "megawatthours"
            },
            {
                "period": "2022-01-22T22",
                "subba": "ZOND",
                "subba-name": "North - NYIS",
                "parent": "NYIS",
                "parent-name": "New York Independent System Operator",
                "value": "793",
                "value-units": "megawatthours"
            },
            {
                "period": "2022-01-22T22",
                "subba": "ZONE",
                "subba-name": "Mohawk Valley - NYIS",
                "parent": "NYIS",
                "parent-name": "New York Independent System Operator",
                "value": "1141",
                "value-units": "megawatthours"
            },
            {
                "period": "2022-01-22T22",
                "subba": "ZONF",
                "subba-name": "Capital - NYIS",
                "parent": "NYIS",
                "parent-name": "New York Independent System Operator",
                "value": "1684",
                "value-units": "megawatthours"
            },
            {
                "period": "2022-01-22T22",
                "subba": "ZONG",
                "subba-name": "Hudson Valley - NYIS",
                "parent": "NYIS",
                "parent-name": "New York Independent System Operator",
                "value": "1317",
                "value-units": "megawatthours"
            },
            {
                "period": "2022-01-22T22",
                "subba": "ZONH",
                "subba-name": "Millwood - NYIS",
                "parent": "NYIS",
                "parent-name": "New York Independent System Operator",
                "value": "434",
                "value-units": "megawatthours"
            },
            {
                "period": "2022-01-22T22",
                "subba": "ZONI",
                "subba-name": "Dunwoodie - NYIS",
                "parent": "NYIS",
                "parent-name": "New York Independent System Operator",
                "value": "714",
                "value-units": "megawatthours"
            },
            {
                "period": "2022-01-22T22",
                "subba": "ZONJ",
                "subba-name": "New York City - NYIS",
                "parent": "NYIS",
                "parent-name": "New York Independent System Operator",
                "value": "6125",
                "value-units": "megawatthours"
            },
            {
                "period": "2022-01-22T22",
                "subba": "ZONK",
                "subba-name": "Long Island - NYIS",
                "parent": "NYIS",
                "parent-name": "New York Independent System Operator",
                "value": "2490",
                "value-units": "megawatthours"
            },
            {
                "period": "2022-01-22T21",
                "subba": "ZONA",
                "subba-name": "West - NYIS",
                "parent": "NYIS",
                "parent-name": "New York Independent System Operator",
                "value": "1767",
                "value-units": "megawatthours"
            },
            {
                "period": "2022-01-22T21",
                "subba": "ZONB",
                "subba-name": "Genesee - NYIS",
                "parent": "NYIS",
                "parent-name": "New York Independent System Operator",
                "value": "1281",
                "value-units": "megawatthours"
            },
            {
                "period": "2022-01-22T21",
                "subba": "ZONC",
                "subba-name": "Central - NYIS",
                "parent": "NYIS",
                "parent-name": "New York Independent System Operator",
                "value": "2205",
                "value-units": "megawatthours"
            },
            {
                "period": "2022-01-22T21",
                "subba": "ZOND",
                "subba-name": "North - NYIS",
                "parent": "NYIS",
                "parent-name": "New York Independent System Operator",
                "value": "795",
                "value-units": "megawatthours"
            },
            {
                "period": "2022-01-22T21",
                "subba": "ZONE",
                "subba-name": "Mohawk Valley - NYIS",
                "parent": "NYIS",
                "parent-name": "New York Independent System Operator",
                "value": "1090",
                "value-units": "megawatthours"
            },
            {
                "period": "2022-01-22T21",
                "subba": "ZONF",
                "subba-name": "Capital - NYIS",
                "parent": "NYIS",
                "parent-name": "New York Independent System Operator",
                "value": "1605",
                "value-units": "megawatthours"
            },
            {
                "period": "2022-01-22T21",
                "subba": "ZONG",
                "subba-name": "Hudson Valley - NYIS",
                "parent": "NYIS",
                "parent-name": "New York Independent System Operator",
                "value": "1223",
                "value-units": "megawatthours"
            },
            {
                "period": "2022-01-22T21",
                "subba": "ZONH",
                "subba-name": "Millwood - NYIS",
                "parent": "NYIS",
                "parent-name": "New York Independent System Operator",
                "value": "415",
                "value-units": "megawatthours"
            },
            {
                "period": "2022-01-22T21",
                "subba": "ZONI",
                "subba-name": "Dunwoodie - NYIS",
                "parent": "NYIS",
                "parent-name": "New York Independent System Operator",
                "value": "694",
                "value-units": "megawatthours"
            },
            {
                "period": "2022-01-22T21",
                "subba": "ZONJ",
                "subba-name": "New York City - NYIS",
                "parent": "NYIS",
                "parent-name": "New York Independent System Operator",
                "value": "6050",
                "value-units": "megawatthours"
            },
            {
                "period": "2022-01-22T21",
                "subba": "ZONK",
                "subba-name": "Long Island - NYIS",
                "parent": "NYIS",
                "parent-name": "New York Independent System Operator",
                "value": "2304",
                "value-units": "megawatthours"
            },
            {
                "period": "2022-01-22T20",
                "subba": "ZONA",
                "subba-name": "West - NYIS",
                "parent": "NYIS",
                "parent-name": "New York Independent System Operator",
                "value": "1762",
                "value-units": "megawatthours"
            },
            {
                "period": "2022-01-22T20",
                "subba": "ZONB",
                "subba-name": "Genesee - NYIS",
                "parent": "NYIS",
                "parent-name": "New York Independent System Operator",
                "value": "1256",
                "value-units": "megawatthours"
            },
            {
                "period": "2022-01-22T20",
                "subba": "ZONC",
                "subba-name": "Central - NYIS",
                "parent": "NYIS",
                "parent-name": "New York Independent System Operator",
                "value": "2120",
                "value-units": "megawatthours"
            },
            {
                "period": "2022-01-22T20",
                "subba": "ZOND",
                "subba-name": "North - NYIS",
                "parent": "NYIS",
                "parent-name": "New York Independent System Operator",
                "value": "805",
                "value-units": "megawatthours"
            },
            {
                "period": "2022-01-22T20",
                "subba": "ZONE",
                "subba-name": "Mohawk Valley - NYIS",
                "parent": "NYIS",
                "parent-name": "New York Independent System Operator",
                "value": "1082",
                "value-units": "megawatthours"
            },
            {
                "period": "2022-01-22T20",
                "subba": "ZONF",
                "subba-name": "Capital - NYIS",
                "parent": "NYIS",
                "parent-name": "New York Independent System Operator",
                "value": "1518",
                "value-units": "megawatthours"
            },
            {
                "period": "2022-01-22T20",
                "subba": "ZONG",
                "subba-name": "Hudson Valley - NYIS",
                "parent": "NYIS",
                "parent-name": "New York Independent System Operator",
                "value": "1129",
                "value-units": "megawatthours"
            },
            {
                "period": "2022-01-22T20",
                "subba": "ZONH",
                "subba-name": "Millwood - NYIS",
                "parent": "NYIS",
                "parent-name": "New York Independent System Operator",
                "value": "408",
                "value-units": "megawatthours"
            },
            {
                "period": "2022-01-22T20",
                "subba": "ZONI",
                "subba-name": "Dunwoodie - NYIS",
                "parent": "NYIS",
                "parent-name": "New York Independent System Operator",
                "value": "691",
                "value-units": "megawatthours"
            },
            {
                "period": "2022-01-22T20",
                "subba": "ZONJ",
                "subba-name": "New York City - NYIS",
                "parent": "NYIS",
                "parent-name": "New York Independent System Operator",
                "value": "6045",
                "value-units": "megawatthours"
            },
            {
                "period": "2022-01-22T20",
                "subba": "ZONK",
                "subba-name": "Long Island - NYIS",
                "parent": "NYIS",
                "parent-name": "New York Independent System Operator",
                "value": "2183",
                "value-units": "megawatthours"
            },
            {
                "period": "2022-01-22T19",
                "subba": "ZONA",
                "subba-name": "West - NYIS",
                "parent": "NYIS",
                "parent-name": "New York Independent System Operator",
                "value": "1762",
                "value-units": "megawatthours"
            },
            {
                "period": "2022-01-22T19",
                "subba": "ZONB",
                "subba-name": "Genesee - NYIS",
                "parent": "NYIS",
                "parent-name": "New York Independent System Operator",
                "value": "1239",
                "value-units": "megawatthours"
            },
            {
                "period": "2022-01-22T19",
                "subba": "ZONC",
                "subba-name": "Central - NYIS",
                "parent": "NYIS",
                "parent-name": "New York Independent System Operator",
                "value": "2115",
                "value-units": "megawatthours"
            },
            {
                "period": "2022-01-22T19",
                "subba": "ZOND",
                "subba-name": "North - NYIS",
                "parent": "NYIS",
                "parent-name": "New York Independent System Operator",
                "value": "799",
                "value-units": "megawatthours"
            },
            {
                "period": "2022-01-22T19",
                "subba": "ZONE",
                "subba-name": "Mohawk Valley - NYIS",
                "parent": "NYIS",
                "parent-name": "New York Independent System Operator",
                "value": "1063",
                "value-units": "megawatthours"
            },
            {
                "period": "2022-01-22T19",
                "subba": "ZONF",
                "subba-name": "Capital - NYIS",
                "parent": "NYIS",
                "parent-name": "New York Independent System Operator",
                "value": "1478",
                "value-units": "megawatthours"
            },
            {
                "period": "2022-01-22T19",
                "subba": "ZONG",
                "subba-name": "Hudson Valley - NYIS",
                "parent": "NYIS",
                "parent-name": "New York Independent System Operator",
                "value": "1109",
                "value-units": "megawatthours"
            },
            {
                "period": "2022-01-22T19",
                "subba": "ZONH",
                "subba-name": "Millwood - NYIS",
                "parent": "NYIS",
                "parent-name": "New York Independent System Operator",
                "value": "411",
                "value-units": "megawatthours"
            },
            {
                "period": "2022-01-22T19",
                "subba": "ZONI",
                "subba-name": "Dunwoodie - NYIS",
                "parent": "NYIS",
                "parent-name": "New York Independent System Operator",
                "value": "693",
                "value-units": "megawatthours"
            },
            {
                "period": "2022-01-22T19",
                "subba": "ZONJ",
                "subba-name": "New York City - NYIS",
                "parent": "NYIS",
                "parent-name": "New York Independent System Operator",
                "value": "6072",
                "value-units": "megawatthours"
            },
            {
                "period": "2022-01-22T19",
                "subba": "ZONK",
                "subba-name": "Long Island - NYIS",
                "parent": "NYIS",
                "parent-name": "New York Independent System Operator",
                "value": "2148",
                "value-units": "megawatthours"
            },
            {
                "period": "2022-01-22T18",
                "subba": "ZONA",
                "subba-name": "West - NYIS",
                "parent": "NYIS",
                "parent-name": "New York Independent System Operator",
                "value": "1767",
                "value-units": "megawatthours"
            },
            {
                "period": "2022-01-22T18",
                "subba": "ZONB",
                "subba-name": "Genesee - NYIS",
                "parent": "NYIS",
                "parent-name": "New York Independent System Operator",
                "value": "1260",
                "value-units": "megawatthours"
            },
            {
                "period": "2022-01-22T18",
                "subba": "ZONC",
                "subba-name": "Central - NYIS",
                "parent": "NYIS",
                "parent-name": "New York Independent System Operator",
                "value": "2145",
                "value-units": "megawatthours"
            },
            {
                "period": "2022-01-22T18",
                "subba": "ZOND",
                "subba-name": "North - NYIS",
                "parent": "NYIS",
                "parent-name": "New York Independent System Operator",
                "value": "805",
                "value-units": "megawatthours"
            },
            {
                "period": "2022-01-22T18",
                "subba": "ZONE",
                "subba-name": "Mohawk Valley - NYIS",
                "parent": "NYIS",
                "parent-name": "New York Independent System Operator",
                "value": "1055",
                "value-units": "megawatthours"
            },
            {
                "period": "2022-01-22T18",
                "subba": "ZONF",
                "subba-name": "Capital - NYIS",
                "parent": "NYIS",
                "parent-name": "New York Independent System Operator",
                "value": "1494",
                "value-units": "megawatthours"
            },
            {
                "period": "2022-01-22T18",
                "subba": "ZONG",
                "subba-name": "Hudson Valley - NYIS",
                "parent": "NYIS",
                "parent-name": "New York Independent System Operator",
                "value": "1125",
                "value-units": "megawatthours"
            },
            {
                "period": "2022-01-22T18",
                "subba": "ZONH",
                "subba-name": "Millwood - NYIS",
                "parent": "NYIS",
                "parent-name": "New York Independent System Operator",
                "value": "426",
                "value-units": "megawatthours"
            },
            {
                "period": "2022-01-22T18",
                "subba": "ZONI",
                "subba-name": "Dunwoodie - NYIS",
                "parent": "NYIS",
                "parent-name": "New York Independent System Operator",
                "value": "704",
                "value-units": "megawatthours"
            },
            {
                "period": "2022-01-22T18",
                "subba": "ZONJ",
                "subba-name": "New York City - NYIS",
                "parent": "NYIS",
                "parent-name": "New York Independent System Operator",
                "value": "6128",
                "value-units": "megawatthours"
            },
            {
                "period": "2022-01-22T18",
                "subba": "ZONK",
                "subba-name": "Long Island - NYIS",
                "parent": "NYIS",
                "parent-name": "New York Independent System Operator",
                "value": "2176",
                "value-units": "megawatthours"
            },
            {
                "period": "2022-01-22T17",
                "subba": "ZONA",
                "subba-name": "West - NYIS",
                "parent": "NYIS",
                "parent-name": "New York Independent System Operator",
                "value": "1785",
                "value-units": "megawatthours"
            },
            {
                "period": "2022-01-22T17",
                "subba": "ZONB",
                "subba-name": "Genesee - NYIS",
                "parent": "NYIS",
                "parent-name": "New York Independent System Operator",
                "value": "1290",
                "value-units": "megawatthours"
            },
            {
                "period": "2022-01-22T17",
                "subba": "ZONC",
                "subba-name": "Central - NYIS",
                "parent": "NYIS",
                "parent-name": "New York Independent System Operator",
                "value": "2188",
                "value-units": "megawatthours"
            },
            {
                "period": "2022-01-22T17",
                "subba": "ZOND",
                "subba-name": "North - NYIS",
                "parent": "NYIS",
                "parent-name": "New York Independent System Operator",
                "value": "797",
                "value-units": "megawatthours"
            },
            {
                "period": "2022-01-22T17",
                "subba": "ZONE",
                "subba-name": "Mohawk Valley - NYIS",
                "parent": "NYIS",
                "parent-name": "New York Independent System Operator",
                "value": "1081",
                "value-units": "megawatthours"
            },
            {
                "period": "2022-01-22T17",
                "subba": "ZONF",
                "subba-name": "Capital - NYIS",
                "parent": "NYIS",
                "parent-name": "New York Independent System Operator",
                "value": "1525",
                "value-units": "megawatthours"
            },
            {
                "period": "2022-01-22T17",
                "subba": "ZONG",
                "subba-name": "Hudson Valley - NYIS",
                "parent": "NYIS",
                "parent-name": "New York Independent System Operator",
                "value": "1157",
                "value-units": "megawatthours"
            },
            {
                "period": "2022-01-22T17",
                "subba": "ZONH",
                "subba-name": "Millwood - NYIS",
                "parent": "NYIS",
                "parent-name": "New York Independent System Operator",
                "value": "441",
                "value-units": "megawatthours"
            },
            {
                "period": "2022-01-22T17",
                "subba": "ZONI",
                "subba-name": "Dunwoodie - NYIS",
                "parent": "NYIS",
                "parent-name": "New York Independent System Operator",
                "value": "712",
                "value-units": "megawatthours"
            },
            {
                "period": "2022-01-22T17",
                "subba": "ZONJ",
                "subba-name": "New York City - NYIS",
                "parent": "NYIS",
                "parent-name": "New York Independent System Operator",
                "value": "6149",
                "value-units": "megawatthours"
            },
            {
                "period": "2022-01-22T17",
                "subba": "ZONK",
                "subba-name": "Long Island - NYIS",
                "parent": "NYIS",
                "parent-name": "New York Independent System Operator",
                "value": "2230",
                "value-units": "megawatthours"
            },
            {
                "period": "2022-01-22T16",
                "subba": "ZONA",
                "subba-name": "West - NYIS",
                "parent": "NYIS",
                "parent-name": "New York Independent System Operator",
                "value": "1821",
                "value-units": "megawatthours"
            },
            {
                "period": "2022-01-22T16",
                "subba": "ZONB",
                "subba-name": "Genesee - NYIS",
                "parent": "NYIS",
                "parent-name": "New York Independent System Operator",
                "value": "1302",
                "value-units": "megawatthours"
            },
            {
                "period": "2022-01-22T16",
                "subba": "ZONC",
                "subba-name": "Central - NYIS",
                "parent": "NYIS",
                "parent-name": "New York Independent System Operator",
                "value": "2240",
                "value-units": "megawatthours"
            },
            {
                "period": "2022-01-22T16",
                "subba": "ZOND",
                "subba-name": "North - NYIS",
                "parent": "NYIS",
                "parent-name": "New York Independent System Operator",
                "value": "811",
                "value-units": "megawatthours"
            },
            {
                "period": "2022-01-22T16",
                "subba": "ZONE",
                "subba-name": "Mohawk Valley - NYIS",
                "parent": "NYIS",
                "parent-name": "New York Independent System Operator",
                "value": "1113",
                "value-units": "megawatthours"
            },
            {
                "period": "2022-01-22T16",
                "subba": "ZONF",
                "subba-name": "Capital - NYIS",
                "parent": "NYIS",
                "parent-name": "New York Independent System Operator",
                "value": "1570",
                "value-units": "megawatthours"
            },
            {
                "period": "2022-01-22T16",
                "subba": "ZONG",
                "subba-name": "Hudson Valley - NYIS",
                "parent": "NYIS",
                "parent-name": "New York Independent System Operator",
                "value": "1194",
                "value-units": "megawatthours"
            },
            {
                "period": "2022-01-22T16",
                "subba": "ZONH",
                "subba-name": "Millwood - NYIS",
                "parent": "NYIS",
                "parent-name": "New York Independent System Operator",
                "value": "455",
                "value-units": "megawatthours"
            },
            {
                "period": "2022-01-22T16",
                "subba": "ZONI",
                "subba-name": "Dunwoodie - NYIS",
                "parent": "NYIS",
                "parent-name": "New York Independent System Operator",
                "value": "719",
                "value-units": "megawatthours"
            },
            {
                "period": "2022-01-22T16",
                "subba": "ZONJ",
                "subba-name": "New York City - NYIS",
                "parent": "NYIS",
                "parent-name": "New York Independent System Operator",
                "value": "6103",
                "value-units": "megawatthours"
            },
            {
                "period": "2022-01-22T16",
                "subba": "ZONK",
                "subba-name": "Long Island - NYIS",
                "parent": "NYIS",
                "parent-name": "New York Independent System Operator",
                "value": "2295",
                "value-units": "megawatthours"
            },
            {
                "period": "2022-01-22T15",
                "subba": "ZONA",
                "subba-name": "West - NYIS",
                "parent": "NYIS",
                "parent-name": "New York Independent System Operator",
                "value": "1816",
                "value-units": "megawatthours"
            },
            {
                "period": "2022-01-22T15",
                "subba": "ZONB",
                "subba-name": "Genesee - NYIS",
                "parent": "NYIS",
                "parent-name": "New York Independent System Operator",
                "value": "1314",
                "value-units": "megawatthours"
            },
            {
                "period": "2022-01-22T15",
                "subba": "ZONC",
                "subba-name": "Central - NYIS",
                "parent": "NYIS",
                "parent-name": "New York Independent System Operator",
                "value": "2300",
                "value-units": "megawatthours"
            },
            {
                "period": "2022-01-22T15",
                "subba": "ZOND",
                "subba-name": "North - NYIS",
                "parent": "NYIS",
                "parent-name": "New York Independent System Operator",
                "value": "819",
                "value-units": "megawatthours"
            },
            {
                "period": "2022-01-22T15",
                "subba": "ZONE",
                "subba-name": "Mohawk Valley - NYIS",
                "parent": "NYIS",
                "parent-name": "New York Independent System Operator",
                "value": "1152",
                "value-units": "megawatthours"
            },
            {
                "period": "2022-01-22T15",
                "subba": "ZONF",
                "subba-name": "Capital - NYIS",
                "parent": "NYIS",
                "parent-name": "New York Independent System Operator",
                "value": "1628",
                "value-units": "megawatthours"
            },
            {
                "period": "2022-01-22T15",
                "subba": "ZONG",
                "subba-name": "Hudson Valley - NYIS",
                "parent": "NYIS",
                "parent-name": "New York Independent System Operator",
                "value": "1258",
                "value-units": "megawatthours"
            },
            {
                "period": "2022-01-22T15",
                "subba": "ZONH",
                "subba-name": "Millwood - NYIS",
                "parent": "NYIS",
                "parent-name": "New York Independent System Operator",
                "value": "464",
                "value-units": "megawatthours"
            },
            {
                "period": "2022-01-22T15",
                "subba": "ZONI",
                "subba-name": "Dunwoodie - NYIS",
                "parent": "NYIS",
                "parent-name": "New York Independent System Operator",
                "value": "712",
                "value-units": "megawatthours"
            },
            {
                "period": "2022-01-22T15",
                "subba": "ZONJ",
                "subba-name": "New York City - NYIS",
                "parent": "NYIS",
                "parent-name": "New York Independent System Operator",
                "value": "5997",
                "value-units": "megawatthours"
            },
            {
                "period": "2022-01-22T15",
                "subba": "ZONK",
                "subba-name": "Long Island - NYIS",
                "parent": "NYIS",
                "parent-name": "New York Independent System Operator",
                "value": "2361",
                "value-units": "megawatthours"
            },
            {
                "period": "2022-01-22T14",
                "subba": "ZONA",
                "subba-name": "West - NYIS",
                "parent": "NYIS",
                "parent-name": "New York Independent System Operator",
                "value": "1818",
                "value-units": "megawatthours"
            },
            {
                "period": "2022-01-22T14",
                "subba": "ZONB",
                "subba-name": "Genesee - NYIS",
                "parent": "NYIS",
                "parent-name": "New York Independent System Operator",
                "value": "1332",
                "value-units": "megawatthours"
            },
            {
                "period": "2022-01-22T14",
                "subba": "ZONC",
                "subba-name": "Central - NYIS",
                "parent": "NYIS",
                "parent-name": "New York Independent System Operator",
                "value": "2364",
                "value-units": "megawatthours"
            },
            {
                "period": "2022-01-22T14",
                "subba": "ZOND",
                "subba-name": "North - NYIS",
                "parent": "NYIS",
                "parent-name": "New York Independent System Operator",
                "value": "819",
                "value-units": "megawatthours"
            },
            {
                "period": "2022-01-22T14",
                "subba": "ZONE",
                "subba-name": "Mohawk Valley - NYIS",
                "parent": "NYIS",
                "parent-name": "New York Independent System Operator",
                "value": "1193",
                "value-units": "megawatthours"
            },
            {
                "period": "2022-01-22T14",
                "subba": "ZONF",
                "subba-name": "Capital - NYIS",
                "parent": "NYIS",
                "parent-name": "New York Independent System Operator",
                "value": "1681",
                "value-units": "megawatthours"
            },
            {
                "period": "2022-01-22T14",
                "subba": "ZONG",
                "subba-name": "Hudson Valley - NYIS",
                "parent": "NYIS",
                "parent-name": "New York Independent System Operator",
                "value": "1313",
                "value-units": "megawatthours"
            },
            {
                "period": "2022-01-22T14",
                "subba": "ZONH",
                "subba-name": "Millwood - NYIS",
                "parent": "NYIS",
                "parent-name": "New York Independent System Operator",
                "value": "467",
                "value-units": "megawatthours"
            },
            {
                "period": "2022-01-22T14",
                "subba": "ZONI",
                "subba-name": "Dunwoodie - NYIS",
                "parent": "NYIS",
                "parent-name": "New York Independent System Operator",
                "value": "704",
                "value-units": "megawatthours"
            },
            {
                "period": "2022-01-22T14",
                "subba": "ZONJ",
                "subba-name": "New York City - NYIS",
                "parent": "NYIS",
                "parent-name": "New York Independent System Operator",
                "value": "5842",
                "value-units": "megawatthours"
            },
            {
                "period": "2022-01-22T14",
                "subba": "ZONK",
                "subba-name": "Long Island - NYIS",
                "parent": "NYIS",
                "parent-name": "New York Independent System Operator",
                "value": "2412",
                "value-units": "megawatthours"
            },
            {
                "period": "2022-01-22T13",
                "subba": "ZONA",
                "subba-name": "West - NYIS",
                "parent": "NYIS",
                "parent-name": "New York Independent System Operator",
                "value": "1796",
                "value-units": "megawatthours"
            },
            {
                "period": "2022-01-22T13",
                "subba": "ZONB",
                "subba-name": "Genesee - NYIS",
                "parent": "NYIS",
                "parent-name": "New York Independent System Operator",
                "value": "1316",
                "value-units": "megawatthours"
            },
            {
                "period": "2022-01-22T13",
                "subba": "ZONC",
                "subba-name": "Central - NYIS",
                "parent": "NYIS",
                "parent-name": "New York Independent System Operator",
                "value": "2357",
                "value-units": "megawatthours"
            },
            {
                "period": "2022-01-22T13",
                "subba": "ZOND",
                "subba-name": "North - NYIS",
                "parent": "NYIS",
                "parent-name": "New York Independent System Operator",
                "value": "813",
                "value-units": "megawatthours"
            },
            {
                "period": "2022-01-22T13",
                "subba": "ZONE",
                "subba-name": "Mohawk Valley - NYIS",
                "parent": "NYIS",
                "parent-name": "New York Independent System Operator",
                "value": "1191",
                "value-units": "megawatthours"
            },
            {
                "period": "2022-01-22T13",
                "subba": "ZONF",
                "subba-name": "Capital - NYIS",
                "parent": "NYIS",
                "parent-name": "New York Independent System Operator",
                "value": "1664",
                "value-units": "megawatthours"
            },
            {
                "period": "2022-01-22T13",
                "subba": "ZONG",
                "subba-name": "Hudson Valley - NYIS",
                "parent": "NYIS",
                "parent-name": "New York Independent System Operator",
                "value": "1313",
                "value-units": "megawatthours"
            },
            {
                "period": "2022-01-22T13",
                "subba": "ZONH",
                "subba-name": "Millwood - NYIS",
                "parent": "NYIS",
                "parent-name": "New York Independent System Operator",
                "value": "455",
                "value-units": "megawatthours"
            },
            {
                "period": "2022-01-22T13",
                "subba": "ZONI",
                "subba-name": "Dunwoodie - NYIS",
                "parent": "NYIS",
                "parent-name": "New York Independent System Operator",
                "value": "680",
                "value-units": "megawatthours"
            },
            {
                "period": "2022-01-22T13",
                "subba": "ZONJ",
                "subba-name": "New York City - NYIS",
                "parent": "NYIS",
                "parent-name": "New York Independent System Operator",
                "value": "5665",
                "value-units": "megawatthours"
            },
            {
                "period": "2022-01-22T13",
                "subba": "ZONK",
                "subba-name": "Long Island - NYIS",
                "parent": "NYIS",
                "parent-name": "New York Independent System Operator",
                "value": "2385",
                "value-units": "megawatthours"
            },
            {
                "period": "2022-01-22T12",
                "subba": "ZONA",
                "subba-name": "West - NYIS",
                "parent": "NYIS",
                "parent-name": "New York Independent System Operator",
                "value": "1737",
                "value-units": "megawatthours"
            },
            {
                "period": "2022-01-22T12",
                "subba": "ZONB",
                "subba-name": "Genesee - NYIS",
                "parent": "NYIS",
                "parent-name": "New York Independent System Operator",
                "value": "1255",
                "value-units": "megawatthours"
            },
            {
                "period": "2022-01-22T12",
                "subba": "ZONC",
                "subba-name": "Central - NYIS",
                "parent": "NYIS",
                "parent-name": "New York Independent System Operator",
                "value": "2269",
                "value-units": "megawatthours"
            },
            {
                "period": "2022-01-22T12",
                "subba": "ZOND",
                "subba-name": "North - NYIS",
                "parent": "NYIS",
                "parent-name": "New York Independent System Operator",
                "value": "805",
                "value-units": "megawatthours"
            },
            {
                "period": "2022-01-22T12",
                "subba": "ZONE",
                "subba-name": "Mohawk Valley - NYIS",
                "parent": "NYIS",
                "parent-name": "New York Independent System Operator",
                "value": "1139",
                "value-units": "megawatthours"
            },
            {
                "period": "2022-01-22T12",
                "subba": "ZONF",
                "subba-name": "Capital - NYIS",
                "parent": "NYIS",
                "parent-name": "New York Independent System Operator",
                "value": "1597",
                "value-units": "megawatthours"
            },
            {
                "period": "2022-01-22T12",
                "subba": "ZONG",
                "subba-name": "Hudson Valley - NYIS",
                "parent": "NYIS",
                "parent-name": "New York Independent System Operator",
                "value": "1267",
                "value-units": "megawatthours"
            },
            {
                "period": "2022-01-22T12",
                "subba": "ZONH",
                "subba-name": "Millwood - NYIS",
                "parent": "NYIS",
                "parent-name": "New York Independent System Operator",
                "value": "429",
                "value-units": "megawatthours"
            },
            {
                "period": "2022-01-22T12",
                "subba": "ZONI",
                "subba-name": "Dunwoodie - NYIS",
                "parent": "NYIS",
                "parent-name": "New York Independent System Operator",
                "value": "647",
                "value-units": "megawatthours"
            },
            {
                "period": "2022-01-22T12",
                "subba": "ZONJ",
                "subba-name": "New York City - NYIS",
                "parent": "NYIS",
                "parent-name": "New York Independent System Operator",
                "value": "5470",
                "value-units": "megawatthours"
            },
            {
                "period": "2022-01-22T12",
                "subba": "ZONK",
                "subba-name": "Long Island - NYIS",
                "parent": "NYIS",
                "parent-name": "New York Independent System Operator",
                "value": "2291",
                "value-units": "megawatthours"
            },
            {
                "period": "2022-01-22T11",
                "subba": "ZONA",
                "subba-name": "West - NYIS",
                "parent": "NYIS",
                "parent-name": "New York Independent System Operator",
                "value": "1688",
                "value-units": "megawatthours"
            },
            {
                "period": "2022-01-22T11",
                "subba": "ZONB",
                "subba-name": "Genesee - NYIS",
                "parent": "NYIS",
                "parent-name": "New York Independent System Operator",
                "value": "1196",
                "value-units": "megawatthours"
            },
            {
                "period": "2022-01-22T11",
                "subba": "ZONC",
                "subba-name": "Central - NYIS",
                "parent": "NYIS",
                "parent-name": "New York Independent System Operator",
                "value": "2180",
                "value-units": "megawatthours"
            },
            {
                "period": "2022-01-22T11",
                "subba": "ZOND",
                "subba-name": "North - NYIS",
                "parent": "NYIS",
                "parent-name": "New York Independent System Operator",
                "value": "803",
                "value-units": "megawatthours"
            },
            {
                "period": "2022-01-22T11",
                "subba": "ZONE",
                "subba-name": "Mohawk Valley - NYIS",
                "parent": "NYIS",
                "parent-name": "New York Independent System Operator",
                "value": "1093",
                "value-units": "megawatthours"
            },
            {
                "period": "2022-01-22T11",
                "subba": "ZONF",
                "subba-name": "Capital - NYIS",
                "parent": "NYIS",
                "parent-name": "New York Independent System Operator",
                "value": "1546",
                "value-units": "megawatthours"
            },
            {
                "period": "2022-01-22T11",
                "subba": "ZONG",
                "subba-name": "Hudson Valley - NYIS",
                "parent": "NYIS",
                "parent-name": "New York Independent System Operator",
                "value": "1226",
                "value-units": "megawatthours"
            },
            {
                "period": "2022-01-22T11",
                "subba": "ZONH",
                "subba-name": "Millwood - NYIS",
                "parent": "NYIS",
                "parent-name": "New York Independent System Operator",
                "value": "415",
                "value-units": "megawatthours"
            },
            {
                "period": "2022-01-22T11",
                "subba": "ZONI",
                "subba-name": "Dunwoodie - NYIS",
                "parent": "NYIS",
                "parent-name": "New York Independent System Operator",
                "value": "632",
                "value-units": "megawatthours"
            },
            {
                "period": "2022-01-22T11",
                "subba": "ZONJ",
                "subba-name": "New York City - NYIS",
                "parent": "NYIS",
                "parent-name": "New York Independent System Operator",
                "value": "5271",
                "value-units": "megawatthours"
            },
            {
                "period": "2022-01-22T11",
                "subba": "ZONK",
                "subba-name": "Long Island - NYIS",
                "parent": "NYIS",
                "parent-name": "New York Independent System Operator",
                "value": "2194",
                "value-units": "megawatthours"
            },
            {
                "period": "2022-01-22T10",
                "subba": "ZONA",
                "subba-name": "West - NYIS",
                "parent": "NYIS",
                "parent-name": "New York Independent System Operator",
                "value": "1652",
                "value-units": "megawatthours"
            },
            {
                "period": "2022-01-22T10",
                "subba": "ZONB",
                "subba-name": "Genesee - NYIS",
                "parent": "NYIS",
                "parent-name": "New York Independent System Operator",
                "value": "1168",
                "value-units": "megawatthours"
            },
            {
                "period": "2022-01-22T10",
                "subba": "ZONC",
                "subba-name": "Central - NYIS",
                "parent": "NYIS",
                "parent-name": "New York Independent System Operator",
                "value": "2141",
                "value-units": "megawatthours"
            },
            {
                "period": "2022-01-22T10",
                "subba": "ZOND",
                "subba-name": "North - NYIS",
                "parent": "NYIS",
                "parent-name": "New York Independent System Operator",
                "value": "803",
                "value-units": "megawatthours"
            },
            {
                "period": "2022-01-22T10",
                "subba": "ZONE",
                "subba-name": "Mohawk Valley - NYIS",
                "parent": "NYIS",
                "parent-name": "New York Independent System Operator",
                "value": "1070",
                "value-units": "megawatthours"
            },
            {
                "period": "2022-01-22T10",
                "subba": "ZONF",
                "subba-name": "Capital - NYIS",
                "parent": "NYIS",
                "parent-name": "New York Independent System Operator",
                "value": "1513",
                "value-units": "megawatthours"
            },
            {
                "period": "2022-01-22T10",
                "subba": "ZONG",
                "subba-name": "Hudson Valley - NYIS",
                "parent": "NYIS",
                "parent-name": "New York Independent System Operator",
                "value": "1198",
                "value-units": "megawatthours"
            },
            {
                "period": "2022-01-22T10",
                "subba": "ZONH",
                "subba-name": "Millwood - NYIS",
                "parent": "NYIS",
                "parent-name": "New York Independent System Operator",
                "value": "406",
                "value-units": "megawatthours"
            },
            {
                "period": "2022-01-22T10",
                "subba": "ZONI",
                "subba-name": "Dunwoodie - NYIS",
                "parent": "NYIS",
                "parent-name": "New York Independent System Operator",
                "value": "622",
                "value-units": "megawatthours"
            },
            {
                "period": "2022-01-22T10",
                "subba": "ZONJ",
                "subba-name": "New York City - NYIS",
                "parent": "NYIS",
                "parent-name": "New York Independent System Operator",
                "value": "5183",
                "value-units": "megawatthours"
            },
            {
                "period": "2022-01-22T10",
                "subba": "ZONK",
                "subba-name": "Long Island - NYIS",
                "parent": "NYIS",
                "parent-name": "New York Independent System Operator",
                "value": "2146",
                "value-units": "megawatthours"
            },
            {
                "period": "2022-01-22T09",
                "subba": "ZONA",
                "subba-name": "West - NYIS",
                "parent": "NYIS",
                "parent-name": "New York Independent System Operator",
                "value": "1637",
                "value-units": "megawatthours"
            },
            {
                "period": "2022-01-22T09",
                "subba": "ZONB",
                "subba-name": "Genesee - NYIS",
                "parent": "NYIS",
                "parent-name": "New York Independent System Operator",
                "value": "1157",
                "value-units": "megawatthours"
            },
            {
                "period": "2022-01-22T09",
                "subba": "ZONC",
                "subba-name": "Central - NYIS",
                "parent": "NYIS",
                "parent-name": "New York Independent System Operator",
                "value": "2106",
                "value-units": "megawatthours"
            },
            {
                "period": "2022-01-22T09",
                "subba": "ZOND",
                "subba-name": "North - NYIS",
                "parent": "NYIS",
                "parent-name": "New York Independent System Operator",
                "value": "800",
                "value-units": "megawatthours"
            },
            {
                "period": "2022-01-22T09",
                "subba": "ZONE",
                "subba-name": "Mohawk Valley - NYIS",
                "parent": "NYIS",
                "parent-name": "New York Independent System Operator",
                "value": "1061",
                "value-units": "megawatthours"
            },
            {
                "period": "2022-01-22T09",
                "subba": "ZONF",
                "subba-name": "Capital - NYIS",
                "parent": "NYIS",
                "parent-name": "New York Independent System Operator",
                "value": "1497",
                "value-units": "megawatthours"
            },
            {
                "period": "2022-01-22T09",
                "subba": "ZONG",
                "subba-name": "Hudson Valley - NYIS",
                "parent": "NYIS",
                "parent-name": "New York Independent System Operator",
                "value": "1194",
                "value-units": "megawatthours"
            },
            {
                "period": "2022-01-22T09",
                "subba": "ZONH",
                "subba-name": "Millwood - NYIS",
                "parent": "NYIS",
                "parent-name": "New York Independent System Operator",
                "value": "393",
                "value-units": "megawatthours"
            },
            {
                "period": "2022-01-22T09",
                "subba": "ZONI",
                "subba-name": "Dunwoodie - NYIS",
                "parent": "NYIS",
                "parent-name": "New York Independent System Operator",
                "value": "617",
                "value-units": "megawatthours"
            },
            {
                "period": "2022-01-22T09",
                "subba": "ZONJ",
                "subba-name": "New York City - NYIS",
                "parent": "NYIS",
                "parent-name": "New York Independent System Operator",
                "value": "5201",
                "value-units": "megawatthours"
            },
            {
                "period": "2022-01-22T09",
                "subba": "ZONK",
                "subba-name": "Long Island - NYIS",
                "parent": "NYIS",
                "parent-name": "New York Independent System Operator",
                "value": "2135",
                "value-units": "megawatthours"
            },
            {
                "period": "2022-01-22T08",
                "subba": "ZONA",
                "subba-name": "West - NYIS",
                "parent": "NYIS",
                "parent-name": "New York Independent System Operator",
                "value": "1642",
                "value-units": "megawatthours"
            },
            {
                "period": "2022-01-22T08",
                "subba": "ZONB",
                "subba-name": "Genesee - NYIS",
                "parent": "NYIS",
                "parent-name": "New York Independent System Operator",
                "value": "1155",
                "value-units": "megawatthours"
            },
            {
                "period": "2022-01-22T08",
                "subba": "ZONC",
                "subba-name": "Central - NYIS",
                "parent": "NYIS",
                "parent-name": "New York Independent System Operator",
                "value": "2104",
                "value-units": "megawatthours"
            },
            {
                "period": "2022-01-22T08",
                "subba": "ZOND",
                "subba-name": "North - NYIS",
                "parent": "NYIS",
                "parent-name": "New York Independent System Operator",
                "value": "807",
                "value-units": "megawatthours"
            },
            {
                "period": "2022-01-22T08",
                "subba": "ZONE",
                "subba-name": "Mohawk Valley - NYIS",
                "parent": "NYIS",
                "parent-name": "New York Independent System Operator",
                "value": "1059",
                "value-units": "megawatthours"
            },
            {
                "period": "2022-01-22T08",
                "subba": "ZONF",
                "subba-name": "Capital - NYIS",
                "parent": "NYIS",
                "parent-name": "New York Independent System Operator",
                "value": "1491",
                "value-units": "megawatthours"
            },
            {
                "period": "2022-01-22T08",
                "subba": "ZONG",
                "subba-name": "Hudson Valley - NYIS",
                "parent": "NYIS",
                "parent-name": "New York Independent System Operator",
                "value": "1192",
                "value-units": "megawatthours"
            },
            {
                "period": "2022-01-22T08",
                "subba": "ZONH",
                "subba-name": "Millwood - NYIS",
                "parent": "NYIS",
                "parent-name": "New York Independent System Operator",
                "value": "396",
                "value-units": "megawatthours"
            },
            {
                "period": "2022-01-22T08",
                "subba": "ZONI",
                "subba-name": "Dunwoodie - NYIS",
                "parent": "NYIS",
                "parent-name": "New York Independent System Operator",
                "value": "624",
                "value-units": "megawatthours"
            },
            {
                "period": "2022-01-22T08",
                "subba": "ZONJ",
                "subba-name": "New York City - NYIS",
                "parent": "NYIS",
                "parent-name": "New York Independent System Operator",
                "value": "5292",
                "value-units": "megawatthours"
            },
            {
                "period": "2022-01-22T08",
                "subba": "ZONK",
                "subba-name": "Long Island - NYIS",
                "parent": "NYIS",
                "parent-name": "New York Independent System Operator",
                "value": "2148",
                "value-units": "megawatthours"
            },
            {
                "period": "2022-01-22T07",
                "subba": "ZONA",
                "subba-name": "West - NYIS",
                "parent": "NYIS",
                "parent-name": "New York Independent System Operator",
                "value": "1669",
                "value-units": "megawatthours"
            },
            {
                "period": "2022-01-22T07",
                "subba": "ZONB",
                "subba-name": "Genesee - NYIS",
                "parent": "NYIS",
                "parent-name": "New York Independent System Operator",
                "value": "1178",
                "value-units": "megawatthours"
            },
            {
                "period": "2022-01-22T07",
                "subba": "ZONC",
                "subba-name": "Central - NYIS",
                "parent": "NYIS",
                "parent-name": "New York Independent System Operator",
                "value": "2123",
                "value-units": "megawatthours"
            },
            {
                "period": "2022-01-22T07",
                "subba": "ZOND",
                "subba-name": "North - NYIS",
                "parent": "NYIS",
                "parent-name": "New York Independent System Operator",
                "value": "817",
                "value-units": "megawatthours"
            },
            {
                "period": "2022-01-22T07",
                "subba": "ZONE",
                "subba-name": "Mohawk Valley - NYIS",
                "parent": "NYIS",
                "parent-name": "New York Independent System Operator",
                "value": "1079",
                "value-units": "megawatthours"
            },
            {
                "period": "2022-01-22T07",
                "subba": "ZONF",
                "subba-name": "Capital - NYIS",
                "parent": "NYIS",
                "parent-name": "New York Independent System Operator",
                "value": "1505",
                "value-units": "megawatthours"
            },
            {
                "period": "2022-01-22T07",
                "subba": "ZONG",
                "subba-name": "Hudson Valley - NYIS",
                "parent": "NYIS",
                "parent-name": "New York Independent System Operator",
                "value": "1204",
                "value-units": "megawatthours"
            },
            {
                "period": "2022-01-22T07",
                "subba": "ZONH",
                "subba-name": "Millwood - NYIS",
                "parent": "NYIS",
                "parent-name": "New York Independent System Operator",
                "value": "393",
                "value-units": "megawatthours"
            },
            {
                "period": "2022-01-22T07",
                "subba": "ZONI",
                "subba-name": "Dunwoodie - NYIS",
                "parent": "NYIS",
                "parent-name": "New York Independent System Operator",
                "value": "634",
                "value-units": "megawatthours"
            },
            {
                "period": "2022-01-22T07",
                "subba": "ZONJ",
                "subba-name": "New York City - NYIS",
                "parent": "NYIS",
                "parent-name": "New York Independent System Operator",
                "value": "5401",
                "value-units": "megawatthours"
            },
            {
                "period": "2022-01-22T07",
                "subba": "ZONK",
                "subba-name": "Long Island - NYIS",
                "parent": "NYIS",
                "parent-name": "New York Independent System Operator",
                "value": "2191",
                "value-units": "megawatthours"
            },
            {
                "period": "2022-01-22T06",
                "subba": "ZONA",
                "subba-name": "West - NYIS",
                "parent": "NYIS",
                "parent-name": "New York Independent System Operator",
                "value": "1699",
                "value-units": "megawatthours"
            },
            {
                "period": "2022-01-22T06",
                "subba": "ZONB",
                "subba-name": "Genesee - NYIS",
                "parent": "NYIS",
                "parent-name": "New York Independent System Operator",
                "value": "1205",
                "value-units": "megawatthours"
            },
            {
                "period": "2022-01-22T06",
                "subba": "ZONC",
                "subba-name": "Central - NYIS",
                "parent": "NYIS",
                "parent-name": "New York Independent System Operator",
                "value": "2110",
                "value-units": "megawatthours"
            },
            {
                "period": "2022-01-22T06",
                "subba": "ZOND",
                "subba-name": "North - NYIS",
                "parent": "NYIS",
                "parent-name": "New York Independent System Operator",
                "value": "798",
                "value-units": "megawatthours"
            },
            {
                "period": "2022-01-22T06",
                "subba": "ZONE",
                "subba-name": "Mohawk Valley - NYIS",
                "parent": "NYIS",
                "parent-name": "New York Independent System Operator",
                "value": "1091",
                "value-units": "megawatthours"
            },
            {
                "period": "2022-01-22T06",
                "subba": "ZONF",
                "subba-name": "Capital - NYIS",
                "parent": "NYIS",
                "parent-name": "New York Independent System Operator",
                "value": "1534",
                "value-units": "megawatthours"
            },
            {
                "period": "2022-01-22T06",
                "subba": "ZONG",
                "subba-name": "Hudson Valley - NYIS",
                "parent": "NYIS",
                "parent-name": "New York Independent System Operator",
                "value": "1222",
                "value-units": "megawatthours"
            },
            {
                "period": "2022-01-22T06",
                "subba": "ZONH",
                "subba-name": "Millwood - NYIS",
                "parent": "NYIS",
                "parent-name": "New York Independent System Operator",
                "value": "402",
                "value-units": "megawatthours"
            },
            {
                "period": "2022-01-22T06",
                "subba": "ZONI",
                "subba-name": "Dunwoodie - NYIS",
                "parent": "NYIS",
                "parent-name": "New York Independent System Operator",
                "value": "654",
                "value-units": "megawatthours"
            },
            {
                "period": "2022-01-22T06",
                "subba": "ZONJ",
                "subba-name": "New York City - NYIS",
                "parent": "NYIS",
                "parent-name": "New York Independent System Operator",
                "value": "5584",
                "value-units": "megawatthours"
            },
            {
                "period": "2022-01-22T06",
                "subba": "ZONK",
                "subba-name": "Long Island - NYIS",
                "parent": "NYIS",
                "parent-name": "New York Independent System Operator",
                "value": "2273",
                "value-units": "megawatthours"
            },
            {
                "period": "2022-01-22T05",
                "subba": "ZONA",
                "subba-name": "West - NYIS",
                "parent": "NYIS",
                "parent-name": "New York Independent System Operator",
                "value": "1757",
                "value-units": "megawatthours"
            },
            {
                "period": "2022-01-22T05",
                "subba": "ZONB",
                "subba-name": "Genesee - NYIS",
                "parent": "NYIS",
                "parent-name": "New York Independent System Operator",
                "value": "1240",
                "value-units": "megawatthours"
            },
            {
                "period": "2022-01-22T05",
                "subba": "ZONC",
                "subba-name": "Central - NYIS",
                "parent": "NYIS",
                "parent-name": "New York Independent System Operator",
                "value": "2175",
                "value-units": "megawatthours"
            },
            {
                "period": "2022-01-22T05",
                "subba": "ZOND",
                "subba-name": "North - NYIS",
                "parent": "NYIS",
                "parent-name": "New York Independent System Operator",
                "value": "816",
                "value-units": "megawatthours"
            },
            {
                "period": "2022-01-22T05",
                "subba": "ZONE",
                "subba-name": "Mohawk Valley - NYIS",
                "parent": "NYIS",
                "parent-name": "New York Independent System Operator",
                "value": "1123",
                "value-units": "megawatthours"
            },
            {
                "period": "2022-01-22T05",
                "subba": "ZONF",
                "subba-name": "Capital - NYIS",
                "parent": "NYIS",
                "parent-name": "New York Independent System Operator",
                "value": "1580",
                "value-units": "megawatthours"
            },
            {
                "period": "2022-01-22T05",
                "subba": "ZONG",
                "subba-name": "Hudson Valley - NYIS",
                "parent": "NYIS",
                "parent-name": "New York Independent System Operator",
                "value": "1272",
                "value-units": "megawatthours"
            },
            {
                "period": "2022-01-22T05",
                "subba": "ZONH",
                "subba-name": "Millwood - NYIS",
                "parent": "NYIS",
                "parent-name": "New York Independent System Operator",
                "value": "420",
                "value-units": "megawatthours"
            },
            {
                "period": "2022-01-22T05",
                "subba": "ZONI",
                "subba-name": "Dunwoodie - NYIS",
                "parent": "NYIS",
                "parent-name": "New York Independent System Operator",
                "value": "688",
                "value-units": "megawatthours"
            },
            {
                "period": "2022-01-22T05",
                "subba": "ZONJ",
                "subba-name": "New York City - NYIS",
                "parent": "NYIS",
                "parent-name": "New York Independent System Operator",
                "value": "5846",
                "value-units": "megawatthours"
            },
            {
                "period": "2022-01-22T05",
                "subba": "ZONK",
                "subba-name": "Long Island - NYIS",
                "parent": "NYIS",
                "parent-name": "New York Independent System Operator",
                "value": "2389",
                "value-units": "megawatthours"
            },
            {
                "period": "2022-01-22T04",
                "subba": "ZONA",
                "subba-name": "West - NYIS",
                "parent": "NYIS",
                "parent-name": "New York Independent System Operator",
                "value": "1826",
                "value-units": "megawatthours"
            },
            {
                "period": "2022-01-22T04",
                "subba": "ZONB",
                "subba-name": "Genesee - NYIS",
                "parent": "NYIS",
                "parent-name": "New York Independent System Operator",
                "value": "1310",
                "value-units": "megawatthours"
            },
            {
                "period": "2022-01-22T04",
                "subba": "ZONC",
                "subba-name": "Central - NYIS",
                "parent": "NYIS",
                "parent-name": "New York Independent System Operator",
                "value": "2267",
                "value-units": "megawatthours"
            },
            {
                "period": "2022-01-22T04",
                "subba": "ZOND",
                "subba-name": "North - NYIS",
                "parent": "NYIS",
                "parent-name": "New York Independent System Operator",
                "value": "810",
                "value-units": "megawatthours"
            },
            {
                "period": "2022-01-22T04",
                "subba": "ZONE",
                "subba-name": "Mohawk Valley - NYIS",
                "parent": "NYIS",
                "parent-name": "New York Independent System Operator",
                "value": "1171",
                "value-units": "megawatthours"
            },
            {
                "period": "2022-01-22T04",
                "subba": "ZONF",
                "subba-name": "Capital - NYIS",
                "parent": "NYIS",
                "parent-name": "New York Independent System Operator",
                "value": "1643",
                "value-units": "megawatthours"
            },
            {
                "period": "2022-01-22T04",
                "subba": "ZONG",
                "subba-name": "Hudson Valley - NYIS",
                "parent": "NYIS",
                "parent-name": "New York Independent System Operator",
                "value": "1328",
                "value-units": "megawatthours"
            },
            {
                "period": "2022-01-22T04",
                "subba": "ZONH",
                "subba-name": "Millwood - NYIS",
                "parent": "NYIS",
                "parent-name": "New York Independent System Operator",
                "value": "447",
                "value-units": "megawatthours"
            },
            {
                "period": "2022-01-22T04",
                "subba": "ZONI",
                "subba-name": "Dunwoodie - NYIS",
                "parent": "NYIS",
                "parent-name": "New York Independent System Operator",
                "value": "732",
                "value-units": "megawatthours"
            },
            {
                "period": "2022-01-22T04",
                "subba": "ZONJ",
                "subba-name": "New York City - NYIS",
                "parent": "NYIS",
                "parent-name": "New York Independent System Operator",
                "value": "6140",
                "value-units": "megawatthours"
            },
            {
                "period": "2022-01-22T04",
                "subba": "ZONK",
                "subba-name": "Long Island - NYIS",
                "parent": "NYIS",
                "parent-name": "New York Independent System Operator",
                "value": "2535",
                "value-units": "megawatthours"
            },
            {
                "period": "2022-01-22T03",
                "subba": "ZONA",
                "subba-name": "West - NYIS",
                "parent": "NYIS",
                "parent-name": "New York Independent System Operator",
                "value": "1892",
                "value-units": "megawatthours"
            },
            {
                "period": "2022-01-22T03",
                "subba": "ZONB",
                "subba-name": "Genesee - NYIS",
                "parent": "NYIS",
                "parent-name": "New York Independent System Operator",
                "value": "1376",
                "value-units": "megawatthours"
            },
            {
                "period": "2022-01-22T03",
                "subba": "ZONC",
                "subba-name": "Central - NYIS",
                "parent": "NYIS",
                "parent-name": "New York Independent System Operator",
                "value": "2343",
                "value-units": "megawatthours"
            },
            {
                "period": "2022-01-22T03",
                "subba": "ZOND",
                "subba-name": "North - NYIS",
                "parent": "NYIS",
                "parent-name": "New York Independent System Operator",
                "value": "821",
                "value-units": "megawatthours"
            },
            {
                "period": "2022-01-22T03",
                "subba": "ZONE",
                "subba-name": "Mohawk Valley - NYIS",
                "parent": "NYIS",
                "parent-name": "New York Independent System Operator",
                "value": "1211",
                "value-units": "megawatthours"
            },
            {
                "period": "2022-01-22T03",
                "subba": "ZONF",
                "subba-name": "Capital - NYIS",
                "parent": "NYIS",
                "parent-name": "New York Independent System Operator",
                "value": "1712",
                "value-units": "megawatthours"
            },
            {
                "period": "2022-01-22T03",
                "subba": "ZONG",
                "subba-name": "Hudson Valley - NYIS",
                "parent": "NYIS",
                "parent-name": "New York Independent System Operator",
                "value": "1383",
                "value-units": "megawatthours"
            },
            {
                "period": "2022-01-22T03",
                "subba": "ZONH",
                "subba-name": "Millwood - NYIS",
                "parent": "NYIS",
                "parent-name": "New York Independent System Operator",
                "value": "474",
                "value-units": "megawatthours"
            },
            {
                "period": "2022-01-22T03",
                "subba": "ZONI",
                "subba-name": "Dunwoodie - NYIS",
                "parent": "NYIS",
                "parent-name": "New York Independent System Operator",
                "value": "779",
                "value-units": "megawatthours"
            },
            {
                "period": "2022-01-22T03",
                "subba": "ZONJ",
                "subba-name": "New York City - NYIS",
                "parent": "NYIS",
                "parent-name": "New York Independent System Operator",
                "value": "6389",
                "value-units": "megawatthours"
            },
            {
                "period": "2022-01-22T03",
                "subba": "ZONK",
                "subba-name": "Long Island - NYIS",
                "parent": "NYIS",
                "parent-name": "New York Independent System Operator",
                "value": "2685",
                "value-units": "megawatthours"
            },
            {
                "period": "2022-01-22T02",
                "subba": "ZONA",
                "subba-name": "West - NYIS",
                "parent": "NYIS",
                "parent-name": "New York Independent System Operator",
                "value": "1939",
                "value-units": "megawatthours"
            },
            {
                "period": "2022-01-22T02",
                "subba": "ZONB",
                "subba-name": "Genesee - NYIS",
                "parent": "NYIS",
                "parent-name": "New York Independent System Operator",
                "value": "1418",
                "value-units": "megawatthours"
            },
            {
                "period": "2022-01-22T02",
                "subba": "ZONC",
                "subba-name": "Central - NYIS",
                "parent": "NYIS",
                "parent-name": "New York Independent System Operator",
                "value": "2415",
                "value-units": "megawatthours"
            },
            {
                "period": "2022-01-22T02",
                "subba": "ZOND",
                "subba-name": "North - NYIS",
                "parent": "NYIS",
                "parent-name": "New York Independent System Operator",
                "value": "818",
                "value-units": "megawatthours"
            },
            {
                "period": "2022-01-22T02",
                "subba": "ZONE",
                "subba-name": "Mohawk Valley - NYIS",
                "parent": "NYIS",
                "parent-name": "New York Independent System Operator",
                "value": "1234",
                "value-units": "megawatthours"
            },
            {
                "period": "2022-01-22T02",
                "subba": "ZONF",
                "subba-name": "Capital - NYIS",
                "parent": "NYIS",
                "parent-name": "New York Independent System Operator",
                "value": "1763",
                "value-units": "megawatthours"
            },
            {
                "period": "2022-01-22T02",
                "subba": "ZONG",
                "subba-name": "Hudson Valley - NYIS",
                "parent": "NYIS",
                "parent-name": "New York Independent System Operator",
                "value": "1431",
                "value-units": "megawatthours"
            },
            {
                "period": "2022-01-22T02",
                "subba": "ZONH",
                "subba-name": "Millwood - NYIS",
                "parent": "NYIS",
                "parent-name": "New York Independent System Operator",
                "value": "494",
                "value-units": "megawatthours"
            },
            {
                "period": "2022-01-22T02",
                "subba": "ZONI",
                "subba-name": "Dunwoodie - NYIS",
                "parent": "NYIS",
                "parent-name": "New York Independent System Operator",
                "value": "806",
                "value-units": "megawatthours"
            },
            {
                "period": "2022-01-22T02",
                "subba": "ZONJ",
                "subba-name": "New York City - NYIS",
                "parent": "NYIS",
                "parent-name": "New York Independent System Operator",
                "value": "6597",
                "value-units": "megawatthours"
            },
            {
                "period": "2022-01-22T02",
                "subba": "ZONK",
                "subba-name": "Long Island - NYIS",
                "parent": "NYIS",
                "parent-name": "New York Independent System Operator",
                "value": "2809",
                "value-units": "megawatthours"
            },
            {
                "period": "2022-01-22T01",
                "subba": "ZONA",
                "subba-name": "West - NYIS",
                "parent": "NYIS",
                "parent-name": "New York Independent System Operator",
                "value": "1963",
                "value-units": "megawatthours"
            },
            {
                "period": "2022-01-22T01",
                "subba": "ZONB",
                "subba-name": "Genesee - NYIS",
                "parent": "NYIS",
                "parent-name": "New York Independent System Operator",
                "value": "1445",
                "value-units": "megawatthours"
            },
            {
                "period": "2022-01-22T01",
                "subba": "ZONC",
                "subba-name": "Central - NYIS",
                "parent": "NYIS",
                "parent-name": "New York Independent System Operator",
                "value": "2444",
                "value-units": "megawatthours"
            },
            {
                "period": "2022-01-22T01",
                "subba": "ZOND",
                "subba-name": "North - NYIS",
                "parent": "NYIS",
                "parent-name": "New York Independent System Operator",
                "value": "823",
                "value-units": "megawatthours"
            },
            {
                "period": "2022-01-22T01",
                "subba": "ZONE",
                "subba-name": "Mohawk Valley - NYIS",
                "parent": "NYIS",
                "parent-name": "New York Independent System Operator",
                "value": "1257",
                "value-units": "megawatthours"
            },
            {
                "period": "2022-01-22T01",
                "subba": "ZONF",
                "subba-name": "Capital - NYIS",
                "parent": "NYIS",
                "parent-name": "New York Independent System Operator",
                "value": "1805",
                "value-units": "megawatthours"
            },
            {
                "period": "2022-01-22T01",
                "subba": "ZONG",
                "subba-name": "Hudson Valley - NYIS",
                "parent": "NYIS",
                "parent-name": "New York Independent System Operator",
                "value": "1466",
                "value-units": "megawatthours"
            },
            {
                "period": "2022-01-22T01",
                "subba": "ZONH",
                "subba-name": "Millwood - NYIS",
                "parent": "NYIS",
                "parent-name": "New York Independent System Operator",
                "value": "505",
                "value-units": "megawatthours"
            },
            {
                "period": "2022-01-22T01",
                "subba": "ZONI",
                "subba-name": "Dunwoodie - NYIS",
                "parent": "NYIS",
                "parent-name": "New York Independent System Operator",
                "value": "828",
                "value-units": "megawatthours"
            },
            {
                "period": "2022-01-22T01",
                "subba": "ZONJ",
                "subba-name": "New York City - NYIS",
                "parent": "NYIS",
                "parent-name": "New York Independent System Operator",
                "value": "6794",
                "value-units": "megawatthours"
            },
            {
                "period": "2022-01-22T01",
                "subba": "ZONK",
                "subba-name": "Long Island - NYIS",
                "parent": "NYIS",
                "parent-name": "New York Independent System Operator",
                "value": "2904",
                "value-units": "megawatthours"
            },
            {
                "period": "2022-01-22T00",
                "subba": "ZONA",
                "subba-name": "West - NYIS",
                "parent": "NYIS",
                "parent-name": "New York Independent System Operator",
                "value": "1974",
                "value-units": "megawatthours"
            },
            {
                "period": "2022-01-22T00",
                "subba": "ZONB",
                "subba-name": "Genesee - NYIS",
                "parent": "NYIS",
                "parent-name": "New York Independent System Operator",
                "value": "1467",
                "value-units": "megawatthours"
            },
            {
                "period": "2022-01-22T00",
                "subba": "ZONC",
                "subba-name": "Central - NYIS",
                "parent": "NYIS",
                "parent-name": "New York Independent System Operator",
                "value": "2457",
                "value-units": "megawatthours"
            },
            {
                "period": "2022-01-22T00",
                "subba": "ZOND",
                "subba-name": "North - NYIS",
                "parent": "NYIS",
                "parent-name": "New York Independent System Operator",
                "value": "827",
                "value-units": "megawatthours"
            },
            {
                "period": "2022-01-22T00",
                "subba": "ZONE",
                "subba-name": "Mohawk Valley - NYIS",
                "parent": "NYIS",
                "parent-name": "New York Independent System Operator",
                "value": "1261",
                "value-units": "megawatthours"
            },
            {
                "period": "2022-01-22T00",
                "subba": "ZONF",
                "subba-name": "Capital - NYIS",
                "parent": "NYIS",
                "parent-name": "New York Independent System Operator",
                "value": "1841",
                "value-units": "megawatthours"
            },
            {
                "period": "2022-01-22T00",
                "subba": "ZONG",
                "subba-name": "Hudson Valley - NYIS",
                "parent": "NYIS",
                "parent-name": "New York Independent System Operator",
                "value": "1490",
                "value-units": "megawatthours"
            },
            {
                "period": "2022-01-22T00",
                "subba": "ZONH",
                "subba-name": "Millwood - NYIS",
                "parent": "NYIS",
                "parent-name": "New York Independent System Operator",
                "value": "513",
                "value-units": "megawatthours"
            },
            {
                "period": "2022-01-22T00",
                "subba": "ZONI",
                "subba-name": "Dunwoodie - NYIS",
                "parent": "NYIS",
                "parent-name": "New York Independent System Operator",
                "value": "845",
                "value-units": "megawatthours"
            },
            {
                "period": "2022-01-22T00",
                "subba": "ZONJ",
                "subba-name": "New York City - NYIS",
                "parent": "NYIS",
                "parent-name": "New York Independent System Operator",
                "value": "6960",
                "value-units": "megawatthours"
            },
            {
                "period": "2022-01-22T00",
                "subba": "ZONK",
                "subba-name": "Long Island - NYIS",
                "parent": "NYIS",
                "parent-name": "New York Independent System Operator",
                "value": "2970",
                "value-units": "megawatthours"
            }
        ],
        "description": "Hourly demand by balancing authority subregion.  \n    Source: Form EIA-930\n    Product: Hourly Electric Grid Monitor"
    },
    "request": {
        "command": "/v2/electricity/rto/region-sub-ba-data/data/",
        "params": {
            "frequency": "hourly",
            "data": [
                "value"
            ],
            "sort": [
                {
                    "column": "period",
                    "direction": "desc"
                }
            ],
            "facets": {
                "parent": [
                    "NYIS"
                ]
            },
            "offset": "0",
            "length": "5000",
            "start": "2022-01-22",
            "end": "2022-01-23",
            "api_key": "dqRq8VpXSoyUrCbrPhuYFxGl6Rul9kmVcRshZ98c"
        }
    },
    "apiVersion": "2.1.8",
    "ExcelAddInVersion": "2.1.0"
}